2.947407486737217419e-01 -2.757905471117911289e-01 3.852932793981494797e+00 2.931488614989970487e-01 -4.808265495452240801e-02
3.102154600351060831e-01 -7.983491673001999467e-02 3.633373567027165851e+00 2.325804924552194175e-01 -5.337538551908452278e-02
2.967492430824937855e-01 -2.208858565646862060e-01 3.762588016131241275e+00 2.195504955460950147e-01 -5.074603718723693854e-03
2.824108778917847618e-01 -2.244331800468903348e-01 3.779577694496033313e+00 2.479747780354950859e-01 -1.841193009626447552e-02
3.064996651314960685e-01 -1.371136840413714753e-01 3.688098712335194040e+00 3.244374673273329734e-01 -3.014143647893373010e-03
3.184648914815507714e-01 -1.436872170841242968e-01 3.704424906355746394e+00 2.874714204148318686e-01 4.633893563267522941e-03
2.954282939301520750e-01 -3.826931190349139866e-01 3.846138475162333759e+00 2.266877527298892248e-01 6.489222981169374266e-03
2.927753817154617466e-01 -3.166880565903633094e-01 3.800291012865291140e+00 2.461180676521770860e-01 2.595128007730636288e-02
3.051093985888533311e-01 -4.268160164452842742e-01 3.940324696303503238e+00 2.872529088060682412e-01 -4.141266520262295442e-02
3.034275539578278891e-01 -2.284008120082596516e-01 3.779813620949818986e+00 3.036940873445898026e-01 -3.527771030565181321e-02
2.813424014997865652e-01 -2.669562083582814327e-01 3.777438380331934020e+00 2.162031413684914471e-01 -4.225196795038943173e-03
3.522914251124065199e-01 2.386119388961871479e-02 3.552021315335556206e+00 3.292468276686869588e-01 -1.104621397284361040e-01
3.139458995264929331e-01 -1.678824617615039538e-01 3.704644836404150432e+00 3.959294099152562141e-01 -2.967057857522280295e-02
3.131716335920406991e-01 -3.184789557750267175e-01 3.872917170686480670e+00 2.840015206879681342e-01 -2.509659616219772627e-02
2.785140829724415124e-01 -3.333264786418923542e-01 3.847605672411748223e+00 2.557458137131253251e-01 -2.706473003506612227e-02
2.823639245138166443e-01 -3.888927448107428742e-01 3.872977369758192179e+00 1.714431989506325638e-01 3.011108120993019610e-03
3.097178851372310304e-01 -1.994018120809831207e-01 3.722097735016681508e+00 2.351888950651929433e-01 -1.142459162872569954e-02
2.972142411368772219e-01 -7.165006406006083073e-02 3.676223625365361070e+00 3.459568363925186740e-01 -4.695725095929948606e-02
3.008516636550516155e-01 -4.035351789968273373e-01 3.914945256803226137e+00 2.766679757758438440e-01 -2.895201919412855249e-02
3.175530212270439856e-01 -8.131495166520995299e-02 3.673907953300752816e+00 3.234243848017409606e-01 -6.255198567645228747e-02
3.023604730556797016e-01 -2.597145925781464970e-01 3.766561058117736227e+00 2.065396949921063374e-01 -2.235312202473627857e-03
2.810234710042819883e-01 -3.626754209637123028e-01 3.845964144441333943e+00 2.147134968751258643e-01 3.285144033710209188e-02
3.152514133479664138e-01 -2.217820102336720278e-01 3.777367687003398089e+00 3.416726357900928823e-01 -5.851725799259958893e-02
3.253669771356176854e-01 -1.258919162377156453e-01 3.717726315681199267e+00 3.373818154551348480e-01 -4.195362031833965027e-02
3.200983312043589324e-01 -2.178013989993223820e-01 3.738984121751143697e+00 2.443077963196809421e-01 2.301042195686403558e-02
3.008800768239187629e-01 -3.303040628092186459e-01 3.828656910997223495e+00 2.455924295649758726e-01 -5.168042852895897432e-03
3.037645518297085734e-01 -3.405769464375818512e-01 3.867993347285315853e+00 2.477322523540003152e-01 -7.474319419645367168e-03
3.020522410163034577e-01 -2.397831718989070493e-01 3.776447833351277428e+00 2.595834960620296283e-01 -2.270461007826390584e-02
2.985308580357896036e-01 -3.035658336325666729e-01 3.815652071346989693e+00 2.501335437966410447e-01 4.943893569399321515e-03
3.430031495268365260e-01 1.294490651625924971e-01 3.423822999225650143e+00 4.351687570180272635e-01 -5.198983469813002467e-02
2.913483130928201659e-01 -3.451503777482107793e-01 3.911931662419249722e+00 2.637961421890878122e-01 1.593585604425571192e-02
3.432483684775106680e-01 -2.241418281207874230e-02 3.622666261625867801e+00 4.087046960665668416e-01 -6.086710368361376855e-02
3.055430904423998562e-01 -2.341321682924395742e-01 3.745573727776067674e+00 3.077238537062192414e-01 -2.594192928153267463e-02
3.090308524193312034e-01 -1.150448982422624805e-01 3.652590186529158789e+00 3.629103594424388790e-01 -1.065974193793674252e-02
3.500083329332256410e-01 3.471142798801937768e-02 3.565394680706027497e+00 3.518354045274955655e-01 -6.753165682148495885e-02
2.843157200908801308e-01 -3.350451527572532728e-01 3.814196258338792944e+00 2.305978053203381617e-01 -5.311168088965754694e-03
2.932249143835677918e-01 -4.061259381929621659e-01 3.896915444639694304e+00 2.679502680000626080e-01 3.891646658986357143e-02
2.700877243211421419e-01 -3.501090714339482046e-01 3.834437715715975692e+00 1.974065927498254158e-01 3.653879740850189684e-02
3.206973270913242580e-01 -1.871300246222007968e-01 3.784488514262120074e+00 2.562672364436496819e-01 -1.868131812528853533e-02
3.061823913434485456e-01 -1.699707277625594759e-01 3.728125882202725005e+00 4.214554006958413646e-01 -4.650448382561939153e-02
3.137218866304816722e-01 -2.133647464536752303e-01 3.728474615928305091e+00 3.091921530015862563e-01 -4.012394390540848649e-03
3.165503624517461145e-01 -1.933409942773478829e-01 3.780644393639536638e+00 3.096174096798109954e-01 -3.288536818451522070e-02
3.314337645920080733e-01 -1.663645880575354008e-01 3.785466490820008190e+00 3.760906777435755188e-01 -2.676830116392096143e-02
2.911741072106116546e-01 -3.108907894585450915e-01 3.845181937507416325e+00 2.140901652374564701e-01 -2.178488402381377129e-02
3.142239437109259903e-01 -4.790770399157077974e-02 3.648375037687840994e+00 3.504574646033281060e-01 -2.949957119590554053e-02
3.014353895315814991e-01 -9.077265260189433527e-02 3.588474300116100579e+00 3.054274347141164303e-01 -2.628851230524305305e-02
3.027996587795688255e-01 -2.172283757620528943e-01 3.742951500229231954e+00 2.982167296585114258e-01 -6.005036948430638594e-02
3.259692496263364436e-01 -2.064729968414023842e-01 3.789314235943709086e+00 3.330340808981139822e-01 -3.375321912734409457e-03
2.691378434718294521e-01 -4.328968576718924544e-01 3.936107509149222139e+00 2.307860925999294655e-01 1.354607799309611588e-02
2.612361893590434136e-01 -4.251707309866622486e-01 3.878801478551279214e+00 1.463187505045043246e-01 6.258503730917905350e-02
3.268034990870262724e-01 -3.329547811124220630e-02 3.677437766210182701e+00 3.724176777884531941e-01 -5.532224999914466673e-02
3.031665797107604421e-01 -2.556091340538240164e-01 3.777461987835248891e+00 3.327064382078094296e-01 -1.516813353240193535e-02
2.961206521265621339e-01 -1.918353224969602810e-01 3.708859769232325299e+00 3.139027781706548725e-01 1.240538356615639159e-02
2.898787905348582661e-01 -1.156955413691743983e-01 3.705720471079651190e+00 3.244619415291778441e-01 -5.443627386335869039e-02
2.858796737616552397e-01 -2.033099963544968136e-01 3.704309708399144085e+00 3.219487036746230824e-01 3.060843458383337087e-03
2.997578259067532058e-01 -2.416695201864175746e-01 3.805817570923691218e+00 2.893149404273010483e-01 -4.245110966060430119e-02
3.102851881185443306e-01 -2.673173892899964321e-01 3.757013388555548339e+00 2.905734684560876135e-01 1.612678771210675210e-02
3.069764312456724764e-01 -1.563164212139507292e-01 3.690998600134188568e+00 3.181921025287436922e-01 -2.432144121590773880e-02
3.309431302720713952e-01 -1.011344865914287350e-01 3.717627256022562943e+00 3.399599972796725211e-01 -7.833240970951486914e-02
2.790472771314801981e-01 -2.863550285539624429e-01 3.785779780435094999e+00 3.054868899503502822e-01 -9.698911179438184094e-04
2.994733657656707959e-01 -3.711084294810581552e-01 3.853737195782868774e+00 2.475215321416757708e-01 1.479410360488895085e-02
3.052352082761544683e-01 -2.126833514103121103e-01 3.767520041735655578e+00 2.797369466481631761e-01 -1.623613948056969875e-02
3.235511404544612057e-01 -1.143639510673472859e-01 3.761434490027240951e+00 3.220719848243812633e-01 1.355014313484057681e-02
2.915816058019107260e-01 -2.779360309090861958e-01 3.837680367658068192e+00 2.701997476040463031e-01 -4.630073575883648929e-02
3.054221978182938280e-01 -3.078005198271687171e-01 3.811392821370817252e+00 2.765839391854483797e-01 1.345773513843060050e-02
3.297614734954182891e-01 -2.109451228486608210e-01 3.776959890444349544e+00 2.707382990281858581e-01 -5.332830578178635039e-02
2.906568294374181072e-01 -3.010782675796737085e-01 3.811063660735359626e+00 2.628327756417645489e-01 2.553864810282192171e-02
3.092360539000253983e-01 -1.500653033595744090e-01 3.695288136070490115e+00 3.360456589876090194e-01 -2.462307954148135886e-02
3.425988187870672164e-01 -2.386933842556792085e-01 3.800031683021926288e+00 3.507007664915887113e-01 -3.134486591785370230e-02
2.892029280679781489e-01 -2.800536670940579342e-01 3.759471552299431529e+00 2.106575103299021534e-01 8.904874347471877782e-03
3.239411305583877465e-01 -1.651117778388991597e-01 3.710602143247690332e+00 3.168140355993745438e-01 -3.653825612607258799e-02
3.003313931777332191e-01 -1.129800920724891161e-01 3.630977029984633564e+00 3.375391148726398782e-01 -3.983809756406869046e-02
3.091192359012203128e-01 -2.162093425666222757e-01 3.761184069184723811e+00 3.364758641820440044e-01 -1.603101742801867069e-02
3.292509438239955011e-01 -2.127644514267542503e-02 3.646415682396741964e+00 3.278461058081981738e-01 -6.809837850741676246e-02
3.382147308051041135e-01 -1.538031895155500539e-04 3.573853295491721482e+00 3.813722129698141616e-01 -3.306662014294661778e-02
3.181002377233926315e-01 -2.546086625219687316e-01 3.775471956292346665e+00 3.050755107106032926e-01 -1.706474063133040300e-02
3.253353840888974502e-01 -1.262799052904088337e-01 3.664106038970387669e+00 3.001039718014127389e-01 -2.966403060568541250e-02
2.991582060953366651e-01 -2.727444572971107761e-01 3.825790713548769428e+00 3.104563767416997355e-01 6.748596016990533047e-04
3.159847859770495981e-01 4.408920274531533123e-03 3.592773408978521488e+00 3.371349337284177405e-01 -4.574379285365851033e-02
3.111512303733854901e-01 -7.352264691843787836e-02 3.723310854833527639e+00 3.523910839175682375e-01 1.101321569975776717e-02
3.103328020615295779e-01 -2.486596756528464125e-01 3.796605305814432008e+00 2.600525196254792060e-01 -2.926219316585783325e-02
3.347596095267471039e-01 -1.377224034555456778e-01 3.744349063015178114e+00 3.677737078237809931e-01 -8.473617253412929484e-02
2.751524900348306102e-01 -3.950412081753683635e-01 3.932564772833870848e+00 2.108882623048509708e-01 6.275842922137184199e-02
2.993910454229751217e-01 -2.766911913287424252e-01 3.837570513530408789e+00 2.892636816749233342e-01 -2.492083680178641680e-02
2.984567831433427854e-01 -4.061936684294735755e-01 3.913493424725035918e+00 2.948866602682961302e-01 3.224683557179579274e-03
3.164478386934151954e-01 -1.986412185168872080e-01 3.732348774078805054e+00 2.264078849330105891e-01 1.031076097798401189e-02
2.927169822490670037e-01 -3.050786136970369822e-01 3.749287872471456673e+00 3.159654582752767782e-01 -6.173415812794506852e-03
3.058698704863030415e-01 -2.173846061882563629e-01 3.767308743685739536e+00 2.404611027330633144e-01 -2.237255351409974530e-03
2.860964823322810213e-01 -2.263866979660373313e-01 3.746444605586923160e+00 2.544995754591925508e-01 -3.914522264894537001e-03
3.063342628761931419e-01 -9.726984696224225124e-02 3.711980888949003354e+00 2.812081550237259253e-01 -2.255646564864425066e-02
2.984940691457544371e-01 -1.305726864431960288e-01 3.713273340276200596e+00 2.762548049976531472e-01 -2.892168369934462052e-03
3.161313786702688589e-01 -2.186037393134119544e-01 3.749394870337939611e+00 3.188222656956864465e-01 -2.158582735803861452e-02
3.333191891821332686e-01 1.325554088168066219e-02 3.603813990314187254e+00 3.059617503524397764e-01 -7.624703051801708098e-02
3.007764824473410648e-01 -1.975198594600438839e-01 3.722440660446190375e+00 2.588322771079879514e-01 -1.484329013052933244e-02
3.130988835006523474e-01 -1.763905391744257367e-01 3.724924805882531498e+00 3.486695182086198552e-01 -8.318014414017256553e-03
2.982014337489500844e-01 -2.176397804156759430e-01 3.729616068908404358e+00 2.400518818450989023e-01 -2.663151081740123410e-02
3.185634309330813707e-01 -9.457419179230834583e-02 3.623816944407835638e+00 3.391232991933884611e-01 -4.452797327303142233e-02
3.308282205684290322e-01 -6.857862417427282309e-02 3.671699827153026785e+00 3.582143050440640408e-01 -5.676909020127074434e-02
3.509058845796761972e-01 -1.684838519171995008e-01 3.677819242044448433e+00 2.868485716120297568e-01 -3.711180259387651670e-02
3.378813327521393850e-01 -1.373800170373838947e-01 3.739189684493930521e+00 3.709388948917973772e-01 -6.497747222539380918e-02
3.022879834687993150e-01 -2.947498646470103623e-01 3.800925995076275044e+00 2.005279915666886570e-01 2.498946954479228100e-02
3.052476822500265197e-01 -3.116398111923384118e-01 3.816653774317215309e+00 2.843091168478201203e-01 7.752146835935377900e-03
3.079818838057940544e-01 -1.065893158446363509e-01 3.665511447820675173e+00 2.971274767752252188e-01 -7.012207147786234107e-02
2.980783249526287593e-01 -4.193513297570602427e-01 3.904820505039102496e+00 2.737011958826406910e-01 -2.765539936503165833e-02
3.423098710901735231e-01 -3.571065477544464739e-02 3.642179589203742740e+00 3.901958519643403678e-01 -7.278609399448586481e-02
3.295815451955418363e-01 -1.139351008394207387e-01 3.737607268152383089e+00 3.861147900005679201e-01 -4.866652091886052023e-02
3.028221934300467932e-01 -2.686562768827191472e-01 3.764069016018166902e+00 2.532880989193712629e-01 1.685453144097803085e-03
3.076373939604544749e-01 -2.854108992549898027e-01 3.806903555443328813e+00 2.677564713056323487e-01 3.509822484563158984e-02
2.970844879041953379e-01 -1.818985058894761198e-01 3.674461279228096178e+00 3.199260911366700877e-01 -2.492082576885675665e-02
3.034229432980775076e-01 -9.403143113847128864e-03 3.568952711819521451e+00 3.099074770207709273e-01 -1.540156480094465041e-02
3.054600761666654285e-01 -2.291100074867105651e-01 3.761016862708181030e+00 3.087242685514021145e-01 7.865001023282159123e-03
3.237091601058954549e-01 -1.108101599379636426e-02 3.602345033116377770e+00 3.374596192195236655e-01 -3.189517940624490844e-02
3.353268625736948172e-01 4.126691255224300414e-02 3.583904125913085714e+00 4.056785692312784297e-01 -7.295981066102037726e-02
3.046635850682359314e-01 -1.776922722748857097e-01 3.725747675298680672e+00 2.854170904845338974e-01 -7.470243099558536437e-03
2.893828167559119868e-01 -3.947546422952935563e-01 3.869909706612407074e+00 1.986899307715064289e-01 2.254030057317867042e-02
3.213004716329013744e-01 -1.363921203790907088e-01 3.718703752443228261e+00 4.074294484952852846e-01 -7.934512443244362556e-02
3.171193213266790267e-01 -2.983308609466223116e-02 3.574874266255569033e+00 3.537857607424554907e-01 -3.804957754097956779e-02
3.182398345248241833e-01 -7.578734805273942832e-02 3.689570059232078147e+00 3.867808696317198147e-01 -3.241172713252654658e-02
2.848064125968794991e-01 -2.546023376850471420e-01 3.814751409660783299e+00 3.084151139434140321e-01 -3.621624519937752251e-02
2.923224866227303598e-01 -4.412751679597696208e-01 3.972106793917766332e+00 2.335721035491510889e-01 3.180363110553344891e-02
3.342782715733115251e-01 -3.020358257816353476e-01 3.862811141694539430e+00 3.033826575659704372e-01 -4.503217711604638740e-02
2.873478215573457284e-01 -3.485089199397115589e-01 3.848585351352292072e+00 2.185913019631272602e-01 5.109393969466290153e-02
3.305149982910486894e-01 1.226585905345451283e-01 3.475063358048164019e+00 3.872758693218234516e-01 -6.914256464251627987e-02
3.185539150270761399e-01 -2.583772020710504713e-01 3.807942946449769384e+00 2.728323983574443834e-01 1.201924102563114299e-03
2.732805515125455442e-01 -4.439497384315628237e-01 3.923171392855885120e+00 1.898147982715121529e-01 3.337569457355405583e-02
3.010649793563064391e-01 -3.455133934042143862e-01 3.895046266573546134e+00 3.196870454519187277e-01 -2.861728851632174692e-02
2.826503762128846353e-01 -1.299420739160997984e-01 3.657508486193782105e+00 3.478657093369367237e-01 -5.725918105331746777e-03
3.100282469993059231e-01 -1.748172292274725592e-01 3.715185702687092029e+00 2.654396923480549786e-01 -5.287705988542094893e-02
3.724020765108922992e-01 1.065403437243425122e-01 3.507205564712630341e+00 4.774153717427516153e-01 -8.284486331399779080e-02
3.073326174518768439e-01 -2.855373242798825428e-01 3.902289062495996497e+00 3.273459513641859830e-01 -1.029380831253656585e-02
3.146624918176444963e-01 -1.980296954593630254e-01 3.735262947284180512e+00 2.582215520985348678e-01 -2.736945348055847688e-02
2.946542424724849507e-01 -4.533395156599398512e-01 3.968196540137418626e+00 1.595437913470816038e-01 3.247209452705123595e-02
3.155200747848817544e-01 -1.502847499384185881e-01 3.709512284010740846e+00 3.236433223248340041e-01 -3.855853655730662882e-02
3.252105074591242206e-01 -2.166180921953480276e-01 3.812405017154228304e+00 3.257172174978193446e-01 -4.840286594845946699e-02
3.152441959748640277e-01 -1.836889306978868319e-01 3.792003567472272518e+00 3.073128605949114744e-01 -3.522750545693768831e-02
2.807675098298508809e-01 -2.899471100797042511e-01 3.752540913891730057e+00 2.697449138848103667e-01 2.675217426922362612e-02
3.342142129362112302e-01 -1.200764382144841047e-01 3.636137741052412053e+00 3.228176603599221539e-01 -6.656526250138192213e-02
3.069147486772428324e-01 -2.052842551517563563e-01 3.764616357956354964e+00 2.472272535233639434e-01 -4.166606402424508082e-02
3.561187719234281679e-01 4.070061085473294926e-02 3.573214330682931816e+00 4.282393500937336506e-01 -6.689138447501649654e-02
3.066012873976141639e-01 -2.348135877378339509e-01 3.775799239261916629e+00 2.572372477088155640e-01 2.039345019707101969e-03
3.016515985170542535e-01 -2.096365558193250267e-01 3.781378540715005787e+00 2.992113957248290768e-01 -2.594138724374153021e-02
3.080092316261927587e-01 -2.405749361379552476e-01 3.785077391244197287e+00 2.615841373241694079e-01 6.429316852794344714e-03
2.804773970058423993e-01 -2.875072646445995250e-01 3.850833992534144823e+00 2.067890271984590134e-01 -6.361147447005804922e-03
3.363366438997111296e-01 -7.127521430126430857e-02 3.585359739273034307e+00 3.781449795606812159e-01 -2.336668142826852507e-02
2.986012554293821508e-01 -2.166302729721595322e-01 3.744141911066328543e+00 3.002137737188285138e-01 -7.118903031817598245e-03
3.155348320882934154e-01 -2.651432761200121502e-01 3.841336584190494285e+00 3.110699830255643228e-01 -2.637205822857944040e-02
3.003990280078558950e-01 -2.149959021282994431e-01 3.772151013575193890e+00 2.676540015195515432e-01 -3.716996026411721610e-02
3.244961988240656070e-01 -1.980474849149541083e-01 3.770199496617816504e+00 3.275581985047764100e-01 -2.048712707861184701e-02
2.804693186756949119e-01 -5.079683170893516397e-01 3.981027995071989345e+00 2.103095927749115968e-01 3.798175822035296939e-02
2.908840032083801486e-01 -4.488647485325452657e-01 3.925079418310257751e+00 1.879491699163678975e-01 4.288712182708068893e-02
2.991942326966565147e-01 -2.782113445142836983e-01 3.798382225249882893e+00 2.050764395068319645e-01 -1.706297622677897807e-02
3.072376530362782576e-01 -2.753765736283138588e-01 3.754933492159000519e+00 2.009632575575263091e-01 1.924134126945458573e-02
3.108499332348010347e-01 -1.644270153134263501e-01 3.773939004117481844e+00 2.730573850048704787e-01 -5.345210888382718323e-02
3.207415384881602272e-01 -1.816822254304267803e-01 3.780139623694001472e+00 3.068952210816065507e-01 -2.678926389238913547e-02
3.076296483323919251e-01 -1.700555364409398473e-01 3.692575702060918896e+00 3.361114235809393169e-01 -3.540742792623169377e-02
2.985430937967692433e-01 -1.992675277222948071e-01 3.745811272218292132e+00 2.752676590498618348e-01 -5.579357013063931947e-03
3.040474756499483289e-01 -3.199166094136499106e-02 3.582253709746050507e+00 2.424093815045225142e-01 -4.093943892547956959e-02
3.295236795259514628e-01 -1.424749326099901958e-01 3.707649965383434054e+00 3.214631709304319185e-01 -6.171735022520004332e-02
2.978560277794898292e-01 -3.300212896747888869e-01 3.852651464369414747e+00 3.108266145135690217e-01 8.678398121419439969e-04
2.774937580415988703e-01 -2.698025298291141238e-01 3.750068641472810604e+00 2.545758349539754550e-01 -8.508038271519281770e-03
3.080310226541207452e-01 -1.595623529385011008e-01 3.692734435077162480e+00 3.498999102912597192e-01 -3.246876523974762119e-02
2.920812752296447212e-01 -2.116094185094620772e-01 3.726556291279762068e+00 2.245651460937689303e-01 1.972713035885735600e-02
2.914119937496322255e-01 -3.085842583100038561e-01 3.819667518025113839e+00 2.364380984194270618e-01 -1.106787081702199221e-02
3.017914554781806480e-01 -3.847363140841949525e-01 3.899321116295483058e+00 1.356789746855862067e-01 2.514802490056322962e-02
2.929368808910604582e-01 -3.054484300245548511e-01 3.820937192030620988e+00 2.630693516720117864e-01 -1.812990991500495336e-02
3.102480200847118619e-01 -1.357060841192272993e-01 3.669679584375565184e+00 3.116705616639702803e-01 -4.157180252092271266e-02
2.952373974868042761e-01 -3.694369931257909245e-01 3.870539560504147492e+00 2.342983180616471928e-01 -1.151046609515968266e-04
2.966594734603804628e-01 -4.051822099462319970e-01 3.956032698475873133e+00 2.681393996751638142e-01 -2.166688641475639221e-02
2.823221071574458785e-01 -3.318509639787857735e-01 3.795618793408793046e+00 2.829454160771452953e-01 3.565575012832662011e-02
3.071758528286173684e-01 -4.551646753327928674e-02 3.648202412682335360e+00 3.730078743638652883e-01 -2.189350527027977486e-02
2.886120138991866702e-01 -3.102973303059955446e-01 3.824132604662680457e+00 2.476680311394346412e-01 2.756000151804136392e-02
3.245369196286882474e-01 -4.826360202727203452e-02 3.646827840513568120e+00 3.568433239831696469e-01 -6.362394533491419479e-02
2.903564327985661553e-01 -3.641117949742267990e-01 3.855048798527819010e+00 1.843216307673913867e-01 -6.881611683847453642e-03
3.100708861268196559e-01 -1.233201866320307039e-01 3.698431801537775065e+00 3.686742134195808429e-01 -1.296635211614661359e-02
3.417138539726661817e-01 -1.923339264598007414e-01 3.745078111217018169e+00 3.954563311542549919e-01 -8.024962419252304469e-02
3.145407511513675369e-01 -1.767997820678881560e-01 3.761173495526749289e+00 3.359672242254920227e-01 -1.768126248912049725e-02
3.041567430548382522e-01 -1.805381512788238885e-01 3.700916180545704037e+00 3.018891343079757594e-01 -4.237385687140103260e-03
3.227707192780435164e-01 -7.136348355979642288e-02 3.725010962905223710e+00 2.650643433754250600e-01 1.562171138520070113e-02
3.104681329133324730e-01 -1.855099539786291274e-01 3.708226675969574782e+00 2.614040669297643116e-01 -2.231687676646535931e-02
3.158548707918604759e-01 -2.196740560510742346e-01 3.746013104947704342e+00 2.701427764360454509e-01 -6.092489106632573148e-02
2.997615055589059607e-01 -2.842899573515959011e-01 3.860755755049736226e+00 2.271891206811620934e-01 -2.596660889430102079e-02
2.962371894526054650e-01 -2.349389019357213670e-01 3.709992907000636109e+00 2.143401173840747409e-01 4.419020382153709958e-02
2.901996526313518898e-01 -3.345540324627561124e-01 3.825449447283516768e+00 2.370167954419880318e-01 2.024679100821613273e-02
3.236040019944392832e-01 -4.219861855438072906e-02 3.648618088876537158e+00 3.961866188732481309e-01 -5.380582689946088182e-02
3.662519297135675145e-01 1.293477493537021072e-01 3.502594659761810281e+00 4.279974402251099930e-01 -5.579426420993357366e-02
3.069857369331968067e-01 -2.963813235195000839e-01 3.833781884405775831e+00 1.887839320331001769e-01 2.471536997952481982e-02
3.397607788213377611e-01 1.884108182460050851e-01 3.432692655767724421e+00 4.059462865726422010e-01 -3.604579580268937877e-02
2.945632880559448941e-01 -8.786170549962613041e-03 3.589092512936383983e+00 3.146292630717320016e-01 -4.468524239187951497e-02
3.118791950485801934e-01 -2.565481592335390193e-01 3.806113478558593055e+00 2.602087779114601318e-01 -2.972825372416725009e-02
3.416352730513893543e-01 -1.519507124922981900e-01 3.739858877207134835e+00 3.914992283135719786e-01 2.518156857148065586e-02
2.942791597845145213e-01 -2.178211769460274561e-01 3.727887576870063224e+00 3.022210805771698428e-01 9.227337136071524226e-03
3.146161540088515673e-01 -2.905219283370299305e-02 3.601295482279490923e+00 3.600198425453490225e-01 -7.459685073916974551e-02
2.894882179229806285e-01 -3.755468699518418330e-01 3.879270715906068201e+00 2.504921562467090634e-01 1.456248081431540595e-02
3.060192285663150269e-01 -4.663255991725817617e-03 3.593110576125954747e+00 3.178241656201533649e-01 -1.873854026309998422e-02
2.801590497630009335e-01 -4.354564128171828363e-01 3.945022443186966932e+00 2.146375069826312321e-01 9.187172250322811484e-03
3.019517331571731633e-01 -3.314864401448994746e-01 3.876857308865248264e+00 1.682443074731552191e-01 1.623946577337257238e-02
3.092994468999161195e-01 -1.905821574301123644e-01 3.774725392414378877e+00 2.759400227393927763e-01 -6.759679249685907054e-02
3.218637744281044322e-01 -9.006334588715438072e-02 3.625325676068538172e+00 3.816404540579253490e-01 -3.178874440534319029e-03
2.818255552627435545e-01 -5.549391705695588817e-01 3.969904273093789460e+00 6.576491370676550152e-02 7.920537913988505430e-02
3.083577940013084162e-01 -7.292660836612385733e-02 3.663935410274210991e+00 3.206699558683537843e-01 -5.712089067736913356e-02
3.095517956900263323e-01 -5.255742652053928265e-02 3.663014448675073531e+00 3.325259699588644091e-01 6.130113884949710268e-03
3.418450901319006752e-01 1.323135820141970592e-02 3.533239735125353498e+00 4.245287205152848409e-01 -4.969802994212271091e-02
3.182756273364727995e-01 -1.721353652950443902e-01 3.717212814265468346e+00 3.094683039000070135e-01 -5.411748919187331364e-02
2.907557763991566180e-01 -2.844869885734237491e-01 3.804912913433062371e+00 2.673427339994844942e-01 -9.235053533176301732e-04
3.386724775420889011e-01 -8.436410710053943163e-02 3.616666593746936886e+00 3.862840368151814752e-01 -2.178423751395492519e-02
3.139300178044504008e-01 -1.711957610072335212e-01 3.681238022771531782e+00 2.345654915422013820e-01 -2.645161005202863874e-02
3.217763288121782139e-01 -1.402394778540251297e-01 3.764106473642267137e+00 3.212387140180704703e-01 -5.969881708147360862e-03
3.518719964652384236e-01 -5.026933922335707905e-02 3.659558765636678146e+00 4.148616891674574703e-01 -5.780192730437302279e-02
3.293445745133864455e-01 -2.325964521200955260e-01 3.819834626109477771e+00 3.037280353287545309e-01 -5.150028616192729725e-02
2.949540432298434767e-01 -3.968324742587675535e-01 3.896608028900339082e+00 2.231539377909161070e-01 -2.719830323161929846e-03
2.998483604950126225e-01 -2.336808741936158285e-01 3.801406486292306486e+00 2.907604044709229951e-01 8.307660217717220685e-03
2.938013425382176025e-01 -3.308357061836515456e-01 3.849367399098918341e+00 1.794824777602443966e-01 -1.478897237821516497e-02
2.809422114732074705e-01 -2.159874574740752173e-01 3.749055754310892663e+00 3.023182642029719758e-01 1.074300514810237750e-02
3.039260204261609588e-01 -1.665540619731282201e-01 3.761111256701059169e+00 2.861023161196125653e-01 -4.799616702696030135e-02
3.193760441832015906e-01 -2.531629481889250965e-01 3.780260944029617320e+00 3.593185639848895940e-01 -2.357839059623982603e-02
3.252868241900970236e-01 -1.402076649278060638e-01 3.753238396835765656e+00 3.567488542716136801e-01 -2.279188518839583844e-02
2.953719577177990607e-01 -2.876624383564458376e-01 3.855814108802820162e+00 2.441940666926200043e-01 -7.765822292943097560e-02
2.777999786951246830e-01 -4.394000843350630570e-01 3.914757681006561185e+00 1.377383181825855840e-01 3.784066753322379295e-02
2.990938201210258107e-01 -3.174037521003444939e-01 3.894398943107613142e+00 3.065612758704558405e-01 -1.509178948888933308e-02
3.342818343531805403e-01 -6.382757661145378736e-02 3.593796553632615076e+00 3.453431785551106525e-01 -4.382229574446283582e-02
2.940346222147016131e-01 -2.436752541474369316e-01 3.784575544254265456e+00 3.089334122306136576e-01 -1.611146971682803769e-02
3.201930002709922896e-01 -1.041521827844770209e-01 3.655151580275987300e+00 2.501483733748512406e-01 -2.374052058117149394e-02
3.078649404663407196e-01 -1.951487550015155725e-01 3.729394217674165901e+00 2.666707163052879914e-01 1.425993732003200815e-02
3.091951534098014709e-01 -2.769224199959655630e-01 3.796973742749458758e+00 2.604456655016869626e-01 -1.379289981490518582e-02
3.331119531156112590e-01 -1.822726716710151851e-02 3.610708414064653482e+00 3.866998471970827245e-01 -7.481257743037936225e-02
3.264487998569644556e-01 1.316038861486931721e-01 3.483296215515231165e+00 3.702528958849861107e-01 -8.796972402900427035e-02
2.699107835972182623e-01 -5.070937006801752300e-01 3.970062208731356179e+00 1.883685316676472765e-01 2.304002361858665388e-02
3.063863792278481712e-01 -1.759852034634236118e-01 3.683429320853230937e+00 3.254380871113352058e-01 -4.365266984206366691e-02
3.094845491940059201e-01 -3.039498714923918321e-01 3.835022631315097463e+00 2.750640018305395840e-01 -3.551482572859174236e-02
2.955284558193548849e-01 -2.381391125070701498e-01 3.824998111888433083e+00 2.902191340051422097e-01 -4.002191628242790511e-02
3.227396607184251920e-01 -2.483540663147963401e-01 3.798630858709173275e+00 2.819566800844781063e-01 -5.806520767547555806e-03
3.474060253621194527e-01 -1.598702057952973432e-02 3.629793898157605003e+00 3.688050950302451669e-01 -8.527353683418274766e-02
3.073231623598341455e-01 -1.898196947691563330e-01 3.742881694786289515e+00 2.795483257070485172e-01 -7.958505264046339400e-02
3.250142139510905359e-01 -2.750695377634147509e-01 3.890225857631591566e+00 2.389918837249234707e-01 -4.617482526263461118e-02
2.947622845192103824e-01 -5.060233611951558963e-01 4.043633741965597217e+00 2.592412671089888154e-01 1.946741365834924950e-02
3.154354644795600571e-01 8.399477863867113592e-02 3.519961718970967546e+00 3.693600047551681698e-01 -3.389229787122395587e-02
3.023613605955693950e-01 -2.553585400520219095e-01 3.738186825849399320e+00 3.276841169312459390e-01 2.180156093427145642e-02
3.128380242082480223e-01 -3.504846912605149578e-01 3.858025562235431583e+00 2.341011750611602105e-01 -2.053780113487088665e-02
3.360470490300785373e-01 -5.596603484442738696e-02 3.622437378598370561e+00 3.255823576519739082e-01 -1.935789471437753331e-02
3.187948937256652737e-01 -1.004690826521866531e-01 3.727878951165525034e+00 3.643764550184145912e-01 -3.039716936327663960e-02
2.937821424351316213e-01 -3.496139081449126107e-01 3.840804564718236502e+00 2.018618238205764359e-01 5.734192028257393756e-03
3.114359307177945735e-01 -2.826694637160036550e-01 3.816108117727929905e+00 2.997437740108909732e-01 -2.053456431515395322e-02
3.070617107718657257e-01 -7.991240020405956934e-02 3.641454509242776805e+00 3.477657711523173822e-01 -3.201496806232969478e-02
2.954123971507387481e-01 -2.895320513645946447e-01 3.771756538080715426e+00 1.992190217524040519e-01 2.859549755498665830e-02
3.192916205986017775e-01 -1.134101907153097499e-01 3.690860748096200794e+00 2.491370358108820904e-01 -3.020243175503335015e-02
3.078412637721196221e-01 -8.933842458610401216e-02 3.654029492347161234e+00 3.288699075152684559e-01 -2.126912950310822989e-02
3.190861088634215359e-01 -7.665554357460918622e-02 3.683326443814157525e+00 3.531639612559123176e-01 -4.391164190227844766e-02
3.164617502421472328e-01 -2.025213309087170732e-01 3.777511936407441429e+00 4.234641306290314322e-01 1.160381897302024783e-02
3.353181359512975024e-01 2.712472427415305032e-03 3.617916683945919587e+00 4.041095022077846322e-01 -7.443628538736311862e-02
2.992491170297167935e-01 -3.156976531357501559e-01 3.824043911603585588e+00 2.393874474852478174e-01 -2.119124857872120571e-03
3.123012623826368350e-01 -1.368453543384607340e-01 3.687241587436929535e+00 2.695829459564303976e-01 -9.125516947358434938e-03
3.061794122081966663e-01 -2.355406484207669959e-01 3.801674152992280398e+00 2.812191478570920666e-01 -2.761788588492149199e-02
2.816229485633024998e-01 -2.629776060825219086e-01 3.789187809880185220e+00 2.713207733836476843e-01 -1.058180003237462266e-02
3.021789179202432618e-01 -2.645321522145464010e-01 3.768360843267568594e+00 2.574636162285569019e-01 -1.492737152644915688e-02
3.408794025329258126e-01 1.044969543518696892e-01 3.540436023611480021e+00 4.037205282545756613e-01 -6.442667375955983544e-02
2.991321969840818884e-01 -2.141082406566999219e-01 3.706763679991598170e+00 2.350827802681256795e-01 -3.194036801987801266e-02
2.838928918182427319e-01 -5.361911426168760597e-01 4.069501659216316902e+00 2.238097210511200141e-01 3.606436687381617268e-02
3.279474243327791805e-01 -1.489715307783728571e-01 3.731675702395338412e+00 3.298973140439637186e-01 -1.861320521963012037e-02
3.391140172849267942e-01 -1.819744654094300196e-01 3.731921983591483638e+00 3.155680284704684979e-01 -2.642899033215224264e-02
3.409990049663962353e-01 -6.819092705377888253e-02 3.627087657971553636e+00 3.664901469335465900e-01 -3.981444376912197936e-02
2.920480154163334063e-01 -3.064076256602153436e-01 3.823978631720337695e+00 2.202367605531454497e-01 1.304548335596462244e-02
2.853989222929420588e-01 -1.032562563131189520e-01 3.659415235676479750e+00 3.150806695545810832e-01 5.724997316977840575e-03
3.078516390463045815e-01 -1.636907626497361712e-01 3.735150507679536602e+00 3.284910486054271606e-01 -3.281189282514314354e-02
3.049806519412519012e-01 -1.758139293016182381e-01 3.798129610338726980e+00 3.238883101359009142e-01 -5.042298326859337432e-02
3.337276759544388627e-01 -3.263054385367483712e-02 3.654104340097660053e+00 3.809064566054587986e-01 -1.602561528697726487e-02
3.131017997571458600e-01 -2.148500975728931950e-01 3.755642747822337757e+00 2.785228630328148158e-01 -3.996158070247447097e-02
2.838772727635476834e-01 -4.472248388860556867e-01 3.891019758909550763e+00 2.533138441272549946e-01 2.781998098187256352e-02
3.296615812359814934e-01 -1.237212744935841102e-01 3.687278363142866056e+00 3.010782759654097585e-01 -3.176479479657785820e-02
2.918609932647807659e-01 -3.747470745503410083e-01 3.827001027253785104e+00 2.462423249471993036e-01 -2.816785856123147670e-03
2.963615669202016578e-01 -3.076044177709058025e-01 3.834043824626041541e+00 1.959603227100512046e-01 -6.154935918369975820e-03
3.016054696398244861e-01 -1.835579469545660369e-01 3.734143734343643661e+00 2.857110620817743252e-01 -1.006564943950352328e-02
3.010047745606104774e-01 -2.552996514760645375e-01 3.811627452479227962e+00 2.279124946729388368e-01 -2.416377147318590074e-02
3.033034020944398446e-01 -2.439461497549118563e-01 3.781534362314210806e+00 2.189763910624842880e-01 2.324603095944736270e-02
2.987512580108835913e-01 -1.841538864558388278e-01 3.751370536947669976e+00 2.788570726703498148e-01 -1.975247420693999889e-02
3.110373826189845037e-01 -5.301851609268874721e-02 3.584689198009765043e+00 3.492781675501492877e-01 -1.845174900250553390e-02
3.258768652762246143e-01 -1.495552192433975136e-01 3.722007563519593720e+00 3.480956980312107651e-01 -3.128268538554302564e-02
2.827882647459451504e-01 -4.491634384065110730e-01 3.946458252176237913e+00 2.646447913105446359e-01 8.791766453955109084e-03
2.976702706347378324e-01 -2.972073619104750319e-01 3.814467945385561443e+00 3.032449256907058244e-01 -1.475961064985299720e-03
2.812068069045596252e-01 -3.282809915462874262e-01 3.794049911536096165e+00 2.578821334250358532e-01 2.422254135568145325e-02
3.213772946174913159e-01 -1.947286019132524193e-01 3.754707491204539060e+00 3.026143483702788961e-01 -2.821134610602581139e-02
3.076761557552687987e-01 -2.645710038506864370e-01 3.811257575004768583e+00 2.546580825089039823e-01 1.283449494370405425e-02
3.218308461072563742e-01 -1.262948800587688769e-01 3.736450871008609287e+00 3.160465722923757603e-01 -2.623016389589617747e-02
3.023636315651367923e-01 -7.581019040686383381e-02 3.620472406246609598e+00 2.780965991998085585e-01 -3.493868807999853110e-02
3.174333786888579589e-01 -2.649227172318910917e-01 3.790337327632612219e+00 2.769581621450301068e-01 -8.317002255448978365e-03
3.217437966463932431e-01 5.581399369618925133e-02 3.492492158971930216e+00 4.253044290559614971e-01 -3.817303838497011076e-02
3.271919350191245246e-01 -6.194449667200142146e-02 3.671810493725074398e+00 3.177285056290174436e-01 -6.689688297459697730e-02
3.145901208415968764e-01 -2.081947206043279763e-01 3.755075216164727614e+00 2.896059859606414100e-01 1.562399123832984051e-02
2.999949391224869255e-01 -3.718452655680700714e-01 3.874426649581942605e+00 2.694330068459567240e-01 -1.424948405059929188e-02
3.093064588190045372e-01 -2.369258922815808133e-01 3.783103424806308457e+00 2.186803353268280403e-01 -2.976089745527037145e-02
3.349373513838369010e-01 -1.988769353929773498e-01 3.794147018269430127e+00 3.312172053665495275e-01 -1.464425315768422969e-02
3.341732551240370608e-01 -1.963749428338395359e-02 3.568875919334321800e+00 4.222527416907084774e-01 7.886709799108257424e-03
3.169665358391317578e-01 -1.530301406956292853e-01 3.741811742002811414e+00 4.191021839123522663e-01 -5.529411890223726728e-02
3.136280435906163011e-01 -1.229552308414922496e-01 3.725789883018415072e+00 3.355861843194282157e-01 -2.144320435914540135e-02
3.264055359021169611e-01 -1.356426943846616995e-02 3.610037841960563654e+00 3.636844153838082461e-01 -2.091022689796990380e-02
3.547249131734764305e-01 -5.537887633420335298e-02 3.673265720766417441e+00 3.265524091914996374e-01 -2.231574166527174052e-03
3.125517817621363270e-01 -2.180417093678699292e-01 3.777488659231784673e+00 2.102435575478268370e-01 3.253009425442349167e-02
3.118577079957413623e-01 -1.092920087269069335e-01 3.705863569375900113e+00 4.120237049796426909e-01 -5.376966516168212723e-02
3.001792982378935770e-01 -1.325641228527950077e-01 3.659308040968513254e+00 2.991073590440674335e-01 -8.541970364805639981e-03
2.853308994729485959e-01 -3.622310690080385309e-01 3.850494496053182836e+00 1.619496120088370072e-01 1.255850561703642301e-02
2.883883894332718301e-01 -2.894681493674113870e-01 3.771484463257237074e+00 2.646321516222191472e-01 -1.617302560651254911e-02
3.148660136948212007e-01 -1.999518037088704736e-01 3.762371558447341613e+00 3.159803941868518096e-01 -6.536957067170094671e-02
3.180804372257774459e-01 -3.385152335126355716e-01 3.811389708557620715e+00 2.849170836911204541e-01 2.142128526781613210e-02
3.245871824574496634e-01 -1.579197890267137472e-01 3.770340694856724184e+00 4.041209292556797172e-01 -5.283619499596192703e-02
3.050483625372794605e-01 -3.376861815878147155e-01 3.862530512307877473e+00 3.127103111107468747e-01 -2.445184208142564194e-02
2.883425363851706003e-01 -1.890680732212058901e-01 3.704265423860624296e+00 2.984143846081142581e-01 1.953312029698436869e-03
3.086435471633817706e-01 -2.274707973506976955e-01 3.756009469443601922e+00 2.457295360184938993e-01 -3.705557789828450160e-02
3.110239279112955724e-01 -4.907342573721491796e-02 3.633937655931926525e+00 3.372634289898899240e-01 -4.974872717406964712e-02
2.978364007049683626e-01 -3.697327069316792558e-01 3.929699833612598781e+00 2.606934565957996774e-01 -3.335355631884371480e-02
3.151208144968387082e-01 -7.991752644514416026e-02 3.674036337425926391e+00 3.721094491713878294e-01 -1.346596196615767321e-02
3.026022183141277577e-01 -2.863726766024380366e-01 3.760430249546649950e+00 3.118855029477748397e-01 2.449162461922497168e-03
2.992697273260780388e-01 3.202712535245008652e-02 3.557078590086447445e+00 3.270125913818622276e-01 -2.901711488179724296e-02
3.164031910508476875e-01 -1.603034177728236698e-01 3.711774838299113366e+00 3.524386704113142144e-01 9.092132220547680110e-03
3.157158112545086492e-01 -2.434722663280463051e-01 3.784092036229317557e+00 3.376793976940015707e-01 1.991962694006484125e-02
3.054616326315898744e-01 -2.466449336327927733e-01 3.808179093239304702e+00 3.326997928168337060e-01 -2.648598568415646420e-02
2.908177884275343628e-01 -2.357409260201838164e-01 3.717084588476296858e+00 2.750898098579213080e-01 -2.470835509576906411e-02
3.085991347194410594e-01 -2.371570962703763719e-01 3.800665818001558893e+00 2.895781812559883317e-01 -2.299663048274067090e-02
3.060622227912866977e-01 -2.781566815273566751e-01 3.824741549835115606e+00 3.075095400227746967e-01 -2.599710556637239642e-02
2.903330934104146333e-01 -2.567368561060197063e-01 3.831738979173218151e+00 3.521203156609979956e-01 -6.725290714958323535e-03
2.979086881160102895e-01 -2.415072895521695462e-01 3.779929663945165164e+00 2.531966820414808805e-01 -9.278976593239521287e-03
3.179601459585157941e-01 -2.718487659921373090e-01 3.835396072094281905e+00 3.297154483313885498e-01 -4.653984721835722344e-02
2.849584629676100711e-01 -4.215075705817578067e-01 3.878661275373620043e+00 1.860285673492313163e-01 1.474549877380369224e-02
3.279517518058397418e-01 -1.679936805963297697e-01 3.707587996298079336e+00 2.756834356088969651e-01 9.010972519041037052e-04
3.332149029516580097e-01 -1.485986976705341855e-01 3.723741310582248776e+00 2.908711162259716709e-01 -6.893859450196090921e-03
3.039590264382785456e-01 -1.925820819316725885e-01 3.745759835451891728e+00 2.574524559321371142e-01 -1.874274019182917486e-02
3.480144852990953996e-01 -6.189894115920573092e-02 3.704025867025205976e+00 3.153005636759708130e-01 -6.756850472023712140e-02
2.877172341221725937e-01 -1.096681505477802437e-01 3.630305395979585903e+00 3.441533261973909186e-01 -3.673384282142110741e-02
2.830602932828226170e-01 -2.727126111732723901e-01 3.806424141487600110e+00 2.644967474750897773e-01 1.219910806765920133e-02
2.981468026601021837e-01 -3.554887375284924156e-01 3.821941665823628931e+00 2.873528081523766264e-01 3.444920360828519768e-02
3.112029810749433745e-01 -2.603304831268829500e-01 3.793911774885845301e+00 2.682863670398072942e-01 -3.032605914446591736e-02
3.071566111350978456e-01 -2.227465889376443464e-01 3.787822420907745347e+00 3.333843327157470782e-01 -4.230014480147582800e-02
2.936968696596740092e-01 -2.357373627865861354e-01 3.771598971616804796e+00 3.084427314756107430e-01 -1.533711684771101036e-03
3.272406704417293866e-01 -2.302710066702489122e-01 3.792754306074224591e+00 2.747984935774532289e-01 -1.832354885786742146e-02
3.264399413409817541e-01 -2.017272400122229470e-01 3.718886406688372670e+00 3.368242554825039425e-01 -6.102684819941048798e-03
2.955980557914744122e-01 -2.649909143417923940e-01 3.764464203088886851e+00 2.717813988810506842e-01 -7.888405585768268335e-03
3.508326789861174189e-01 1.535093859555842211e-01 3.466500236858480744e+00 3.676356433343620500e-01 -7.834751435109731099e-02
2.901666602558153341e-01 -3.426599255105230446e-01 3.853901374797349622e+00 2.475182789506966685e-01 -3.554553609544720133e-02
3.352026585538862569e-01 -9.198409716217005594e-02 3.647073527971783413e+00 3.590854183785595621e-01 -2.637186432325494545e-02
2.852575337074606532e-01 -2.466906244429730444e-01 3.759126207758656690e+00 2.869123401187407829e-01 1.571424613580872653e-02
3.166830742070485538e-01 -1.038520394983698386e-01 3.658749982074582796e+00 2.789392181338397614e-01 -4.416441893363695637e-02
3.040820054599736588e-01 1.693108528086301190e-02 3.572336209166783405e+00 3.122438122112715098e-01 -5.743624982072198515e-02
2.399088052551874295e-01 -4.518999693430416631e-01 3.905324132164853523e+00 2.114385504056972287e-01 2.024339260096377074e-02
3.059739640823963547e-01 -1.370691806518935518e-01 3.727376713057791946e+00 3.651137153454792617e-01 -4.259997821672814600e-02
3.108932889592682658e-01 -2.579348338372540184e-01 3.829705775157263403e+00 2.457038816875432297e-01 1.310847302822812713e-02
3.105283480946737784e-01 -1.003914215088523160e-01 3.662306400868891032e+00 2.983712269329955591e-01 -3.531379049726031394e-02
3.113176752374909873e-01 -2.326763160576582612e-01 3.823697120815974237e+00 3.657200112192353636e-01 5.920895877641097621e-03
3.514430135563486601e-01 8.915724572053768116e-02 3.541820956319442715e+00 4.383380263820971234e-01 -8.479950123538654294e-02
3.165092245712970431e-01 -2.331201735223297211e-01 3.807490474070780451e+00 3.264104124098329840e-01 -1.520418289502351895e-02
3.329756918322716031e-01 -4.702254330882184308e-02 3.649601181094207281e+00 3.522465918856641509e-01 -5.131181069561810415e-02
3.126772194463495191e-01 -2.538857637538090573e-01 3.799357737906361887e+00 2.304865004498281855e-01 -7.195875478095308149e-03
3.067634222974913172e-01 -1.736489183894947275e-01 3.749693887676082138e+00 3.576993775002283438e-01 -3.719791960161869526e-02
2.796576817786877167e-01 -2.327315791247787369e-01 3.764713073672205201e+00 2.770576810027193249e-01 -1.070988534642258044e-02
2.926773313500958817e-01 -3.159061319085803565e-01 3.860267562990948420e+00 2.954033473838661994e-01 -3.585976717540054551e-03
2.914227023925263782e-01 -1.955306483105383741e-01 3.742417095157807960e+00 2.776603539135089616e-01 -7.408708353950166012e-03
3.177086807400807400e-01 -2.121489212338023567e-02 3.606369408888180139e+00 3.917127951223993709e-01 -3.638711040548708864e-02
3.143545474219452407e-01 -3.098548314693580497e-02 3.647366002010939301e+00 3.443036550631317638e-01 -7.073668238947979081e-02
3.008795197923497255e-01 -2.998208603234343572e-01 3.832454441267785228e+00 3.111045498841957246e-01 2.067748826823227401e-02
3.221866547841930051e-01 -1.385215498737874251e-01 3.703083686765148208e+00 3.563122461130786567e-01 -9.571419430563811448e-02
2.914987453473070200e-01 -4.251519001339162940e-01 3.965039565450965586e+00 2.248815873143160671e-01 1.238375445364755384e-02
2.981805761573759206e-01 -2.654321804133557561e-01 3.773592998730602055e+00 2.315398209921089023e-01 -3.684128400763271582e-03
3.225375247578881055e-01 -2.000919448400633738e-01 3.771941047038188888e+00 3.844088741959614808e-01 -5.243885313030874351e-02
2.929776356935425707e-01 -3.594936344743210332e-01 3.857497981144478061e+00 1.799074802364212244e-01 -1.740330520023466998e-03
3.333766056209195305e-01 -1.087082577942237172e-01 3.699397118753562808e+00 3.385750989310363224e-01 -5.544101747909267741e-02
2.999166491168658855e-01 -7.321399804427836111e-02 3.627147630259968558e+00 3.215413536586704812e-01 -4.374636594496315173e-02
3.270340303940706406e-01 -1.559540680796389078e-01 3.750799665610252909e+00 2.925259236229302284e-01 -5.897634081388503091e-02
3.193231911475062357e-01 -1.237849155446435756e-01 3.686721862957267337e+00 3.491500094971481949e-01 -2.234761427795721456e-02
3.009183767920510233e-01 -1.931179548425910331e-01 3.709186760406733008e+00 2.833372389886889553e-01 -2.048115057599989713e-02
2.973932400771652773e-01 -9.820755231681946307e-02 3.616064564675633086e+00 3.451993065434853514e-01 -1.376016647651313960e-03
3.135898763323897165e-01 -8.677568032061883097e-02 3.608238283121157686e+00 3.111049884352271588e-01 -2.817684024235898865e-02
3.383253122091194887e-01 -5.527731554699946703e-02 3.620109091255741873e+00 4.203340887208542598e-01 -4.155855961520987102e-02
3.060338128518382828e-01 -1.438900761201936662e-01 3.710351782250071118e+00 3.356585624344479712e-01 -5.083535596919288441e-03
2.919120303342928047e-01 -2.965423799177847042e-01 3.843000462455699484e+00 3.212288371367758577e-01 -3.874758994297990145e-03
3.240534999859301379e-01 -2.305471842205167599e-01 3.736360008470028582e+00 3.427124565237643083e-01 -1.132833294227212143e-02
3.150289480316912361e-01 -1.392299867988543438e-01 3.718089065460334020e+00 3.263313934690919571e-01 -3.152735298194354885e-02
2.824376055020706433e-01 -4.395442120484259196e-01 3.935370335675118625e+00 2.165982298649913040e-01 -2.475212570978234383e-03
3.097099373473856110e-01 -2.132058397600307686e-01 3.791418556758409775e+00 2.261024456488819334e-01 -3.772762024062903397e-02
3.451758172776083211e-01 1.898527143672514017e-01 3.430854447688786557e+00 4.709489712777035764e-01 -7.395211373062018922e-02
3.109576800203326941e-01 -1.833012776052199144e-01 3.700756042199974782e+00 3.141020974039144820e-01 -2.906711394176891491e-02
3.063150477537610605e-01 -2.269107008295317973e-01 3.758488067938619004e+00 3.276400390480075919e-01 -3.311359772575080823e-02
2.772195640480838996e-01 -2.784248238480950821e-01 3.797308403651485254e+00 3.006992973302016203e-01 1.787284886223118249e-02
3.086402006218951777e-01 -1.789142482470771067e-01 3.727948710262683374e+00 2.466918372912690893e-01 -2.734315653510127619e-02
3.093043571096892319e-01 -1.326803940078573607e-01 3.659404632449605455e+00 3.029156118816869747e-01 1.420997450185923147e-02
2.926641409114997816e-01 -2.856309955863393091e-01 3.811773428925318896e+00 2.144183609664946366e-01 2.059917992109249439e-03
2.708375403973716788e-01 -5.119221078564500926e-01 3.998517569332355137e+00 2.140418000817168875e-01 5.012803903545539480e-02
2.830061692048334576e-01 -3.632222174153693639e-01 3.872042594625939582e+00 2.440947535441397032e-01 4.106941637345676299e-02
2.903479743710076777e-01 -2.649580795470010686e-01 3.783119106100617746e+00 2.231382013805605080e-01 5.111326705781243582e-03
2.978693656743477414e-01 -2.458076067930246855e-01 3.810667523411102930e+00 3.086956033661110155e-01 -3.856283577451341538e-02
3.275831333044036398e-01 -1.885369666066550876e-01 3.765686558910851911e+00 2.510441820083370579e-01 6.884899100502092639e-05
3.440394731840444864e-01 -1.012038336557926355e-01 3.748348167126722252e+00 3.666431473229646576e-01 -4.275143928712155789e-02
2.926892249057195250e-01 -3.518572524734635554e-01 3.850065127050432245e+00 2.336786508907723325e-01 2.602067920528762512e-02
3.069751577355322447e-01 -1.762827223559748913e-01 3.736519079151768175e+00 2.777458158205742822e-01 -2.360537124187986682e-02
3.250594283105071591e-01 -2.161757598413134307e-01 3.775001311057117892e+00 2.887368005036560215e-01 -2.007510191970748870e-02
2.976421078513630802e-01 -2.201402288563486520e-01 3.763273968808005243e+00 2.092873813421744777e-01 1.175698723774217316e-02
3.316555698285862941e-01 9.028002873374360582e-02 3.518641978947721238e+00 2.867495306523488718e-01 -3.951351923517047032e-02
2.957272099759992168e-01 -2.978311835425372367e-01 3.842993407504458947e+00 2.592212741316998748e-01 -2.366977275223048488e-02
2.919161485669950484e-01 -3.571086148585887465e-01 3.827754651937380181e+00 2.863036508414779080e-01 2.956091842235252301e-02
3.177374985546945751e-01 -1.049568194044661201e-01 3.668291653612418823e+00 2.989634361085670156e-01 -3.932807757905451562e-02
2.902504053403005546e-01 -2.663196149525059453e-01 3.806444991214728901e+00 2.127691925857060629e-01 -5.930685712130928655e-03
3.186625468140152351e-01 -1.615007740788043100e-01 3.719340699109056736e+00 3.257797859153633846e-01 -6.090416714136115406e-02
2.979565320415734075e-01 -2.363262676021417596e-01 3.794445115288855419e+00 2.566486637755202582e-01 1.809801481457711664e-02
2.778856538871401494e-01 -1.513811149918384835e-01 3.657297659451273386e+00 2.787110548092440743e-01 -3.838597857191464874e-02
3.779021613785609190e-01 1.979442678067980244e-01 3.416718409251951361e+00 4.020397748267430238e-01 -7.302665863912582989e-02
3.088679859302700947e-01 -2.422367489627658688e-01 3.763015235419942872e+00 3.261333163854140405e-01 -7.237013924639008194e-03
3.255403504816429261e-01 -5.008934870663321604e-02 3.662728134085346365e+00 3.874886021233628353e-01 -9.947163699162023254e-02
2.822862399640795328e-01 -4.251362107652886246e-01 3.925300111288655636e+00 1.966584475132510390e-01 8.039425067989467572e-03
3.101985609740761096e-01 -1.853401954558858700e-01 3.750337430453521304e+00 2.705029129029332680e-01 -4.296119641260928018e-02
2.814749005609288313e-01 -3.345887222666924510e-01 3.901262465235144195e+00 1.659782146843441220e-01 1.013084219832892374e-02
2.930809249995953158e-01 -1.707188770183860060e-01 3.719258864311584922e+00 2.986440740296090746e-01 -1.941850401779576102e-02
3.091577338439926437e-01 -3.731284949916172655e-01 3.868562922108055524e+00 2.122840784682573645e-01 3.639939401463357371e-02
2.700238191818502553e-01 -3.031493886616534739e-01 3.793053062023053368e+00 2.626249845288622931e-01 2.680495710901503389e-02
2.869679289444626025e-01 -2.161781677083930431e-01 3.771554383083970841e+00 2.781474726645991602e-01 -2.417809522047043372e-02
3.550233813736261013e-01 1.163989875235266758e-01 3.554690498942325583e+00 4.359456147961406902e-01 -8.015423424002321440e-02
2.799747077104972615e-01 -4.088810795490493977e-01 3.920457509672503171e+00 2.391339132019968394e-01 1.627567990818207938e-02
3.204521680327017674e-01 -1.906242305501207879e-01 3.720883140130278210e+00 2.565455513205819882e-01 -1.416692697357416209e-02
3.027106494477271315e-01 -3.413226517798776949e-01 3.864959611480709434e+00 2.672222573462729178e-01 -2.540021579511410332e-02
3.082465011845503811e-01 -2.713939204494000834e-01 3.858950664363017147e+00 3.097732313317352326e-01 -3.745543167554304942e-02
3.308641334278813462e-01 -5.142595561138194049e-02 3.665736543015634119e+00 3.520081994708952888e-01 -5.959600685036722106e-02
3.392502807366294393e-01 -4.613380104419016747e-02 3.616186115314047989e+00 3.368253680935310856e-01 -1.748915959994166297e-02
3.358042302016854275e-01 -7.825698471136670331e-02 3.585983125713775088e+00 3.023604585314975113e-01 -4.110057449488430104e-02
3.072404553720501363e-01 -3.483559862234304472e-01 3.801001554627523316e+00 2.593155696034806779e-01 1.091296080695910997e-02
3.294137008880906881e-01 -1.264087935378825911e-01 3.678906624339818077e+00 3.489152498461975949e-01 -3.096401381158844779e-02
3.025308681472202998e-01 -2.004811235121436441e-01 3.783612336685081345e+00 2.910368877484217909e-01 -7.872496572950277161e-02
3.375137184143027769e-01 -1.628918949599048593e-01 3.749231104256099734e+00 3.152836955509543126e-01 -2.925674702098442215e-02
3.224086101630833645e-01 -1.912750716165270148e-01 3.777497463905534758e+00 3.534118635969118460e-01 -4.261952055145989265e-02
2.879578430902776653e-01 -2.438958908554750282e-01 3.790103005779873246e+00 2.894798416456294543e-01 8.473766149152101024e-03
3.240533415046385479e-01 -2.745211226312536112e-01 3.789668741362590687e+00 3.991396718097154350e-01 -1.515483725141100746e-02
3.321423577836943308e-01 -3.694718046038439341e-02 3.583820070436702032e+00 3.358229734919258580e-01 -5.196820657523480713e-02
3.273887774709105525e-01 -6.998854031071974346e-02 3.635450787685400975e+00 3.563109012838009404e-01 -4.091058783790768594e-02
3.430575598106442303e-01 -1.690453593757165751e-01 3.790237535193201612e+00 3.530685826543512595e-01 -5.686851401583316312e-02
2.815160142012223532e-01 -2.478746974533622693e-01 3.822783579703374901e+00 2.739102206966491648e-01 2.649858788797456594e-02
2.992042031091731169e-01 -2.709850925975893499e-01 3.808712716706019297e+00 2.465407104362999369e-01 9.680419080159791134e-03
3.120971581312121379e-01 -2.193694040120606203e-01 3.714308756268268397e+00 2.749874487517670607e-01 -2.406821203572868158e-03
3.190364778955507297e-01 -1.224834598930003293e-01 3.694365161546997456e+00 3.090732340504085407e-01 -2.872650913277701237e-02
2.767658700817602901e-01 -4.321782989334729819e-01 3.933228359298192700e+00 1.677746297763972327e-01 4.453780494265784096e-02
2.791137564648497049e-01 -4.238299501500368827e-01 3.950778428985524560e+00 2.607430915016517581e-01 4.882023882953089727e-02
3.053005971787863260e-01 -1.645007540882497954e-01 3.752792839619775833e+00 3.081948079584073685e-01 -9.695630223786610991e-03
2.880886364428571489e-01 -3.298094483303369850e-01 3.795453099507254624e+00 2.286329404605518811e-01 4.770819347760290458e-02
3.205242620146484533e-01 -1.028660173186185522e-01 3.702149917883072128e+00 2.969497173713737670e-01 5.868556703721428819e-03
2.988100899319481307e-01 -1.814784153000702505e-01 3.742705896012341604e+00 3.799265225349668929e-01 -1.566976444864025958e-02
3.289169292761431329e-01 -1.467506941651046670e-01 3.676542769460454885e+00 4.117165915638909546e-01 1.580737194329401990e-03
3.426300671834200395e-01 -6.328108271807780794e-02 3.667324911091132567e+00 3.476422020657494172e-01 -4.222163622489658735e-02
3.753354671883202265e-01 2.632038926081775032e-01 3.417774329246985765e+00 4.990382783160812741e-01 -7.831583191712035430e-02
3.036483462814442702e-01 -2.933459609431061654e-01 3.880636055192497658e+00 3.393470994142778752e-01 -2.162911246833709375e-02
2.707902255915806689e-01 -3.428802526772189996e-01 3.756236579741398796e+00 2.345694432483030334e-01 1.013842560331618993e-02
3.319450468811349642e-01 -4.656214371609267155e-02 3.620634760611294745e+00 3.601892883156483371e-01 -5.247586799871133134e-02
2.996035682902509212e-01 -2.095919388076518675e-01 3.715112539015694271e+00 3.422084753258293754e-01 -3.544146813753934477e-02
3.098536874263509433e-01 -4.917894367451171311e-02 3.627436801575753211e+00 2.838676121073054337e-01 -6.711875365987396425e-02
3.171187444131541300e-01 -6.097895114987533782e-02 3.609398331186989051e+00 3.353788193491241687e-01 -3.855597088640879549e-02
3.009528565129784838e-01 -3.109118296108741575e-01 3.859650063662171338e+00 2.711169954557159922e-01 -2.220923377776418822e-02
2.804430437382473551e-01 -3.272072654385202450e-01 3.801963501340839269e+00 2.326339416279794015e-01 2.145792158723152862e-02
2.967886746973605883e-01 -1.924787318955671067e-01 3.662102099094052488e+00 2.486750482568536591e-01 4.660855559760938155e-02
2.794085075325463685e-01 -3.561383522201821972e-01 3.875214048616296925e+00 2.326594954036722285e-01 2.493972892972662336e-02
2.914739471576082708e-01 -2.956430913163562435e-01 3.793339258312501627e+00 2.363101109921056098e-01 -2.311442980129837024e-03
2.983588875162102583e-01 -6.278463959960986496e-02 3.601118344510243041e+00 3.355892415048309374e-01 7.694167183384454343e-03
3.028252129956469085e-01 -1.940105229295897016e-01 3.739363388384183029e+00 1.814835232314430669e-01 -1.144676974359770671e-04
3.137033863419251833e-01 -2.468938901245057438e-01 3.770502314999021110e+00 2.586634112933466345e-01 1.502488985832146212e-02
2.797239879202675361e-01 -1.419383374056947256e-01 3.702976082412742009e+00 2.667937128760692334e-01 -5.115690490287647108e-02
3.227212466889391451e-01 -1.156101866297243597e-01 3.712261279606849929e+00 3.452744570357477727e-01 -4.981943149103450902e-02
2.932633310714858332e-01 -1.054216926959263556e-01 3.616573420624123347e+00 3.562381850081114965e-01 -1.908137218385246719e-02
2.927413747771795971e-01 -3.099937457693416887e-01 3.857544480945762189e+00 2.473220648580815029e-01 -2.331855014907981485e-02
2.961942073197137981e-01 -2.703196842263535515e-01 3.776209542957395637e+00 2.971871349414681451e-01 1.610821440637066893e-03
2.880576594768582410e-01 -2.220650243323654960e-01 3.748358497916073784e+00 2.248859657378815546e-01 5.013930108075947273e-03
2.974988626937845604e-01 -1.565792514633054799e-01 3.698191440307366573e+00 2.802935298137557707e-01 -2.817842286814462027e-02
3.011148846436010884e-01 -4.359184724270302458e-01 3.964178371178969762e+00 2.331137652103686397e-01 3.644108419005573363e-02
3.460304505474431913e-01 -2.647756240480990050e-02 3.655920209574808233e+00 4.213132542246667556e-01 -4.352922938822222088e-02
3.019525615617280612e-01 -1.526619095310913221e-01 3.692150028404954210e+00 3.762465855585225838e-01 -8.678855870000337647e-02
3.304248171001435974e-01 -1.054120147885494463e-01 3.662561901543009757e+00 3.444567562831518659e-01 -3.928190764092902992e-02
3.453202169996010817e-01 -1.767049866697351784e-02 3.605761819711432281e+00 3.453646928943865380e-01 -7.497335995296131039e-02
2.954854430069162596e-01 -2.825891931001687229e-01 3.831530649004819100e+00 2.758095364101876834e-01 2.158770300615432680e-04
3.353083590327543551e-01 -4.281804362933171182e-02 3.619538713522326479e+00 3.042120916923962692e-01 5.923722083035584673e-03
3.004643478639845156e-01 -1.517697983478950019e-01 3.755429425299371626e+00 3.551648544961231169e-01 -5.658689237439743641e-02
3.026334984977480103e-01 -2.847713307466325783e-01 3.817291310147078676e+00 2.384519585734941327e-01 -1.287195862597539410e-02
2.862744779542806817e-01 -4.606338742143644693e-01 3.960531748606542557e+00 2.428615796424571927e-01 2.830848647006819693e-02
3.454101618054316036e-01 -8.170631132371483640e-02 3.660203445606983852e+00 3.928534620056427507e-01 -1.718302002572179993e-02
3.058853720761836592e-01 1.064136292166664721e-02 3.537307517886185249e+00 4.047273061010894790e-01 -2.494641959162244987e-02
3.199332569907177293e-01 -1.789597053350014955e-01 3.744899625614964034e+00 2.859505139174894350e-01 -2.214692947214652943e-02
2.818314684382329238e-01 -3.182477270398927915e-01 3.833809036393303948e+00 2.902623066614158365e-01 -1.103771764479836992e-02
3.127146228863655342e-01 -1.058047992629096434e-01 3.667054943752618978e+00 3.922336163292856615e-01 -1.644598243492067374e-02
3.313150536864656881e-01 -1.953056316558597627e-02 3.574414356544066695e+00 3.384796448268080349e-01 -2.692992281558142381e-02
3.126615201345456785e-01 -1.384587675367298376e-01 3.715512527176909607e+00 3.470767735699309409e-01 -2.827204590983085214e-02
2.962607414381056570e-01 -2.179527157425562578e-01 3.742729519442448805e+00 3.092313842273339275e-01 -1.877385061586631446e-02
3.224373141926106245e-01 -9.344525169068540471e-02 3.689962140721466000e+00 3.664912137213167664e-01 -1.642751899439218871e-02
2.683751350478112419e-01 -2.877815652535522517e-01 3.803415983975137138e+00 2.437294690008476317e-01 6.571709943381567887e-02
3.294579802390357193e-01 2.070822513393547060e-02 3.591742351888391749e+00 3.308377178702267551e-01 -3.792241072103530453e-02
2.981630217277946859e-01 -1.273769837384248205e-01 3.643514983212930325e+00 2.599262881017710414e-01 2.082071417208350775e-02
3.140618401301694673e-01 -1.731799431689615421e-01 3.771913368992942939e+00 2.631399839882781477e-01 -8.845196434201786986e-03
3.079920376624743494e-01 -1.986348919866787466e-01 3.779375524390761409e+00 3.794412729484741287e-01 -5.509041696015461176e-02
3.241641788007388891e-01 -1.334274472939347422e-01 3.708177008193007218e+00 3.032937951672537435e-01 -6.297964727057037138e-02
2.974208138464289886e-01 -2.159847739325204130e-01 3.757987709881430938e+00 3.338207961181296479e-01 -2.066282606488587664e-02
3.072885405643030476e-01 -1.184641816432101258e-01 3.659167957702042173e+00 3.825678134526992458e-01 -2.322073873413216943e-02
2.985191719628095264e-01 -2.702431624629234586e-01 3.802488222194374767e+00 2.077815480765305423e-01 -2.385959908789553330e-02
3.060205686848909146e-01 -2.641501700140472253e-01 3.809064359311998160e+00 2.306499625909744222e-01 -1.956809342951977906e-02
3.100165519598971908e-01 -1.988876015049762525e-01 3.715889327613012050e+00 2.191470307898801817e-01 -3.367745904055352568e-02
3.152713644953079597e-01 -2.260386885113322419e-01 3.858654980653552169e+00 2.841517946734085642e-01 -3.184295326105324869e-02
3.316353503768859623e-01 -2.232510724272731839e-01 3.736158353426414891e+00 2.078769734919352630e-01 -1.984762547003902228e-02
3.182331008947038020e-01 -1.639872143592971954e-01 3.766035725853386751e+00 4.091640563523936680e-01 -7.003593828705635682e-02
3.222466107517401590e-01 9.568174048604277671e-02 3.523519814636387082e+00 3.452023920898606990e-01 -3.567899268164428928e-02
3.017589377765153014e-01 -2.542753507501166466e-01 3.797988223290553744e+00 2.516270977342329185e-01 1.044386809399149366e-02
3.025634796340844201e-01 -1.886502327189320816e-01 3.660507848048996316e+00 2.938265270536392082e-01 1.178821217964329954e-02
3.057031695221926193e-01 -1.814974566065798434e-01 3.691594320592967993e+00 2.889053530061264086e-01 2.201440731188664818e-02
3.244066949355184915e-01 -1.179377060793834614e-01 3.682389094801043150e+00 4.308064364704261018e-01 -1.610401193546295850e-02
3.470269583673920022e-01 -1.770158874697030926e-02 3.645110731220500000e+00 3.575323058234040619e-01 -7.017574123422173904e-02
2.944391077408802793e-01 -3.097164923941361780e-01 3.823315582736901419e+00 2.679867073151151469e-01 1.977584571827572385e-02
3.234136707656352083e-01 -1.025778119326867244e-01 3.664303656009914256e+00 3.348217888238615991e-01 -9.428520975838829143e-03
3.009135990339366629e-01 -2.813846196987180859e-01 3.839053795881804731e+00 3.687817553753988120e-01 3.436785173024785311e-02
3.127969222210235656e-01 -2.666110494848051293e-01 3.802367167980151397e+00 2.733866563914391090e-01 -3.433129908396063273e-02
3.484578378713349966e-01 4.535074569638469777e-02 3.596257333227705466e+00 4.412815222834780560e-01 -5.262186224808559215e-02
3.112687426638410804e-01 -1.289975355445399929e-01 3.585640765852777800e+00 3.312106305725908140e-01 1.048551051102578242e-02
3.049327631082358048e-01 -3.086157588506994176e-01 3.790783229813471156e+00 2.337113644632951015e-01 -3.081941672588905945e-03
2.860778180356873257e-01 -3.168025284107524042e-01 3.864004091355784709e+00 2.369715509256735964e-01 9.496449525474440559e-03
3.220718278035766824e-01 -3.751406963122355664e-02 3.656395018492696547e+00 4.021502834656433545e-01 -3.822548929025956083e-02
3.450942519472641190e-01 -7.383935093679155903e-02 3.683877060752080990e+00 4.378957983901710094e-01 -1.013291506537033759e-01
3.098407219059254869e-01 -3.351733669970187179e-01 3.838349701426770899e+00 2.889512575434816100e-01 1.580714623659233709e-02
3.250721416175789136e-01 -2.485774904891202286e-01 3.800992108836061423e+00 3.043348409512435238e-01 -3.290355137939918184e-02
3.185327311835608466e-01 -1.615117092187023928e-01 3.670466281397704922e+00 3.152398469925554725e-01 -2.095706650232911916e-03
3.045990844899612582e-01 -3.544042921484200082e-01 3.843021776313281013e+00 2.346281618211900344e-01 1.725220493328327720e-02
3.039019412176562351e-01 -1.952442589446077292e-01 3.719431040117082254e+00 2.539726546814358166e-01 -3.509023580833724870e-03
3.169857255242621852e-01 -1.705675334323691339e-01 3.799145491721266144e+00 2.743098675320629898e-01 -5.637013527076088770e-02
3.047702840049883455e-01 -2.085235290836020272e-01 3.732677131250802027e+00 3.173517981380840070e-01 -2.229418479857259855e-02
3.300206057263466164e-01 -1.717508652641323574e-01 3.743589268891417632e+00 4.032514776160502357e-01 -3.550145307189590815e-02
2.965781094552732977e-01 -3.327812997884215807e-01 3.840093110965938195e+00 2.828920230289398430e-01 3.127395040970416124e-03
3.237672492016953618e-01 -1.612229097864681659e-01 3.703330227904570116e+00 3.420408345975420872e-01 -4.084212999745394368e-02
3.042861119919896828e-01 -2.953938085853789475e-01 3.798011410141307831e+00 3.183550600660520757e-01 9.234696723016314057e-03
3.234632383043206105e-01 8.977712340733468022e-03 3.636379534785870504e+00 4.080527583663313695e-01 -8.264516267540954197e-02
3.455271243227525657e-01 -1.234545789468549787e-01 3.746472757831793121e+00 3.635171663186043123e-01 -6.558030256970423522e-02
3.213363036081920976e-01 -1.913546279035437669e-01 3.767359995576492704e+00 3.102894197237329732e-01 -4.002742816110459179e-02
3.068727768166185643e-01 -2.952974287982445545e-01 3.809260640172253520e+00 2.848681243269800545e-01 8.182716688571194108e-02
2.991644346113033204e-01 -2.986490479488555505e-01 3.880664532252098287e+00 2.681117349931938509e-01 -6.397051070632095437e-02
2.716181497198723038e-01 -4.067033527859609254e-01 3.899335538441747406e+00 2.387463937860721808e-01 5.215301458476900853e-02
3.194524597322380144e-01 2.445638400497132658e-02 3.558346349058509439e+00 3.650607558654833662e-01 -5.883313170558765459e-02
3.095387581595515081e-01 -1.555106267593614477e-01 3.742892591041956596e+00 2.540716536695548644e-01 -1.382981965354746628e-02
3.387834811237709354e-01 -5.829465132599818272e-02 3.637632512427695808e+00 3.750837280392019801e-01 -5.107008971064697783e-02
3.049566462074853046e-01 -2.182224751011848929e-01 3.747682888978262294e+00 2.938293298676259435e-01 -6.136413142407121102e-02
3.319765233069997268e-01 -1.801982943645062951e-01 3.749718349462697109e+00 3.262113020264343910e-01 -2.821734373815464395e-02
3.061556298075134297e-01 -2.312085221086936371e-01 3.764606765596509419e+00 2.892021190397667807e-01 7.955518985592619635e-03
3.325873646211803814e-01 -4.228229745482623564e-02 3.672059617612436710e+00 3.654956907107064779e-01 -3.228639525843756547e-02
3.015094559787091510e-01 -2.487651263421727377e-01 3.768741222060649765e+00 2.595011444874523732e-01 -1.900517945615681076e-02
2.754470246802308009e-01 -3.508069173140561103e-01 3.856810775962526527e+00 2.437951505803162555e-01 5.141278030658031489e-02
2.987856941360054197e-01 -2.776349218456563017e-01 3.791513477306437618e+00 1.977351927145542254e-01 -3.787779553960486656e-02
3.133360345267647840e-01 -1.731974532293923674e-01 3.755344752540723086e+00 2.884349445277250013e-01 6.572623607119312816e-03
2.928804144692573885e-01 -3.823824294578442862e-01 3.920059785849732137e+00 2.514317330483072932e-01 -2.670147274992604527e-02
2.968814520709236460e-01 -3.550545343760259653e-01 3.796645090471340467e+00 1.641318145646653848e-01 2.232653822741110725e-02
3.287456067698382167e-01 -1.612040713246328250e-01 3.737964058767006215e+00 3.324061765245737154e-01 -2.295389345842343415e-02
3.011019527932689011e-01 -3.960920289756599821e-01 3.888769418727297644e+00 2.506423884437337657e-01 -9.635549913120863841e-03
3.102856017589085691e-01 -1.894516724362321769e-01 3.709569177070749291e+00 2.368345367199090057e-01 6.474349440117536936e-03
3.069207944245096464e-01 -1.471559181397241178e-01 3.659237763516380859e+00 2.913981074094782464e-01 -1.279482933945746970e-02
2.795997420160775127e-01 -3.002174739289504846e-01 3.777369184844831196e+00 1.855072304814095463e-01 1.507497775324852934e-02
3.036478946109054666e-01 -1.856533209915275096e-01 3.737547679305845083e+00 3.429316169022247340e-01 -4.527303660537933261e-02
2.965160437768722401e-01 -5.034483771915562178e-01 3.973462461365051102e+00 1.693114227683898410e-01 -6.332442634507925994e-03
3.214642574156375554e-01 -8.550260230888763469e-02 3.645756633938703306e+00 3.150736905903138707e-01 -3.561451950427792223e-02
3.182196934052855530e-01 -8.952398394995192410e-02 3.640627577530027192e+00 3.168328080000655800e-01 -3.948433202533862402e-02
3.060240990349151202e-01 -1.682128279322240294e-01 3.679673236943271863e+00 2.485370878599250377e-01 1.460762277603241954e-02
3.124348000830678984e-01 -2.199280221647861300e-01 3.771723875988906904e+00 3.699459243558546606e-01 -1.926045231350401871e-02
2.885114193988034259e-01 -2.959244157412311838e-01 3.835018775000161639e+00 2.695514470320262701e-01 -4.508032943845252660e-02
2.912319677705184628e-01 -2.886577307953462901e-01 3.836551391705928626e+00 2.577406780155173660e-01 3.368359467116425338e-02
3.308922386738867294e-01 -2.135767089455753165e-01 3.787894133590697709e+00 2.999733731915448232e-01 -2.922852740792361917e-02
3.173785809571739169e-01 -1.386306341381426943e-03 3.643392925821752559e+00 3.679908182111606418e-01 -7.650901313961203098e-02
2.937611696458261590e-01 -3.068191122488179157e-01 3.809327666216136166e+00 2.963538436405680487e-01 5.285366813615206133e-04
2.914880423283060518e-01 -2.842120778738913001e-01 3.819763776008162637e+00 2.509297535513239641e-01 2.212158494618628873e-02
2.737319275534846885e-01 -2.772066134673856208e-01 3.765275531589729052e+00 2.167212925623617781e-01 3.865817852703838653e-02
3.012354591071987331e-01 -2.648735039034177952e-01 3.805629131439681956e+00 3.073484374021509535e-01 4.711174572278267747e-02
3.203338021849536643e-01 -9.005173237244448736e-02 3.617040749576097003e+00 3.767330864433763304e-01 -4.485196607844528505e-02
3.162031122663480631e-01 -1.020898228475116409e-01 3.743573673975188587e+00 3.304736276394570349e-01 -1.905958660793286366e-02
3.215418632930671095e-01 -2.275740449654358732e-01 3.813131796741050739e+00 3.004912695266086509e-01 -4.084125831347376612e-02
2.864151554893533680e-01 -2.648932580581589979e-01 3.830381271862148829e+00 2.829166899849859251e-01 2.243639500706353512e-02
2.912960759693279389e-01 -2.808063168243858931e-01 3.824654555653220100e+00 2.129935156833497878e-01 8.978280406424900620e-03
2.728316931770484732e-01 -4.242966647580431183e-01 3.904677270933655908e+00 2.413503389897225238e-01 5.120349900879148097e-02
2.819701944326751808e-01 -3.118296969009909936e-01 3.870390662731475473e+00 2.434801517667320447e-01 8.925759069194606765e-03
2.961186543690013107e-01 -2.624602650688783179e-01 3.783275751676968834e+00 2.476798264454845577e-01 -2.573179505567218042e-02
3.013881906531475363e-01 -3.889994837576538633e-01 3.910330435175390917e+00 2.144108988678074812e-01 2.037780983979350577e-02
2.990488252047313056e-01 -2.988470747142990547e-01 3.836353570511341182e+00 2.935755190210277976e-01 -2.227117133069766303e-02
2.955416805988883566e-01 -2.542904870961091857e-01 3.739263844199779641e+00 2.005169110560922341e-01 -6.769706009894614976e-03
3.217780895019407561e-01 -1.141294382992852352e-01 3.639751192424573567e+00 2.874404404718735595e-01 -2.063084314721648493e-02
3.285171980787287560e-01 -1.660191688675273225e-01 3.735651977576978755e+00 2.932438524945671365e-01 -2.887844957889758660e-02
3.270406803933675333e-01 -1.128103355814422670e-01 3.655873064691289365e+00 3.304431669765035551e-01 -5.545773117547302816e-02
2.997937970662600815e-01 -2.288131332775017457e-01 3.766728300939896190e+00 3.042660176624808477e-01 -3.797839303658979981e-02
3.263718829014662925e-01 -9.470409701906050415e-02 3.633246331449027977e+00 3.375289288888668193e-01 -4.951686109093106358e-02
2.827998237270185067e-01 -2.830965526959840495e-01 3.781838134930890494e+00 2.190642614575790681e-01 2.584305702867729579e-02
3.067048030207869536e-01 -7.200701190115815775e-02 3.637679800054288481e+00 3.511012814724726594e-01 -6.057761937231888327e-02
2.857167137798883871e-01 -4.266693967596092429e-01 3.928926925990761987e+00 2.373423648940820307e-01 2.378396947441219905e-02
3.131492517412799992e-01 -3.199268808972605127e-01 3.829877124000858668e+00 3.018342239023732998e-01 1.004955419670145594e-02
2.903831329015015283e-01 -2.321703692499624827e-01 3.731890008856028285e+00 2.314238120511260544e-01 6.888582393844301655e-03
3.209671726681789239e-01 -2.758751841333325627e-01 3.796457112955244462e+00 2.693098830080107309e-01 -2.501694295996160708e-02
3.203142923918235185e-01 -2.540968914838201420e-01 3.796792783495704704e+00 2.849393569164076490e-01 -2.139691412295175593e-02
3.497858605541885324e-01 1.915095936527955178e-02 3.579767998220281022e+00 4.126783161951901313e-01 -8.371878748137780157e-02
2.893494901240379891e-01 -3.214880316085171885e-01 3.847564781812434109e+00 1.885067473210994826e-01 8.383438100280891231e-03
2.688122428318585611e-01 -4.236638311339709917e-01 3.934271346012860882e+00 1.855203587181325497e-01 -1.147286741385734540e-02
2.968808204456161448e-01 -3.886044405767056786e-01 3.878969324848113409e+00 2.368693923557464165e-01 1.488698295211645165e-02
2.988260205205923725e-01 -2.291823368176272024e-01 3.740252803789123170e+00 2.920673038175851666e-01 -1.767865248821362187e-02
3.115550985300387099e-01 -2.979712416370180472e-01 3.891473738562123863e+00 3.361745287466489929e-01 -4.012023153314007301e-02
3.013960895583154831e-01 -1.652212729717736639e-01 3.733175576005791196e+00 2.695618101279081413e-01 -5.093503020484150060e-03
2.959879449898963899e-01 -1.801899039114207846e-01 3.730637932103021637e+00 2.821435472410476764e-01 -1.060454228999428358e-02
3.160000179423749778e-01 -2.697327918236455124e-01 3.840909196703905071e+00 3.127806172836057885e-01 -6.771400307512323580e-02
2.900050108611649802e-01 -1.855239551544101417e-01 3.721261992338564362e+00 2.521788473307561285e-01 1.118329610513845926e-02
2.892264753755268702e-01 -3.510222399257456605e-01 3.828183588246114155e+00 1.773749738149025812e-01 5.650791056886066664e-03
3.079191023571904440e-01 -3.072502006638180849e-01 3.814932402567767333e+00 3.269370331117322781e-01 -1.167402115221443173e-02
3.049536631199455949e-01 -3.294117596212953192e-01 3.891751688620021632e+00 2.994348561130346087e-01 1.861541002423800287e-03
2.780600853843833153e-01 -3.649026651607167326e-01 3.884523326979471669e+00 2.462027648024555648e-01 3.964482000662632177e-02
3.318604664107215885e-01 -1.201943237959859911e-01 3.756491473127987479e+00 3.766761445187647439e-01 -8.076503739999467413e-02
3.000873868135056632e-01 -1.752307210639423296e-01 3.692413535557135251e+00 2.449474295856656492e-01 5.266224665652409487e-02
3.379480900246230601e-01 -1.876024001655497708e-01 3.814677464187106626e+00 2.730444085532978682e-01 -4.441249211404998259e-02
2.856469622907272243e-01 -3.549562834629262364e-01 3.876111115917817873e+00 2.887699706818538936e-01 -4.959983495591728520e-03
3.190982596436325314e-01 -1.695255582028834529e-01 3.727593684922816841e+00 3.671496805757158421e-01 -1.347430496915089787e-02
2.903573172091916121e-01 -4.986189765580471001e-01 3.964367609819886784e+00 1.843090849725948221e-01 3.796100210919255841e-02
3.349746093039717154e-01 -7.546363602927022574e-02 3.646167892843836356e+00 3.660181753855878406e-01 -1.655061865711278390e-02
2.965607117460277720e-01 -5.137229383185162868e-02 3.605605618574679649e+00 3.119696536489118266e-01 -6.839256646997408928e-03
3.235932690196197670e-01 -2.736243215520052785e-01 3.769015100509087723e+00 3.134695025257888124e-01 -1.534979419673543170e-02
2.969167787400031622e-01 -3.043741516881396381e-01 3.841677751182392520e+00 2.539817361639274407e-01 -1.604450816398050872e-02
3.227565542714552205e-01 -6.538470386816060131e-02 3.635211471177116849e+00 3.378838726647914736e-01 -4.219197441879220245e-02
2.782537151966303912e-01 -3.498420702746033450e-01 3.889011299885055450e+00 2.773844133877851892e-01 -2.232355455970176303e-02
3.247631074036373966e-01 -1.148818574818890187e-01 3.721697789623818142e+00 4.051603089631195531e-01 -9.507139848221660833e-03
2.996205309007966000e-01 -2.134978822372414486e-01 3.750478810300998500e+00 2.952626008043770511e-01 1.929901434311602840e-02
2.740248508858597609e-01 -2.896290979706966917e-01 3.743751006937684256e+00 2.088015573097745381e-01 2.938983073147803313e-02
3.186883442058281446e-01 -1.793805894801751566e-01 3.794703810170513947e+00 3.514502200393912479e-01 -4.171116448204556515e-02
2.960286945165978567e-01 -3.131961880846672597e-01 3.784313368755838791e+00 2.432232456491572881e-01 3.681503662834847979e-02
3.033195971834500293e-01 -9.017351041994045580e-02 3.624387851853994924e+00 3.319780673837529061e-01 -3.350886753590019349e-03
3.177387963192210285e-01 -3.191523186836354720e-01 3.801488338841616521e+00 2.767143750488152421e-01 7.780260630136499184e-03
3.156533065077305467e-01 -2.303751479392779633e-01 3.757000956083987653e+00 3.645631900704785489e-01 -3.268131832123219449e-02
2.997544345514086550e-01 -1.379531268248637144e-01 3.704288773101879872e+00 3.726530762310036327e-01 -1.683862310165041426e-02
3.277845488020039721e-01 -2.217413151829834839e-01 3.777935074804531723e+00 2.385758875137981294e-01 -4.010601623611784183e-02
3.090834602415312160e-01 -1.976184268258603105e-01 3.775784614395915728e+00 3.311297107022809216e-01 4.894697828931840466e-02
3.143215653313495839e-01 -2.878425838236315371e-01 3.866346385303865318e+00 2.537209621426553263e-01 -6.566346945470900864e-02
3.018092054683417791e-01 -1.164827057215138961e-01 3.645885504274246181e+00 3.367887183745705282e-01 -4.285058887629610708e-02
3.052626877743719325e-01 -1.323777672667960648e-01 3.686111557668427796e+00 3.063011428896125765e-01 2.554183336844258190e-02
3.101856962668722018e-01 -2.187236381007355290e-01 3.768897746189983078e+00 2.557961131091602280e-01 -1.509523753573341343e-03
3.258883672121360986e-01 -2.131928179499122944e-01 3.717168680146509807e+00 3.206641708811894809e-01 -5.717846099394557208e-03
2.984311527001070607e-01 -1.975440850712575913e-01 3.757035672012000838e+00 2.141967240588170673e-01 -2.910557275881293232e-02
3.021693450433691197e-01 -2.528005060018300720e-01 3.770363761481398512e+00 2.983939399846845530e-01 1.311736678857886723e-02
3.115735236332815017e-01 -6.230355413266698561e-02 3.637775499502530874e+00 3.147969853827639608e-01 -4.250342832609789456e-02
3.413468500155436014e-01 -1.623254844258673613e-01 3.746956742763260184e+00 3.548315579910522599e-01 -2.915512821637167296e-02
3.165309014665738108e-01 -1.962975220104116320e-02 3.636694104286414930e+00 3.420867063523860274e-01 -3.100790698672410695e-02
3.397852272903465476e-01 -5.688839515855900753e-02 3.643809520262954127e+00 3.753059430535924390e-01 -6.328364862352223175e-02
3.255946167310623252e-01 -8.644099337309550657e-02 3.641670474982763750e+00 2.793401366947083075e-01 -2.790357831968682395e-02
3.225198123047520737e-01 -3.450972606282963762e-01 3.847205451735536741e+00 3.359720693554314463e-01 -2.362070510313871163e-02
3.014799760596402756e-01 -1.360798274236155736e-01 3.710743962318849398e+00 3.184684375346330532e-01 -2.908356991403234990e-02
2.900681388444447117e-01 -3.961461609218585589e-01 3.941896531629145439e+00 2.093610477579112561e-01 3.151391959037030954e-02
3.209344116278006198e-01 -2.233128495473407082e-01 3.751994304668557767e+00 2.890323918619073229e-01 2.808826363266394427e-02
3.152433150419135521e-01 -1.231399060335201662e-01 3.705216564923045297e+00 3.296779134486531038e-01 -1.025137215197845578e-02
3.256627971415726464e-01 -1.300004757007760525e-01 3.710942120077809214e+00 3.335606490945427494e-01 -2.793246058461157019e-02
3.036990479148372613e-01 -3.028993347164279371e-01 3.881408457152253355e+00 2.685220470723588271e-01 -1.989276714636922794e-02
3.376094410652226707e-01 -1.162430769472979630e-01 3.711647190624618897e+00 3.186710614984576972e-01 -3.347676726196080477e-02
3.074123060747863678e-01 -2.443410565240920485e-01 3.791893061794615161e+00 2.495805973529734156e-01 -3.583970498483285416e-02
3.283391211302646440e-01 -5.230630728616393610e-02 3.705349752769318439e+00 3.321485955119532485e-01 -3.581905682827028758e-02
3.261049767595307625e-01 7.093098248431940755e-02 3.521479421690894451e+00 3.926449458446185092e-01 -1.163206239040906198e-01
2.929109118853211458e-01 -3.015815451260277502e-01 3.830554846955553927e+00 2.526252995835944759e-01 -9.100691350140705654e-04
2.938091240110082270e-01 -3.067812245947826311e-01 3.777734557383574998e+00 2.768186324818568411e-01 4.715667507342773124e-02
3.045397259546490099e-01 -2.250732444463373338e-01 3.749988122937812030e+00 2.382602543372067394e-01 -4.267023141280008869e-02
3.137221814516774065e-01 1.519418910784488264e-02 3.565770221179383803e+00 4.052910349306352300e-01 -5.183317884235590783e-03
3.024274857583856835e-01 -3.202260770986394833e-01 3.806699980354912416e+00 2.226981375170997146e-01 3.824572125454030885e-02
3.455261279757377846e-01 1.118244487281426225e-01 3.500156185000175224e+00 4.198221922898484615e-01 -1.032979858850552879e-01
2.851746338936554936e-01 -2.877303227970687827e-01 3.766811604472528163e+00 2.477481707249667986e-01 -1.004140467115414298e-02
3.248911129786484775e-01 -1.937224410992779422e-01 3.725482915287881447e+00 2.920409452903302561e-01 -2.045633775227519852e-02
2.866284360108534157e-01 -3.000620393501453598e-01 3.871225880863627289e+00 2.951752154996471478e-01 1.291279003492978167e-02
3.584978699425946935e-01 7.776188659192814767e-02 3.534921446357769614e+00 4.750655123731404306e-01 -8.739489029401040221e-02
2.855534091015286546e-01 -2.220338374020576488e-01 3.739936818699101995e+00 1.978685644061896620e-01 -3.737463641586998703e-02
2.936990677291032581e-01 -1.446293049674263753e-01 3.743270823226124477e+00 2.488707611096692696e-01 -5.589318519298938290e-03
3.096264544330140089e-01 -2.532908006255089606e-01 3.774292668878238111e+00 2.625566433063771243e-01 -7.862764378707951668e-03
3.175968129818040331e-01 -1.512138049340377155e-01 3.709646632660233312e+00 3.574932153649076350e-01 -2.551190574219243390e-02
3.091699254617020221e-01 -1.803527143949576472e-01 3.670441744176380805e+00 2.673214671565779521e-01 -9.844527936305807678e-03
3.193144954164597316e-01 -4.689111453694391751e-02 3.647952866457942811e+00 3.655322126349214162e-01 -5.216994896411222826e-02
3.204065804780651394e-01 -1.069730956006896688e-01 3.670506017930942999e+00 3.274470733606243966e-01 -5.776746340944444863e-02
3.202843754711182100e-01 -1.908712327530947550e-01 3.793930490425349689e+00 3.487736102278243822e-01 -4.169286128063940527e-02
3.514444367954762116e-01 7.443992455600756397e-02 3.538809456852257451e+00 3.708124964535837731e-01 -5.785685906158839764e-02
3.407515163249807411e-01 -4.925026679257255013e-02 3.672919231314339061e+00 3.901049538904191594e-01 -8.063213393706997190e-02
2.940632909178190202e-01 -3.644038238565478482e-01 3.845026254245759390e+00 2.478618619233388387e-01 -1.088555554442969739e-02
3.118426496534890680e-01 -1.580969419906320950e-01 3.756025502724253951e+00 2.745975227560777943e-01 -1.290840518533507841e-02
3.239355042721874245e-01 -2.586743544477208001e-01 3.808777274161486481e+00 2.412286948454416546e-01 1.289663659433885889e-02
2.910409707686966718e-01 -4.242523368508739345e-01 3.965497836079134419e+00 1.883795636181499478e-01 9.567647049435044904e-03
3.277124181695758587e-01 -3.651011630008532682e-02 3.609291046790856328e+00 3.163219836234748561e-01 -4.140210025210026151e-02
3.107984726349265481e-01 -2.157417813842571475e-01 3.740948838912458108e+00 3.353520941424790180e-01 -9.630281944047490439e-03
3.217041985936111015e-01 -1.150713446687526564e-01 3.677657354918996813e+00 3.254245761791503266e-01 -2.428679062557220075e-02
3.037700818648659262e-01 -8.941434613810500531e-02 3.608009409738062612e+00 3.289528871302113688e-01 1.679694299588430084e-02
3.084852939295913976e-01 -1.649167784907364098e-01 3.741924897177349774e+00 3.550330072247479540e-01 -3.656384017091660749e-02
3.029341184060028724e-01 -1.808629806358759418e-01 3.762574343120330234e+00 3.281204638922307071e-01 -8.101396381860941076e-02
3.307197010018637084e-01 -1.762021481382601007e-01 3.709453925676604147e+00 3.489935564146091629e-01 -2.973899691997113071e-02
2.984654034603521078e-01 -1.821450553355056512e-01 3.717727536094344476e+00 2.889701182422410031e-01 -3.603026827584229763e-02
2.924172625459519614e-01 -2.745831165077972091e-01 3.771314050464393386e+00 1.496083752157008617e-01 2.511443383533123325e-02
3.085022129791028522e-01 -2.009295296782743212e-01 3.755442867283337982e+00 2.078784757218466450e-01 -1.266050677363706259e-02
3.216059433758916564e-01 -1.103550877985527978e-01 3.711278231526225380e+00 3.398767434031990664e-01 -3.216989133695689895e-02
3.088786841759714186e-01 -2.102525657163135664e-01 3.806616202766432533e+00 3.072769873590889267e-01 -3.389797449904877885e-02
2.860221702802778210e-01 -3.588362228759103267e-01 3.835143140793737526e+00 1.797166362052764477e-01 1.056122329175580681e-02
2.754592895775157535e-01 -4.446528369354756371e-01 3.864556027949992423e+00 1.415775033816206729e-01 2.258657136433962070e-02
3.008931927157121322e-01 -4.068825315200674808e-01 3.911027990376660046e+00 2.715818598511807735e-01 3.265124445383304347e-02
3.170083211505238530e-01 -2.049271819276724527e-01 3.763231812805356125e+00 2.990286923545207864e-01 3.607408080031701547e-02
3.027603849780906020e-01 -7.808831820839939875e-02 3.614131608480966040e+00 2.900837452094277014e-01 -3.402785216797385437e-02
2.939121899486227818e-01 -1.449719230319492236e-01 3.719618233416773112e+00 2.656606107206173073e-01 -3.117562088307229695e-02
3.242741649440958884e-01 -4.017028457839558198e-02 3.621895829982532344e+00 3.579157004187951130e-01 -4.698153449028509565e-02
3.197425684531180479e-01 -1.564810798023399951e-01 3.756504629864910072e+00 3.400360209596038907e-01 -7.826691264187253527e-02
2.923597380266740320e-01 -7.846615741899498619e-02 3.623155675402153886e+00 2.914549105508861260e-01 -3.323198605078060697e-02
3.236147327256470030e-01 2.378680236283431393e-02 3.548549147343948995e+00 3.400656342859596504e-01 -2.263518664800025226e-02
3.111947630744864579e-01 -1.986940215633875573e-01 3.774812571177782239e+00 2.998173344034485432e-01 -2.557102426843520931e-02
2.982656207097872381e-01 -3.285478114632263691e-01 3.829037324796726871e+00 2.879954840396254379e-01 1.595119414239958705e-02
3.165219286958158018e-01 -1.636954736106856767e-01 3.745533252775906430e+00 3.632306910146898549e-01 1.194597788363179619e-02
3.429526184937408684e-01 -2.624280359870510143e-02 3.611818286092908892e+00 3.336161305868766136e-01 -3.951038595596125663e-02
3.133022210864866985e-01 -1.940917529329906910e-01 3.705948110674868179e+00 2.189240702389262661e-01 -3.355689170512619890e-02
3.079576776451487530e-01 -1.388805648818923766e-01 3.703286190825172408e+00 2.897613860709227773e-01 1.914565702062977215e-03
2.913977613376772524e-01 -3.476815754690638638e-01 3.895411767285084093e+00 2.633950728185773249e-01 8.429876376807830807e-03
3.201073522598098520e-01 -2.108742572996943621e-01 3.784506564266997053e+00 3.290473357267242882e-01 -1.393716763984438611e-02
3.152506524193960935e-01 -1.455396494215411840e-01 3.716165975306356728e+00 3.221234423400696767e-01 -5.197150931524634893e-02
3.036163824791404675e-01 -2.549754881820947561e-01 3.830639335895980047e+00 2.603554350016980545e-01 -2.199925318644344041e-02
2.915434190561901895e-01 -4.549518209472608321e-01 4.012685073090023202e+00 1.999186511762573726e-01 8.673798391685120027e-03
3.102920628831984939e-01 -2.109228866321442852e-01 3.746809427475495280e+00 2.379330389256525402e-01 -1.144728156671220506e-02
3.229637242705811206e-01 -1.589516849558485212e-01 3.684581387574470845e+00 3.226353216424288073e-01 -1.870035835392061876e-02
3.023409999311676977e-01 -2.389110263278834967e-01 3.789256619862503062e+00 2.756132728486466177e-01 -3.683982060370392941e-02
3.509471957534359698e-01 -1.085974459849428642e-01 3.713442702398052742e+00 3.538164496120424496e-01 -6.013641028887266315e-02
3.144387161088973426e-01 -3.383781048073596365e-01 3.894146219224831729e+00 2.491468022208532807e-01 3.128278793003438918e-02
2.858506016378006831e-01 -3.495966050717724816e-01 3.857688643918249394e+00 2.638541432334780557e-01 -3.073498109983924254e-02
2.820777597780512735e-01 -3.676764010817594741e-01 3.833851742803373153e+00 2.697734205905906180e-01 2.754097141736851911e-02
3.087127684970619734e-01 -3.415117869002678996e-01 3.907625011808108173e+00 3.156038425387537316e-01 3.029323554120030501e-02
3.092924949955276337e-01 -2.007180674538411314e-01 3.709219869038019812e+00 2.666202540727910519e-01 2.586720430074528759e-03
3.094111970077784712e-01 -2.454884327345738526e-01 3.752985703009033003e+00 2.276405674951470226e-01 -2.379132366506350738e-02
3.133840744700099878e-01 -8.038672331019477979e-02 3.635031352678947947e+00 2.902388769759620679e-01 -2.257007103767910694e-02
3.029823399113840132e-01 -1.891299768713153306e-01 3.680520747361051281e+00 3.049941917845020445e-01 3.973219789116640144e-03
2.943233822172224290e-01 -2.156441050227119183e-01 3.737392575439142828e+00 3.339173876098837646e-01 -4.305386439498352924e-02
3.505926544367780617e-01 1.124600829294421928e-02 3.608515521898950862e+00 3.652769705013498291e-01 -7.622118392450377700e-02
3.092607255946125955e-01 -2.595543423154954565e-01 3.861181246614523221e+00 2.416515668643491044e-01 -1.627818271952834184e-02
2.994631477579892120e-01 -2.452941377620322660e-01 3.787605304593796518e+00 3.197217720013676434e-01 -6.697338743446161133e-03
3.253285567448913063e-01 -1.309327080266970422e-01 3.707096020553175109e+00 3.740520441923445571e-01 -6.746470386508135464e-02
3.218741411227821758e-01 -1.506450479754620209e-02 3.604983205404154400e+00 3.323542330775980935e-01 -5.134145598413676626e-02
2.942831761001471480e-01 -2.752975183489352329e-01 3.787198181142347408e+00 2.985099892318247572e-01 -1.611063102817957698e-02
2.730304161825599096e-01 -3.178989706367879031e-01 3.766568024643053736e+00 1.905583736101028047e-01 2.570675334458181333e-02
3.497029048709577315e-01 -2.117103428291323142e-01 3.733232019607893193e+00 3.426839966256452485e-01 -4.776244003184955400e-02
2.850969768871400301e-01 -3.550894716838609577e-01 3.900380168464358199e+00 2.192431447842272119e-01 3.588679106774055744e-05
3.103785236600171693e-01 -1.533056256881221435e-01 3.669916130126075871e+00 3.108899983982479354e-01 -4.098354640837271502e-03
3.056361280283316217e-01 -1.499895458967977768e-01 3.717964934737528093e+00 2.541152715550732966e-01 -3.989368250625274781e-02
3.178635142398298918e-01 -7.043050488578629642e-02 3.675189390516040877e+00 3.522998822566532628e-01 -9.462767505307596860e-02
3.161585190353791708e-01 -2.894310225141220605e-01 3.785384858640998385e+00 2.416508225861013215e-01 -1.399919482030174619e-02
3.396674497544130977e-01 7.391003090754294513e-02 3.502237698808548849e+00 4.211730232269364493e-01 -2.946498873396413698e-02
3.192833064199295245e-01 2.038000298865492999e-02 3.592168496901390284e+00 3.640075071733822054e-01 -6.952945662201068244e-02
3.504884407740900820e-01 8.867987130003859853e-02 3.583002176928770766e+00 4.530537260515580811e-01 -1.123453876959410180e-01
3.131388037771824506e-01 -1.520771435660198123e-01 3.765287771326885746e+00 3.120676269491343136e-01 -4.171980006249328271e-02
3.155112045914960084e-01 -1.123092168544771174e-01 3.696803618140463321e+00 3.477893284429430243e-01 -4.735122902322172478e-02
3.332506321826116391e-01 -1.491953554612237554e-01 3.685846492765177285e+00 3.222157759423925349e-01 -2.172171062242871098e-02
3.401636760287662931e-01 -8.980418383929350545e-03 3.615738639861696413e+00 3.849549703852942484e-01 -7.064910925448081302e-02
2.757191875435912043e-01 -3.171098311867890374e-01 3.808396391782083779e+00 2.411921765439614396e-01 -3.369645250133509063e-03
3.236190527607686329e-01 -3.388188166949498425e-01 3.889643428590735752e+00 2.857601645378173294e-01 4.520485237815417834e-02
3.086756071950447211e-01 -2.449083763916246048e-01 3.779970823533975732e+00 2.564331106866127308e-01 -4.590954807458875325e-03
2.924314285728327745e-01 -3.347504708867127809e-01 3.864170748861055493e+00 2.591838133244001585e-01 -1.410241788181702816e-02
2.869058428635469782e-01 -1.930523685965500058e-01 3.751438744176819551e+00 3.130319205019537754e-01 4.309729671016976349e-02
3.218604217574065340e-01 -3.031772335122321915e-01 3.848347809200324043e+00 2.253253227867456909e-01 1.759846764258819751e-02
3.510078325638912311e-01 -3.153444767451749065e-02 3.646195126470864967e+00 3.730373407050833756e-01 -6.528669636024615752e-02
2.953477535671753529e-01 -3.400085480633731061e-01 3.880894289302638356e+00 2.983818923923027833e-01 4.485693076917240604e-03
2.770425937675181083e-01 -3.251519592485951904e-01 3.814463018895145829e+00 1.705829382674448058e-01 4.520546535285897838e-02
2.837823728123605727e-01 -3.287498006655772409e-01 3.810920391055210743e+00 1.845908234211832144e-01 7.251302353824881641e-02
3.063351461274910204e-01 -2.853122899427548154e-01 3.788351608765284428e+00 3.279607553767560635e-01 -2.570125227159917453e-02
3.286388057852006050e-01 -1.464538265209527901e-01 3.695789711593238991e+00 3.500844974301636769e-01 -7.865945438783328303e-02
2.725000388271599516e-01 -2.631326958346610345e-01 3.777131528996661380e+00 2.079437157697735516e-01 4.907210659963210514e-02
2.954583018200873656e-01 -4.099217373107089668e-01 3.868386158994256085e+00 2.121843070187069968e-01 2.389137517201833649e-02
3.044613900504280490e-01 -2.327048202070415017e-01 3.759742684913990995e+00 2.283484973932266016e-01 -1.817939331765001248e-02
3.230356405571728207e-01 -1.195120108293813987e-01 3.688973298981294668e+00 3.104812575278613762e-01 2.828788649571195579e-02
3.271972621529432024e-01 2.054657073366191605e-02 3.598190145151732189e+00 3.481417626891166739e-01 -2.228446404989511270e-02
2.949204141944450352e-01 -2.368349160190059144e-01 3.834145521903078002e+00 2.880873535922274797e-01 1.406665827472985443e-02
3.086087342377696330e-01 -3.267080686512313092e-01 3.868048064580206002e+00 2.970113900422284847e-01 -1.846003686191963894e-02
3.241061490856780858e-01 -1.263410055593169601e-01 3.735466071857250991e+00 3.421955517246970113e-01 -4.289880233518030689e-02
3.188203092523561044e-01 -1.405657729610238771e-01 3.714731918368359587e+00 2.882319681844547898e-01 1.475731585590165165e-02
3.399283408056352762e-01 -5.187407894676455966e-03 3.615714352787201324e+00 3.788563212292406779e-01 -1.133129751233796917e-01
3.064546279578639343e-01 -1.161219507106392990e-01 3.709872700800834977e+00 2.799490731885724837e-01 -9.115755813946194858e-03
3.229426021799499114e-01 -1.343540546476207631e-01 3.700412213621452562e+00 3.471845156106217467e-01 7.134663319867159958e-03
3.315489889448968164e-01 -1.455703195000974393e-01 3.689532118375669967e+00 2.763097467226666160e-01 -1.171769163499469107e-02
2.992652463706402255e-01 -3.477944555135745741e-01 3.888048554692936865e+00 2.169737990257280258e-01 -1.412605731905272090e-02
3.400452358464078895e-01 -9.727042196719040690e-02 3.702638185951654837e+00 3.317989159231971574e-01 -4.736438556104322073e-02
2.679201973797076808e-01 -3.021844992237125993e-01 3.824365326514219010e+00 2.061241166824812066e-01 -2.044140868589915117e-02
3.437253961744664577e-01 2.843186845208708902e-02 3.635151636387351282e+00 4.080096840905103051e-01 -6.432264342589719130e-02
2.850621734697890708e-01 -2.269731783981289441e-01 3.751711516225967546e+00 3.336135858283588718e-01 2.563821080922579210e-02
3.060461363061655615e-01 -1.535985156862842704e-01 3.727769317730341037e+00 3.403683822261602820e-01 -2.030634681614831762e-03
3.372167366434416502e-01 2.027905447514368256e-02 3.590041193835256106e+00 4.227523271873233068e-01 -2.967718290310964596e-02
2.940358343664449814e-01 -3.064097249786642552e-01 3.824009567888514205e+00 2.566028677944743874e-01 -3.628130862577728932e-02
2.935396857333763543e-01 -2.074318900146044919e-01 3.769983947971324412e+00 3.067794407523028455e-01 1.030908015103126907e-02
3.160120738364217696e-01 -2.779492774125821297e-01 3.849811962733538540e+00 3.054455896506951262e-01 1.733426304628271977e-02
2.913331277607658643e-01 -1.446268994211082903e-01 3.714968513542127759e+00 2.377583965472899741e-01 -2.671165293354786641e-02
2.917404168161583655e-01 -2.869786865658426334e-01 3.810132526205321835e+00 2.399727434144638405e-01 9.713002930416304859e-03
2.858394359237290128e-01 -3.410028514069232686e-01 3.836890552746471617e+00 2.459374819036473925e-01 2.536581978019049680e-02
3.084088686569336768e-01 -1.464472058214899564e-01 3.694311737062887513e+00 3.279131256541629180e-01 -2.105627464081782224e-02
3.073211331828083481e-01 -2.124832225792799845e-01 3.779412004765835942e+00 2.851168171725464440e-01 -2.921079509691520276e-02
2.942213161290114787e-01 -3.172848667816708934e-01 3.833276115924136196e+00 2.686419684430174093e-01 -1.532103855578605470e-02
3.233169295845420010e-01 -1.691600518217894200e-01 3.779882761728783791e+00 2.319090167187713436e-01 -4.370882971721653382e-02
3.033265215372694112e-01 -3.060102757010472740e-01 3.867727116525378595e+00 2.128022405455702870e-01 -3.965220217534295988e-02
2.728463122082283032e-01 -3.359306388750740724e-01 3.821607430416405826e+00 2.613610436979452722e-01 4.007984068136948019e-02
3.060851753040599865e-01 -3.260031801747711455e-01 3.847068923950111685e+00 2.548490425748338728e-01 1.627121980311397459e-02
3.226918240669672255e-01 -1.096186232478252032e-01 3.638847502696632041e+00 3.613637246437752526e-01 -5.101957551450211209e-02
3.301236624827533217e-01 2.608978755826404927e-02 3.533605546807377706e+00 3.360856643349311446e-01 -1.802726159120357843e-02
3.441150952936041785e-01 -1.002849243542658364e-04 3.661917339356690615e+00 3.333970335510406668e-01 -8.414841586705332221e-02
2.673601638033265004e-01 -3.401466756406451575e-01 3.791228859288215514e+00 2.085309067363617652e-01 1.398436250891341853e-02
2.960189005988630995e-01 -3.521345828586847082e-01 3.842020310396661475e+00 1.872300336765414241e-01 4.512250419403200652e-02
3.083083297489744301e-01 -1.961742252308575907e-01 3.797078490354516056e+00 2.427454215526441972e-01 -3.183825891784028417e-02
3.314839711522392096e-01 9.856753365271038458e-03 3.579151168118996473e+00 3.384716152390140897e-01 -5.521070178601036188e-02
2.809317618897838598e-01 -2.919749818671363850e-01 3.863902658178343774e+00 2.549839482192518547e-01 -2.394555553309418369e-02
3.007070280386747174e-01 -1.236068439294801674e-01 3.685834482276072688e+00 3.346157303073593603e-01 -3.523606271866404349e-02
3.282769187233993136e-01 -1.433976416107760055e-02 3.604471321732718447e+00 3.930270149803795077e-01 -4.240086205857607898e-02
3.293673378581974953e-01 1.713269739867893104e-01 3.440009874688886971e+00 3.990308474968206620e-01 -8.156875953026374026e-02
2.621652274568785357e-01 -3.620085749948315224e-01 3.751462313188649755e+00 1.619220545104342601e-01 4.007109803186375413e-02
3.086596514773292110e-01 -3.036495553992427654e-01 3.816824867706049673e+00 1.924102736215752008e-01 -1.707963679669154133e-03
3.185410373976425014e-01 -2.476853273292780877e-01 3.783888480350781514e+00 2.367254187906758511e-01 -1.508895925401316368e-02
3.205187480168842362e-01 -3.062393672349901785e-01 3.833802569244565639e+00 3.266387112214659827e-01 2.278692182582676279e-02
3.292882531582259631e-01 -2.469685339084080056e-01 3.796054651888966180e+00 3.859752141452841290e-01 -4.617917188328564404e-02
3.354727053263100722e-01 -1.765967286994014618e-01 3.716769337741537171e+00 4.037970198017344914e-01 1.603090949802110643e-02
3.135614656034942382e-01 -1.760018746426506020e-02 3.597245439093090358e+00 3.619526817887057657e-01 -8.553587440583503010e-02
2.978977176915560965e-01 -1.482211634290773739e-01 3.703005283572401662e+00 2.599511205773002431e-01 -2.445012175775536020e-02
2.911198696544382569e-01 -3.273582867291908727e-01 3.748921198062997728e+00 2.339911583625724489e-01 4.542425482555736971e-02
3.045679357116446440e-01 -3.221304779104033345e-01 3.878307216006167568e+00 2.352819703769103432e-01 4.419858252584792091e-03
3.239813680855283540e-01 -4.087038549846717939e-02 3.612661325401986367e+00 3.305555742901478133e-01 -3.929731939054193629e-02
2.787140323680551424e-01 -3.833841715743528389e-01 3.886832749479674831e+00 2.454140791386084652e-01 6.397541592757979845e-02
2.877969621957310875e-01 -2.924524817970443058e-01 3.784275034986014585e+00 2.205223167123964989e-01 -2.477641476830889922e-03
3.144652937402165893e-01 -1.590367080027218494e-01 3.655052063783320815e+00 3.012782103827023050e-01 -1.110285929175588646e-02
3.195284607458170334e-01 -1.891755255123818147e-01 3.716981209921797369e+00 3.167544215286225429e-01 -9.254598904351632807e-03
3.097593416159677426e-01 -2.971853091839378180e-01 3.788683697427273511e+00 3.417561384793859625e-01 -3.772546839035384458e-02
3.507494657860197318e-01 9.240226916492581821e-02 3.545657413488245258e+00 4.391611422490309113e-01 -4.598728098436494216e-02
3.245094782691224089e-01 1.269651028074121613e-02 3.555994697471402954e+00 3.079894270540525780e-01 -1.920282547417022367e-02
2.784072119473364193e-01 -2.989639320428037483e-01 3.787502527189971158e+00 2.394114823979879847e-01 4.534781239083460896e-02
2.998413460953536780e-01 -2.625566424052860892e-02 3.565686048822547694e+00 3.199923153487085892e-01 3.183796295936888732e-03
3.275081386817116358e-01 -7.692982496224190503e-02 3.692754528019104310e+00 3.878302724025261550e-01 -6.193605247962501170e-02
2.909512679645607780e-01 -2.532864137056911602e-01 3.732594423621588220e+00 1.981010942441449318e-01 5.336484250717491579e-02
2.743207725224521276e-01 -1.171484959691212052e-01 3.693165168569784385e+00 3.078178035007256286e-01 -6.420478764141440697e-02
2.981115562765057070e-01 -2.753184572795835949e-01 3.728928063853367281e+00 2.972714751105808850e-01 2.554614578950039142e-02
3.259216068845050551e-01 -1.966639700177953420e-01 3.777951545026457580e+00 3.619425774574238086e-01 -4.452497936689484015e-02
3.052822127907685590e-01 -1.555604579682972055e-01 3.671558815974373058e+00 2.438844385542403292e-01 -8.079175842595980039e-03
2.817819687012668162e-01 -3.604327867317738687e-01 3.857941872131794625e+00 2.236368284622417824e-01 5.081674563273821943e-02
2.874771157006725253e-01 -2.773252032947960410e-01 3.794031349894639416e+00 2.861005464871070325e-01 -3.894852059444418868e-03
3.119190515504972061e-01 -2.169168714214034233e-01 3.748816551866804847e+00 2.663952611483876853e-01 6.973978051838874807e-03
2.828324971083703843e-01 -2.571062806806883039e-01 3.803193365523819480e+00 2.721324435144206189e-01 1.286857964567475997e-02
3.260491468242834312e-01 -7.485929783891222267e-02 3.619191030200757719e+00 3.113549728737814437e-01 -4.979830608732591785e-02
3.068179708462992483e-01 -3.472118882089659797e-01 3.828449344332785387e+00 2.692326288688492442e-01 2.450957313630413442e-02
2.758180574804100504e-01 -3.026598163761850535e-01 3.796712789745212202e+00 2.307461688160158952e-01 1.788655677547301009e-02
3.396336098597653175e-01 -2.525642299587738115e-02 3.610594178153544664e+00 2.952659472669968976e-01 -4.417271293350361755e-03
2.975994401139637202e-01 -2.731567041557965148e-01 3.827052000693417888e+00 2.511152121335800125e-01 -5.028378820242720981e-04
3.913962358897611349e-01 3.573196872293675774e-01 3.313875370521678132e+00 4.778745003904685817e-01 -1.035852018268904468e-01
3.283885030276933459e-01 -1.048912279074986909e-01 3.706186678927984257e+00 3.190515503341841419e-01 -2.846065738837846165e-02
3.124872366563495318e-01 -1.262600685082726215e-01 3.691718549346019618e+00 3.457367464170136295e-01 -4.738516420649399596e-02
3.175088793445428603e-01 -1.229697679030002794e-01 3.675415226211871111e+00 3.117738916105733948e-01 -8.693645521692138986e-03
3.187728193631773066e-01 -2.015825340193320159e-01 3.800539994729800419e+00 3.551116953515556229e-01 -1.375389979326963399e-02
2.998579134821853232e-01 -2.027689256171113508e-01 3.751452955653053589e+00 3.468785446816100571e-01 3.675158374303988396e-03
2.961163409893731169e-01 -2.588133320247639757e-01 3.782743127487077306e+00 1.991267888652979712e-01 3.736169594468224942e-02
3.415907586799632467e-01 -5.430560386936325590e-02 3.634878083199138743e+00 3.967359236969209002e-01 -4.162335677158292280e-02
2.791755468078820357e-01 -4.545828800010895954e-01 3.906815750017226030e+00 1.119102945505844049e-01 3.749915957992707230e-03
3.181723853432865678e-01 -2.458389877001408985e-01 3.793364499377095189e+00 2.759176023054280003e-01 -3.254588416365074982e-02
3.259094120564995922e-01 -1.886959876759947419e-01 3.773875067812753503e+00 3.164756318680405078e-01 -6.796614706883033485e-02
3.123050522648629368e-01 -2.279574463619384317e-01 3.778474115902945574e+00 3.130351906253636129e-01 -1.187166493380425666e-02
3.147102526808318035e-01 -1.141420492780634288e-01 3.698201081968005344e+00 3.649077906105726576e-01 -9.490844619877678717e-03
3.036664208040050217e-01 -2.599346693211745940e-01 3.775645510921875836e+00 2.789157722044854348e-01 -3.199465896729731564e-03
3.287635982864831052e-01 -1.231580126135917441e-01 3.718481846859115425e+00 4.077260506995383227e-01 -7.213392062806625593e-02
2.865890239366167269e-01 -3.898661882260484046e-01 3.897711355486185969e+00 1.859078343772752329e-01 1.520762355552432964e-02
3.090251032045380208e-01 -1.361288369489686290e-01 3.690840987076430491e+00 2.841775967876619680e-01 1.090869944885572429e-02
2.839914659440806455e-01 -3.513869467652519507e-01 3.869640045944940709e+00 2.124283715846090048e-01 1.411959428405629158e-02
3.091997039687352511e-01 -3.654963922571871637e-02 3.606603979700734097e+00 4.113337768108824566e-01 -3.614706797227196927e-02
3.266670186324538427e-01 -1.010689518205543369e-01 3.684443809948562798e+00 3.668014877202740442e-01 -2.402786834211281808e-02
2.892073456914108776e-01 -2.881142904760811696e-01 3.843659531400859475e+00 2.655504082035402558e-01 -1.890248396953716700e-02
3.248034010893215973e-01 -1.446868907308866414e-01 3.697635955571052957e+00 3.553041753203598496e-01 4.440279354324731115e-03
3.068619586668268617e-01 -2.499330141520517412e-01 3.783550333959925904e+00 2.903959840632021616e-01 -6.308113868109581357e-03
3.118856137903202042e-01 -1.224684448947643972e-01 3.673043385064741706e+00 3.845160264606805045e-01 -5.612682640363229197e-02
3.249806853910459092e-01 -1.784698093083631476e-01 3.765019903409136059e+00 3.497600713056858157e-01 -5.298019697692105123e-02
3.169350863714519573e-01 -2.097045389378956459e-01 3.769850420396026358e+00 3.156798067272761354e-01 -4.604776776781905473e-02
3.239348499436599527e-01 -3.517280048536880477e-02 3.634333397605507887e+00 3.621556224887933495e-01 -5.424564004164698222e-02
2.789690865726914826e-01 -4.346667923578677595e-01 3.906207834130253964e+00 1.972883060507531483e-01 3.382715301911468075e-02
2.779891572801469479e-01 -4.263453395837499826e-01 3.934921784699878522e+00 2.307622031854044964e-01 4.190363338651230396e-02
2.731882260546016350e-01 -1.651777719486818563e-01 3.705131151942766543e+00 2.555152733835892032e-01 2.947235714808931969e-03
3.044778966848523671e-01 -2.117345790914069992e-01 3.712599152977415606e+00 2.772384531540003638e-01 -2.791518443184023632e-02
3.230386086929947220e-01 -1.745331660477880686e-01 3.750390814977082599e+00 3.038382001781996244e-01 -1.809510822484170986e-02
3.003586371292269463e-01 -1.500587526053756837e-01 3.723519337920201178e+00 3.411714601794096358e-01 -4.519584290730399578e-02
3.144495800853629452e-01 -2.954932214516391153e-02 3.629827751288462245e+00 3.674423104147394592e-01 -5.922691033835101454e-02
2.945495827431230396e-01 -1.805970175008986822e-01 3.704313830571984045e+00 3.123694348377218932e-01 2.486981798125159973e-02
3.180122969708821801e-01 -7.082412910544383378e-02 3.678454109747998579e+00 3.461268422573015591e-01 -6.172470442941080382e-02
3.305855581919559527e-01 -2.134554849724759618e-01 3.792001575317340833e+00 2.814987194638171597e-01 -1.815721332403981772e-02
3.200026705029042073e-01 -8.766679359379246639e-02 3.646840140787604323e+00 3.273167193111223283e-01 -3.583599233447440358e-02
2.642611471634204734e-01 -4.680517434794916332e-01 3.897130707310147990e+00 1.827636907527327992e-01 2.933062009374974924e-02
3.499516526706250019e-01 8.187141513589071828e-02 3.498771279276799540e+00 4.983127828042506202e-01 -2.015638984547574869e-02
3.308542146839074105e-01 -1.578439609937524468e-01 3.711117998542539986e+00 3.031592704229665314e-01 -4.560630051861419565e-02
3.260327160599920115e-01 -1.562651721726462384e-01 3.707031095029653667e+00 2.897464230397442386e-01 -3.679813260688914733e-02
3.419300270216250603e-01 4.953570228607884207e-02 3.529853488060990419e+00 4.051254804687329791e-01 -6.879914057489713852e-02
2.993508810749501148e-01 -1.030902394355105167e-01 3.679557476477550271e+00 1.758532625771151436e-01 3.582635029529203374e-02
3.115220305658887301e-01 -1.500827156987192823e-01 3.764193433541548117e+00 3.322309185644953811e-01 -5.947707747540958989e-02
2.912189270233869753e-01 -3.187781180597102360e-01 3.844324866688502595e+00 2.699541213911745841e-01 2.749743964231802715e-03
3.662368246100802249e-01 1.219488333858485957e-01 3.497552916237368414e+00 4.590422286361034998e-01 -7.194915360088767475e-02
3.158989823598463142e-01 -2.570474617871443268e-01 3.841795915434003117e+00 3.383267822782584089e-01 -5.380482028702566338e-02
2.939166182993578347e-01 -2.878593435312952198e-01 3.814195463263053032e+00 2.754918485223344926e-01 -2.502038757198386462e-02
3.412797940073559744e-01 2.645210325039967780e-02 3.603519616953213767e+00 3.447284800892823631e-01 -4.478663881060148538e-02
2.845547635890151028e-01 -3.579330681956333082e-01 3.834589499492764286e+00 3.468094775524267481e-01 2.929171466446071556e-02
3.009748829554426686e-01 -2.803343112644498536e-01 3.803728884634062002e+00 2.668077348105440949e-01 -1.687500279082335131e-02
3.108683432967113691e-01 -2.592882427760390684e-01 3.840345680802374151e+00 3.295239855711315502e-01 -6.473345498386468000e-02
3.199582677376988094e-01 -1.810737320582843923e-01 3.756083443228759311e+00 3.209866947780320445e-01 -6.227828799977777607e-02
3.170352057156636261e-01 2.715707737760257590e-02 3.553137993258825400e+00 3.582841180414763627e-01 -8.582137660972230520e-02
3.122622053336723824e-01 -1.861229385365878730e-01 3.656923277334533928e+00 2.024808700753376600e-01 2.425803234029972472e-02
3.204331977165330581e-01 -1.403657765861820172e-01 3.682558655489607702e+00 3.156909882253593480e-01 -3.804334362737310515e-02
3.027856337345277149e-01 -2.807058062334959470e-01 3.764595562181623389e+00 1.894516906150397195e-01 -4.874766549899850476e-03
2.978217138202712833e-01 -3.583142244071503280e-01 3.892298019211089866e+00 2.823241518367036185e-01 -1.063851476894580456e-03
3.274880192545233659e-01 -1.797029071217662033e-01 3.759050053886282328e+00 3.136453122015567807e-01 -4.950718045154312713e-02
3.476060800042232168e-01 -1.290039327907354511e-02 3.642266594804811408e+00 3.865048844741766909e-01 -6.673773324575542343e-02
3.064922375012789635e-01 -2.050723580019817027e-01 3.784303746957445647e+00 2.976702728039857804e-01 -5.817492166149786093e-02
3.304356588697577868e-01 -1.228232683541496117e-01 3.703109800719574629e+00 3.590241403212932614e-01 -7.471958822876735573e-02
3.254550404251144724e-01 -1.936919162524477767e-01 3.694346778489137950e+00 2.874493713953688578e-01 -1.413989607017032864e-02
3.176022128410232459e-01 -1.802084138065447316e-01 3.751937571285508977e+00 3.133736052194004973e-01 -1.365893492965204389e-02
3.015561382195168783e-01 -3.414125989607321165e-01 3.925592920373418782e+00 2.010774267263339687e-01 -2.914836519617828095e-02
3.185158880736163600e-01 -6.106042512655240895e-02 3.678987054755660679e+00 3.047232559255148576e-01 -1.897073982711100504e-02
3.363833064068872392e-01 -1.538208279706623771e-02 3.639455183706460151e+00 3.228665437924673753e-01 -4.724468541705747343e-02
2.718441660542552651e-01 -3.556978228437949197e-01 3.865783111651217574e+00 2.410601572523267122e-01 1.154829898304299968e-02
2.893936425654086153e-01 -4.392061112142878199e-01 3.955401503206898539e+00 2.037490774238426006e-01 1.448570895170372963e-02
3.292153406099499469e-01 -6.424796301192395309e-02 3.644298787172262966e+00 4.190301528272378784e-01 -3.928324498627019934e-02
3.052841485753274298e-01 -3.830957056891340917e-01 3.889956393923065026e+00 2.372000177588097503e-01 8.128970668150950485e-04
3.236248897005294389e-01 -3.857073177286772514e-02 3.621466231080824993e+00 3.358797621498149644e-01 -3.930507000791547828e-02
3.181629842252396423e-01 -8.571542375286453352e-02 3.705392500347673312e+00 3.376372951239258180e-01 -2.892204896100618663e-02
3.015804285921583894e-01 -2.416587142003893407e-01 3.744325924527271088e+00 2.406139214739698717e-01 1.955581724706979829e-02
3.368848440658542276e-01 -6.533933392405991136e-02 3.693746832459181562e+00 3.934870488328249816e-01 -4.828713196286396614e-02
2.816931787643598417e-01 -3.409214618287502718e-01 3.827853050282165270e+00 2.061730282865683606e-01 1.226455891886874330e-02
2.971841003175867968e-01 -2.192697153271162547e-01 3.764301644756797849e+00 2.656189204428441863e-01 -6.984446522874910093e-03
3.007284898061496348e-01 -3.455977650978773741e-01 3.911299335153493484e+00 2.523047562114184572e-01 1.043255649907011071e-02
2.930939640069701868e-01 -5.412631621442262619e-02 3.626487879223528665e+00 3.698875170981782423e-01 -2.707772705316363257e-02
3.617799498738795139e-01 -2.069452129611539654e-03 3.651255465516331622e+00 4.128255028662827231e-01 -1.019552367587744229e-01
2.925881174102766824e-01 -3.503103754875728781e-01 3.863753485792892128e+00 2.546559612148934226e-01 -2.845596828250805677e-02
3.042557442319583361e-01 -1.314610762408013611e-01 3.705849179312415309e+00 3.712497611841600875e-01 -3.232771117043078957e-02
2.973085829783680967e-01 -3.347094881196343019e-01 3.799103272023867994e+00 2.524836273384763463e-01 1.433155848705825255e-02
2.898327321377664467e-01 -2.698294912580644911e-01 3.772917473384252318e+00 2.185184113272446993e-01 -2.857905706047047037e-02
3.571280940240481039e-01 -2.335258230688261327e-02 3.670640166169363727e+00 3.346359351395542525e-01 -5.339931612410567935e-02
3.104791381692220686e-01 -2.458167581266291757e-01 3.754171303559346029e+00 2.538625469025506676e-01 7.239538698504618952e-03
3.205244675667509036e-01 -1.960659297072516738e-01 3.699338273486871387e+00 3.408943809214819431e-01 -2.046337660987433693e-02
2.806973728282655678e-01 -2.755727897247699509e-01 3.827255264529755063e+00 2.142922623195674392e-01 -2.482081768665745508e-02
3.052883012245880545e-01 -2.393784862693935644e-01 3.773313881900082656e+00 2.557048108297362288e-01 -3.987753292790809090e-02
2.868477170797401055e-01 -5.675655678801865278e-01 4.057741437157789122e+00 1.744110819401324952e-01 5.787134510909094920e-02
3.070006809809571746e-01 -3.164428375240622149e-01 3.834872107003612918e+00 2.305209395837567177e-01 -3.291844470817464896e-02
3.205571083226962936e-01 -2.002388085842778387e-01 3.758973719550898096e+00 2.811232623328359659e-01 2.461828057185716512e-02
3.157374783589986800e-01 -2.364131776239991878e-01 3.799109103728558701e+00 3.225879405527130594e-01 -3.640721344215733235e-02
3.327405828856857539e-01 -1.177003097905767320e-01 3.682595176632539324e+00 3.298386992309410015e-01 -2.182887045275082316e-02
3.195677319904441371e-01 -2.004186475829339564e-01 3.798351323190477746e+00 3.645102512490126512e-01 -9.845073439690738004e-03
3.084888731819587226e-01 -1.320626015881587179e-01 3.665128792109862754e+00 3.067420127116722295e-01 -1.229357393399557741e-02
2.947817845610456455e-01 -2.661506293178120264e-01 3.802026312395614838e+00 2.995829760497261685e-01 -2.625628978388977117e-03
3.376473311854276682e-01 -2.165582896573377270e-03 3.598557383491437722e+00 3.275455021645791165e-01 -4.883171345203067559e-02
2.817572957100292763e-01 -3.622473688991713625e-01 3.817415810029494150e+00 1.979045922699626814e-01 1.218477114950863860e-02
3.044322026401390380e-01 -9.277452764130031393e-02 3.714462294905623629e+00 3.063529358349542098e-01 -8.487162712903428829e-02
3.082110703567960130e-01 -2.167278363296052390e-01 3.750303517597171954e+00 3.163892211116327013e-01 -1.018732804278378937e-02
2.988328143066976694e-01 -8.505527734192111500e-02 3.626339417164199830e+00 2.269608680185233873e-01 -9.308465140266043714e-03
2.987114102727876919e-01 -3.150554884331018268e-01 3.837723693183993312e+00 2.548238529145038789e-01 -8.407720488350072657e-03
3.295691007234802239e-01 2.533089348628052295e-02 3.597967168370345803e+00 3.773194375520464994e-01 -9.223815473449616109e-02
3.048753816794568805e-01 -1.377535269219756775e-01 3.719810356467606827e+00 3.486445661715135147e-01 -3.305724140619063778e-02
3.494632643025861185e-01 9.982833141544475430e-02 3.533442802880135680e+00 4.588226791741965571e-01 -8.988610161097961015e-02
3.091067240719985731e-01 -1.130250395455147661e-01 3.645163659597204120e+00 3.548717714516172461e-01 -2.101303375968465934e-02
3.422985072506909421e-01 -1.062013493085999100e-01 3.694586223038764494e+00 3.166983008698344149e-01 -8.160817699050093577e-02
3.348292438982471420e-01 -5.270604225245845154e-02 3.637761263406944501e+00 3.173011029443373876e-01 -5.157537156370679138e-02
3.098237211429630822e-01 -2.923374528416099460e-01 3.830802475755473502e+00 2.674522606864409568e-01 -9.921431240103055146e-03
3.524754141302732235e-01 2.036682623441549711e-01 3.376438535384289619e+00 4.972459882902795503e-01 -3.237178349290165125e-02
2.896626411844942517e-01 -3.437587859141073010e-01 3.854832156199745619e+00 2.474336195477226108e-01 -4.014651859374841411e-03
2.985459883701456762e-01 -1.532457957044778274e-01 3.686964910067244805e+00 2.215085384332592666e-01 1.411542674391677230e-02
3.371649211222277343e-01 1.071441100270553726e-02 3.601056741872496136e+00 2.717094716867259896e-01 -3.917412254268071853e-02
2.946447253571184421e-01 -2.104540340198967630e-01 3.717933304465885325e+00 2.559071435874294975e-01 4.174531975895868358e-02
3.020621444486650264e-01 -3.082661206335418069e-01 3.825854846992413183e+00 2.878941819742528163e-01 2.613606243809411117e-02
3.414769067103949896e-01 1.220426208910315169e-01 3.517904362048670741e+00 4.041492046492246026e-01 -3.672869464144930263e-02
3.360380843451965527e-01 -1.293176697824035271e-01 3.758690429668575472e+00 3.965671811035392236e-01 -4.247025524639094773e-02
2.930576954741617168e-01 -2.728864700379645680e-01 3.834152959072024025e+00 2.240511165986857900e-01 -4.980015213371050825e-04
3.198195075630038686e-01 -2.362199441233343300e-01 3.824892675000503672e+00 2.787530712693764845e-01 -5.637505848233152761e-02
3.212752672470666759e-01 -2.157907319756709186e-01 3.735639323254750011e+00 3.389512394892417180e-01 -6.557083133560645191e-03
2.998069902105989781e-01 -3.161472756318778332e-01 3.828063590788145731e+00 2.004154560673089280e-01 -2.943767874743481033e-02
3.354876060952441397e-01 -1.082408702555397173e-02 3.655987724570997521e+00 3.627101592868482993e-01 -5.668626897832392680e-02
2.945501534074264072e-01 -2.540159644420296736e-01 3.765299813879980029e+00 3.481976001342251825e-01 -5.694053220657899206e-03
2.949161821065556799e-01 -3.439859713886089243e-01 3.812061511149546611e+00 2.506228051606886886e-01 1.814622430720821966e-02
3.026135848520558058e-01 -2.842097421275562308e-01 3.790688579993596541e+00 2.246001983098082633e-01 -7.627671088405746196e-03
3.152449398739893272e-01 -5.692620728449569040e-02 3.609803882302765388e+00 3.465846589272266742e-01 -3.604364405759381829e-02
2.885156951870371245e-01 -4.795416061345147973e-01 3.986863693221065486e+00 2.467502328206362394e-01 2.068715210369278731e-02
2.908660998558698640e-01 -3.041518152085902482e-01 3.843818628242812174e+00 2.510903364612127597e-01 -2.562076511791717970e-02
3.153319045850739299e-01 -2.143808383527349148e-01 3.774565054723336921e+00 3.115500589872923776e-01 -2.811160586055433050e-02
3.171913387785558203e-01 -1.135426190961187354e-01 3.670843011626334196e+00 3.832188338163496910e-01 -4.531491208766720569e-02
3.165799325872912240e-01 -1.945131690640565236e-01 3.753456313961033075e+00 2.235620796583649983e-01 -2.964632884162959892e-02
3.217905992012499716e-01 -3.205352235899887603e-01 3.896844610741090342e+00 2.916080572995092268e-01 -1.046795081901954333e-02
3.321111860066320864e-01 -1.342670423684160230e-01 3.778921773052896782e+00 3.699170394535201689e-01 -4.593237176169772534e-02
2.919284119355439744e-01 -2.468629311381895786e-01 3.745596446049128669e+00 2.759320111506065598e-01 5.250636380266093806e-02
3.400054460583616933e-01 -4.296122808164050400e-02 3.626587314760596481e+00 3.713017411313076499e-01 -9.279704027893047324e-02
3.277809941391674475e-01 -2.139180706842337409e-01 3.755842605926242417e+00 3.512740541459734578e-01 1.681745118143617226e-02
3.144064861000097078e-01 -7.791328252161081047e-02 3.635832381088872189e+00 3.393773250979656986e-01 -2.487258490873792832e-02
3.011463535476105458e-01 -2.152518771776409101e-01 3.791149575439125119e+00 2.114338696449412081e-01 -4.243620178236414547e-02
3.040509595480979099e-01 -2.550993606979320982e-01 3.794842358053442943e+00 2.366975853939827790e-01 4.753290091835393749e-04
3.040769111810694980e-01 -3.116625838927725156e-01 3.749435758366820082e+00 1.991235794157775740e-01 3.993724700836886327e-02
2.883390387934782195e-01 -3.701296023197204743e-01 3.869685880366072084e+00 2.309098311541528392e-01 -2.160517283220797502e-02
3.077004869722777536e-01 -2.772192654375724152e-01 3.789192521562071203e+00 2.712296019958864157e-01 -5.991869210679783009e-03
3.083105696004721508e-01 -1.570563568191084280e-01 3.668735639543828420e+00 3.375311378941828200e-01 -1.671563828253872994e-02
3.163277664809164835e-01 -1.124782764398876700e-01 3.681186177794134373e+00 3.193424305337084768e-01 -5.149044764014895637e-02
3.093828329418702450e-01 -2.664689017751412647e-01 3.829041226729698710e+00 3.367830726194531166e-01 -1.838526020955731644e-02
3.235654483650635127e-01 -2.465326470689978289e-01 3.812522662256379036e+00 3.466977355561915441e-01 -5.841720220613176584e-02
3.057933654760854880e-01 -3.143178334765597270e-01 3.811826181270354219e+00 2.863186309679695563e-01 -6.425480700776701332e-03
3.081301693017335919e-01 -1.545670380497138618e-01 3.720708098820523890e+00 2.555017849910564687e-01 -3.957925234231089717e-02
2.852002498018816889e-01 -1.613284452154754578e-01 3.668535388465199887e+00 3.705222592014887906e-01 3.032161108089452550e-02
3.335834051873700634e-01 -9.839747524403597012e-02 3.694063403772398946e+00 3.393442127892302707e-01 -6.216662363285081760e-02
3.000971495189007077e-01 -3.984565796110606239e-01 3.871013794309637657e+00 1.768453264766636501e-01 3.200434018193829694e-02
2.897871130686217600e-01 -3.427185049257915339e-01 3.900541491825261886e+00 2.826890839971569203e-01 3.719156884929936124e-03
3.229097132204793996e-01 -9.928127271672801402e-02 3.670762650248069914e+00 3.315004688868924965e-01 -2.274149814679390230e-02
3.361026463480247251e-01 1.986104734963769353e-02 3.608088735882779563e+00 3.676475780330512588e-01 -3.677801842061318577e-02
2.888327271983942013e-01 -4.363556700409977340e-01 3.944536117470006875e+00 1.146922303048215214e-01 4.945936565867933843e-02
3.382484160651818561e-01 -1.286305307768783879e-01 3.702526647654992953e+00 3.480225153765800217e-01 -3.181143563730191165e-02
3.163996963055188960e-01 -3.046936721380777424e-01 3.889418933229621178e+00 2.761759276072426883e-01 1.905317853091804264e-02
3.024752464072917313e-01 -2.649980294618595189e-01 3.864915642049241207e+00 3.088869510227185700e-01 -1.256410311568918747e-02
3.027603847551880722e-01 -3.155985748081168163e-01 3.811301866341737732e+00 2.680590722526048908e-01 -5.898635047395977063e-04
3.063442338766814710e-01 -2.588986249441289078e-01 3.771447977348556524e+00 2.703179071299765535e-01 1.960504431360463040e-02
2.939833981092078719e-01 -2.164916023556823776e-01 3.750829264688384068e+00 2.709801656201781817e-01 -5.320829684508723845e-02
3.128425562270225613e-01 -2.643572353484445747e-01 3.844082114580582132e+00 3.069003351635825050e-01 -1.019733447233156509e-02
3.464634567886182293e-01 -6.873217784329857527e-02 3.631162059354860805e+00 3.183627699686455426e-01 -4.238478436794912430e-02
3.079117268418327114e-01 -1.889589380619876857e-01 3.769949146757660241e+00 2.682062093243194334e-01 -3.744233360842001701e-03
3.090334623498517397e-01 -3.868630288887436319e-01 3.914468408707225233e+00 2.302332262359637338e-01 -4.564701112113118270e-02
3.147560331397743494e-01 -2.031500873345007396e-01 3.684230842029586395e+00 2.314549260131540942e-01 -3.448759029569364865e-02
2.919313602650718265e-01 -2.318195278646822399e-01 3.790595720590116624e+00 2.231263558406026970e-01 -1.170462743072996081e-02
2.998082382386679789e-01 -3.166509152311893782e-01 3.847547526155983721e+00 2.395417491686723244e-01 9.318346982603340628e-03
3.262049774179548445e-01 -9.640341174031250016e-02 3.645500501501018675e+00 4.009709736676614344e-01 -4.787661572018758749e-02
2.837254680418607178e-01 -3.313884001838094395e-01 3.816674381199035349e+00 1.911787071461225618e-01 1.703290245231526764e-02
3.455380290505563057e-01 5.836966952046514223e-02 3.528103240528782436e+00 3.249341698413149016e-01 -5.998481030751624116e-02
3.580980339288625247e-01 1.897340534706730142e-01 3.444362013981031367e+00 4.467784674506521392e-01 -5.997639822226481787e-02
3.023014906534949864e-01 -1.955887227813233320e-01 3.727902007869312140e+00 2.601735525599366272e-01 -2.053532461841153789e-02
3.212797589769216811e-01 -1.456118787087164745e-01 3.707719108974502742e+00 2.957053487742628550e-01 -3.945417786266100513e-02
3.204441953163779666e-01 -1.279725377564324418e-01 3.694125313175670389e+00 2.738791367389092901e-01 -3.992390912188135271e-02
2.989643573802711618e-01 -4.307630360000404557e-01 3.954530408212534986e+00 2.624466560346173094e-01 -2.050507669582145309e-02
2.935432535058566383e-01 -3.336654607129719841e-01 3.864180461388456944e+00 1.577270555541112063e-01 -2.684803340662347479e-02
2.874529768806777241e-01 -3.600890532251205811e-01 3.883019484220235018e+00 2.241411078075646324e-01 -6.509658774307106044e-03
3.170866415908411562e-01 -1.963034433494720843e-01 3.768049627786847378e+00 2.948513765203747417e-01 -2.504191271811995190e-02
2.630337762086611963e-01 -3.977134876211064762e-01 3.873576859736051592e+00 2.894329763906927089e-01 4.592082294939008741e-02
2.864424612049197294e-01 -4.913675491617052749e-01 3.919329334284480826e+00 1.453520957354927923e-01 2.878994116259308081e-02
3.125865696044879405e-01 -1.443181324258362153e-01 3.671272699726525257e+00 2.891584432432053875e-01 -2.597090397618951121e-02
3.100043325512075176e-01 -1.572437974206490341e-01 3.694220299415700737e+00 2.835777950831209759e-01 -5.483856746951254468e-02
3.002334947808363852e-01 -4.748156354484050490e-01 3.975294551288295342e+00 2.450589432799541723e-01 8.698577263857754094e-03
2.995572893852939678e-01 -3.420431336390191701e-01 3.859478691929456584e+00 1.525300894030315324e-01 -1.874503801898309840e-02
3.210817308488972399e-01 -7.006112646411805089e-02 3.669797029589063619e+00 2.685548243128702550e-01 6.949549693583710608e-03
3.214464386856203948e-01 -2.214305876599035883e-01 3.802514138673224853e+00 3.564917275938339625e-01 1.048124874682027086e-02
3.510081947823263659e-01 6.903260972365188319e-02 3.571492436220693900e+00 3.910577733527911271e-01 -5.670578437281800083e-02
3.372614788628168769e-01 2.811307577144630393e-02 3.631189428687940257e+00 3.772969453116244432e-01 -6.016714577988345469e-02
3.108904928976333748e-01 -2.191677680223744762e-01 3.671860191298190745e+00 3.326505665184505967e-01 -2.841572075827670033e-02
2.947627844865435276e-01 -1.908448622196028677e-01 3.751533505524108580e+00 2.448329442618140395e-01 -1.990251056695239995e-02
2.947078435435475652e-01 -2.125998578356099733e-01 3.779713985949627819e+00 2.765933047113635079e-01 -2.916606826510474704e-02
3.218275070092708745e-01 -7.578345626786565925e-02 3.681228406305401268e+00 3.513656895886102527e-01 6.948682609179426817e-03
2.870712487059264295e-01 -3.565835068747968406e-01 3.855545157711584903e+00 2.706687861035513842e-01 1.356906540826909036e-03
2.838909547567984859e-01 -2.856836240339358790e-01 3.847654779669222869e+00 2.207317568474764513e-01 2.542922369927590881e-02
3.167058790475947294e-01 -2.385999714778872516e-01 3.741144952731883411e+00 3.021964837590144781e-01 -1.148015965718017506e-02
2.914788468022306289e-01 -2.795783344711578744e-01 3.810222647514174721e+00 2.223551373788007768e-01 1.854990470297585708e-02
2.967201252514672927e-01 -2.138028909871962924e-01 3.766757402973398339e+00 2.284151943924259687e-01 -3.416287779262131008e-04
3.257477625568560020e-01 -8.706065345898582331e-02 3.691696090781466211e+00 3.048410971753126031e-01 -5.657267821326163876e-02
2.980475397324491849e-01 -2.649148835449571249e-01 3.874184767173363131e+00 2.972144359375542000e-01 -4.259771738759585147e-02
3.079535829179321227e-01 -2.169083611178148630e-01 3.741691345463773466e+00 2.675956133931107206e-01 6.184262497495453953e-03
3.306845338610827634e-01 -6.568053173254928545e-02 3.618320876284503829e+00 3.199398359486093080e-01 -4.481875842121005316e-02
2.959051173128283141e-01 -1.769020178067730875e-01 3.752152008440817532e+00 3.112431934550448087e-01 -7.620937054271839650e-02
3.067162676102022090e-01 -3.506062184491989253e-01 3.892555201286122202e+00 2.439609488456415121e-01 1.290203586225141530e-03
3.165155502504377050e-01 -1.706183276225647361e-01 3.732688665184806354e+00 2.723645277634989537e-01 -1.957359113606368245e-02
3.228253882389647833e-01 -4.345861565291938428e-02 3.666928763099740252e+00 3.684995103139461214e-01 -9.274585930984549642e-02
3.070189878003731776e-01 -3.921751389748704408e-01 3.943350869433999595e+00 2.654634616113229484e-01 -8.250163894267501657e-03
3.181497511012085777e-01 -1.385090920435035344e-01 3.684200674650232266e+00 3.441191292225199705e-01 5.394779638218331203e-03
3.288480613231257177e-01 -1.160532556809413390e-01 3.685905034741137509e+00 4.029638793522236639e-01 -8.771752353211190179e-03
3.497267439285975943e-01 -6.257614420292481605e-02 3.659515969513718048e+00 3.426491657372037203e-01 -5.360744033340080622e-02
3.057935342660575984e-01 -4.536809142590276789e-01 4.025260933604560165e+00 3.040171359994746636e-01 3.338540493904981060e-02
2.590644706366118655e-01 -4.729647428403542242e-01 3.953564362764963480e+00 1.564734548723959451e-01 6.123710754678372142e-02
3.249684568196012924e-01 -2.169443940842498419e-02 3.590114474841661352e+00 3.406972634737138739e-01 -6.376989005340798211e-02
3.166736867301331859e-01 -7.488159785972012261e-02 3.649853137616400289e+00 3.355156405642162887e-01 -1.579682210605764039e-02
3.250878525793665652e-01 -2.377295858388608629e-01 3.751046394984619337e+00 3.415194691102892977e-01 1.011608610932573926e-02
3.429534232152252060e-01 -5.975830381638717881e-02 3.605786699532505413e+00 3.629028577211319551e-01 -6.492769427278044514e-02
3.415398449834846639e-01 5.430112620172119348e-02 3.628951426907145450e+00 4.038812560479345115e-01 -8.797787821541466768e-02
3.016538317697322058e-01 -2.633978091844997316e-01 3.770096186905844249e+00 2.273840283322740019e-01 -1.452095002155044667e-02
3.077904985337703847e-01 -1.522544354011264867e-01 3.782910062916179594e+00 3.373280956847701240e-01 -7.194878730684232948e-02
2.861125228637954598e-01 -3.430961785923192231e-01 3.857722440188969149e+00 2.190477544961313694e-01 -1.093202642416074739e-02
3.453049028189085212e-01 6.960622753348842673e-02 3.550747854517605884e+00 3.293269789069715459e-01 -7.151048993732164738e-02
3.067928163772081218e-01 -2.368641869295288194e-01 3.770667902489808210e+00 2.468802040448757895e-01 1.612413144772343460e-02
2.849940508647363924e-01 -3.980100524387228389e-01 3.883669676222318845e+00 2.738642729842453716e-01 -7.447695531058940582e-03
3.241807784291869110e-01 -2.250344431988782201e-01 3.735290835889840011e+00 3.154931521218783952e-01 -9.143807499283059664e-03
3.090686984517381219e-01 -1.972738597502872726e-01 3.716487634883919977e+00 2.949944236454731250e-01 -3.120121601077540177e-02
3.180073882369031657e-01 -2.144341268902799080e-01 3.798931527201950153e+00 2.986339529727911057e-01 -4.507468196629813018e-02
2.950160479383457934e-01 -1.733494261860773489e-01 3.773664504094572880e+00 2.811036124859817575e-01 2.376706404858697913e-03
3.272818719141499799e-01 -2.156685377598762665e-01 3.821469723630597670e+00 3.378497752939738641e-01 -3.867151158413469764e-02
3.038713218645889835e-01 -2.835605255947699077e-01 3.790646455452612695e+00 2.726284136967605520e-01 9.484309971046329946e-03
2.913357635863728645e-01 -2.237388232123741494e-01 3.770056043012512959e+00 3.122011522479192225e-01 1.986546646226237944e-02
3.053408350373756908e-01 -1.194135732912920966e-01 3.680782047495778642e+00 2.692288208566193664e-01 -7.432041896998260733e-03
3.297546516507010028e-01 -7.389597734362268744e-02 3.680314737484017051e+00 3.259331994925636633e-01 -6.736577879798351376e-02
3.112703081118391446e-01 -2.973885544182929830e-01 3.840332341154638840e+00 2.453713900206235810e-01 1.114429372780252614e-02
3.587639447688145689e-01 2.443192441593294018e-01 3.445676113584493550e+00 4.802326199718054411e-01 -1.064604366674301028e-01
3.168792571952144810e-01 -6.470256276918345817e-02 3.659026973049027021e+00 2.648781697099918953e-01 -3.862598429007973316e-02
3.012905400859441363e-01 -2.111456093575133919e-01 3.783272041493320526e+00 2.941218449679079416e-01 -1.605654565223926800e-02
2.940639625829224446e-01 -2.641965356178510582e-01 3.768228803715074182e+00 2.961539215719345419e-01 -5.847631887479512458e-03
3.487619236721958282e-01 1.308711162060550159e-01 3.460904035490263375e+00 3.843235055065987726e-01 -5.904460305843203111e-02
3.041112780907544444e-01 -1.645645032108539740e-01 3.760228729829840688e+00 3.199595689888622974e-01 -5.152053678218307398e-02
3.115182865668594259e-01 -2.603468079338400742e-01 3.804829036655012153e+00 2.088475072922795772e-01 -1.279425732786335264e-02
3.274477784186224927e-01 2.581091444959880687e-02 3.510478889532770097e+00 3.299247305074329284e-01 -2.725774900937437059e-02
3.094934098657033950e-01 -2.958455659811852212e-01 3.859689939439986173e+00 2.441365542238552733e-01 4.347169420992676170e-03
3.305359087047319289e-01 -1.783909840120424806e-01 3.786908425132458067e+00 3.602520651591789025e-01 4.716376758400767089e-03
2.926200955958315197e-01 -2.925253873014500017e-01 3.788465707076015487e+00 2.400786695490549072e-01 1.862883588099876336e-02
2.894576693709565718e-01 -3.161147583339174449e-01 3.773261333243277171e+00 2.281610159805249616e-01 3.345297029345756928e-02
3.364266073082239350e-01 -8.773758815044194193e-02 3.705471873974841124e+00 3.197889417025860936e-01 -6.145985121024489378e-02
3.230166421114401554e-01 -1.578618368398680971e-01 3.700704636367083467e+00 3.694025225987959682e-01 -4.613361666539653877e-02
3.251803936474434997e-01 -3.694498480809382812e-02 3.703301402222040295e+00 3.267917810927955524e-01 -4.585557292102754312e-02
3.136029075103340946e-01 -1.119841261625368067e-01 3.643580902158259693e+00 3.493754113385010296e-01 -3.750532444650382657e-02
3.470466706008614177e-01 -7.264011829715925211e-03 3.591630432486124125e+00 3.441589635183056606e-01 -8.869918888635272558e-02
3.014336315479365647e-01 -2.527009090836607186e-01 3.749330765171061675e+00 3.131750193324756570e-01 3.016919576637038664e-02
2.997646548520877530e-01 -3.416132910130622036e-01 3.854997990258512530e+00 2.756208075908823663e-01 5.432301821891890106e-03
3.153718189742490963e-01 -2.486955432726967175e-02 3.577709713043620621e+00 3.472817930898944305e-01 -7.631823203458914032e-03
3.516060768175334195e-01 2.504550370241051538e-02 3.563298149652870173e+00 3.748034038241423449e-01 -6.523595318242020324e-02
3.111164823825717796e-01 -1.845039417855747488e-01 3.742398196757030782e+00 2.946979701053735745e-01 -4.190739068468639361e-02
2.810518282516341060e-01 -2.905656881367734146e-01 3.783698423346845807e+00 2.547603119286674378e-01 2.823939638545011621e-02
3.194289020783674382e-01 -1.059006415028260206e-01 3.629213240987269273e+00 2.769636422456933089e-01 -1.877883081713225405e-02
3.015888776776524671e-01 -1.694766892976315442e-01 3.692444345712192266e+00 2.873588107408237557e-01 5.496698405607271243e-03
3.123951525335782464e-01 -7.943979555720052932e-02 3.674550220617245788e+00 3.046269504465385358e-01 -3.240519201959665696e-02
2.754977269872159740e-01 -2.587967677188079407e-01 3.781106280537296804e+00 2.612513080424315737e-01 3.639785952821122939e-02
3.160129176392817985e-01 -9.714121086263828586e-02 3.716347996334567583e+00 3.221336061265843154e-01 -3.377277563858764597e-02
3.114286550019833011e-01 -7.731020896628545969e-02 3.592215632158878069e+00 2.683035108901425381e-01 1.609069397502107396e-02
2.939766009847887829e-01 -2.177354391913257636e-01 3.748297556271752207e+00 2.629670416590584314e-01 -2.388501039871121501e-02
3.235116688704804955e-01 -4.123441406513492224e-02 3.647457545790991684e+00 2.896488374265046017e-01 -2.058483001770956139e-02
3.114332272471842522e-01 -1.729997089833443524e-01 3.667542406697223534e+00 2.615832773167008352e-01 -1.153601536556076931e-02
3.349534092868472479e-01 -2.411353319067680023e-01 3.849973164392228142e+00 3.920908223510095048e-01 -2.544972321053610986e-02
2.789313694776431873e-01 -3.451538167611378216e-01 3.836061061017073559e+00 2.053865801289153081e-01 -5.499989559172989428e-03
2.964675576971886883e-01 -2.363850129624854579e-01 3.762969053622599702e+00 2.960662568878429379e-01 3.247058104573052884e-02
3.392080210448567557e-01 -6.636148234233824050e-02 3.653297563932663028e+00 3.945703277785829188e-01 -6.403143995983245906e-02
3.370037498426088907e-01 -4.494123799076005232e-02 3.646332188424930898e+00 4.027559938128553729e-01 -3.996957604149941473e-02
3.181326381352883592e-01 -1.106089679832260586e-01 3.730436589683431503e+00 3.831845883365573857e-01 -7.180081701382939885e-02
3.055604732691231673e-01 -8.612537707991957392e-02 3.627878078332838374e+00 3.926193639975584238e-01 -6.033099975805061854e-03
3.184447926514537563e-01 -1.104979973820735817e-01 3.668697964574332282e+00 2.984354001989588112e-01 -3.685125496379079019e-02
3.126770403299645174e-01 -1.833479412686001564e-01 3.783775074682237616e+00 2.967495977388557304e-01 -4.839296269498431780e-02
3.216684672437282733e-01 -4.575648349318112151e-02 3.651445234019383701e+00 2.981241905742859633e-01 -4.397444636517475886e-02
2.919100931743536242e-01 -1.874420754219180418e-01 3.795863253321171360e+00 2.807073343610773652e-01 -4.693817648993878211e-02
3.357678066647130644e-01 4.079887725627952266e-02 3.518184256316372327e+00 3.810110719090178399e-01 -5.783644506738684632e-02
3.049093231994961517e-01 -2.941712017680646607e-01 3.814864791415895073e+00 2.415567168518167329e-01 1.378526195599311978e-02
2.965457438200265750e-01 -2.811575882496944456e-01 3.892224906019032815e+00 2.289184831611205118e-01 -1.391517194148452624e-02
3.202619970000799010e-01 -4.509442123745080466e-02 3.645532311969367889e+00 3.833056105973386418e-01 -2.048690964225968747e-02
3.206077083654108040e-01 -1.434502288344753629e-01 3.730453457966509401e+00 3.292154995470893963e-01 -6.036675865617089493e-02
3.004391001875805767e-01 -2.975502172896480890e-01 3.844074167492621985e+00 2.674959217307839587e-01 3.165534975469314061e-04
3.139186222410995097e-01 -1.847560716333068176e-01 3.701202062199873577e+00 2.584996783298990630e-01 5.994590923143892219e-03
2.810842774061211302e-01 -2.496196600168313906e-01 3.767689828061453472e+00 3.016255874586867280e-01 -2.814732027381272594e-02
3.148615372369594767e-01 -2.875283946431925197e-02 3.639552630856013327e+00 2.600095656643877096e-01 -5.339371294908534099e-02
3.097480025142647642e-01 -1.415786929865254784e-01 3.762364683567703594e+00 2.753144030354817140e-01 -8.270351956484336964e-02
3.256269121197095107e-01 -2.240965883707920769e-01 3.796307398391255639e+00 3.601060418448637224e-01 -9.277955273188358276e-03
2.919965256407978660e-01 -5.025828130695455531e-01 4.002934890787710920e+00 2.636803345745943883e-01 -1.292320794318413749e-02
3.040556154771754671e-01 -3.598891681881777327e-01 3.831558305469935366e+00 2.528943426589640442e-01 4.479313848694790184e-03
3.196181096948687572e-01 -1.217828484252366644e-01 3.643277522107954525e+00 3.549459576179871956e-01 -7.101052840604370198e-02
3.010816651228228058e-01 -2.942376125906494000e-01 3.766715266022981012e+00 3.000518098157801683e-01 2.991001719246743143e-02
3.390305068669149380e-01 -3.122018117504476997e-02 3.633151146091254891e+00 3.753826538860483009e-01 -3.877776915073973679e-02
3.022304339748880797e-01 -3.478194403691363679e-01 3.846020466142173078e+00 1.821209791543070000e-01 3.847055368126571506e-02
3.104117367737805888e-01 -1.204647237145932276e-01 3.715642556116508288e+00 3.454950290261710744e-01 -5.052388816677512440e-02
2.840264006075339243e-01 -2.968124179649615502e-01 3.816691040599480722e+00 2.938143710282856702e-01 -6.482738665619648677e-02
3.198081283125627783e-01 -1.521808813344136535e-01 3.710865232004282088e+00 3.200013141443640574e-01 -5.809963695344205759e-02
3.015339772007315511e-01 -2.720378932531938299e-01 3.858204884506252874e+00 3.136775689794728539e-01 2.443146323695091771e-03
3.043402768536800362e-01 -1.676043125618891516e-01 3.709037615074582295e+00 3.073935582869428140e-01 1.122970806058257165e-02
2.928339731794675216e-01 -2.103925862646774947e-01 3.726450281827161426e+00 3.078289460321889104e-01 1.022724317933504205e-02
3.099930375087530110e-01 -2.265346088747244302e-01 3.829725863770517602e+00 2.712433951493946616e-01 -2.894355953994177597e-02
3.188376951569548701e-01 -3.195581543018650716e-01 3.829950728002022853e+00 3.365239946598596044e-01 -3.116729137156418888e-02
3.245342496810273980e-01 -3.993862740541122974e-02 3.630147513342846466e+00 3.789807173050192546e-01 -2.564363740645718426e-02
2.984793582793752176e-01 -3.027858329988054598e-01 3.845666979287322818e+00 2.502319648016430031e-01 -1.820997642544665285e-02
3.177784613255206780e-01 -8.566770394139022748e-02 3.649821482576538489e+00 3.248831260340475091e-01 -4.433984517723450758e-02
3.578600572312581329e-01 9.473066392704394822e-02 3.510504148002023594e+00 4.212202351304500936e-01 -3.463007918272029140e-02
3.342073006501980470e-01 -1.973182635220707692e-02 3.628562994010229747e+00 3.804603998343552007e-01 -4.852072300551835138e-02
3.105042449206923960e-01 -1.808095141802825156e-01 3.721002750507578227e+00 2.471747312086305937e-01 -6.058012275294655247e-02
2.812984643814097074e-01 -2.975242729316164847e-01 3.832632472067732721e+00 2.353196636425771149e-01 1.157704344731976323e-03
3.709375149162557062e-01 1.073411473210865719e-01 3.513286738639308293e+00 4.002510295595098078e-01 -1.080177655553199445e-01
3.110347889820565537e-01 -2.963744857759553208e-01 3.859255722690647872e+00 2.733890972518326357e-01 4.323611574225817711e-03
2.870194596597865355e-01 -2.816270043717608029e-01 3.787465425055142276e+00 2.984568777211965562e-01 -1.056301697810966417e-02
2.952834378188567421e-01 -2.935553887477173052e-01 3.811933040167006403e+00 2.959013707410561023e-01 -1.437006957269552909e-03
2.955419838621776707e-01 -2.381075355736870236e-01 3.765725630604165541e+00 2.588489121194644249e-01 6.539972336740374967e-03
3.279418887823644102e-01 -1.397771340755068203e-01 3.735071206542665223e+00 2.853997999306577826e-01 1.923237839241083436e-02
3.148896757660141765e-01 -7.767642003003499829e-02 3.660624270676599679e+00 3.755157546161541071e-01 -3.288969968417944367e-02
2.981465371727357594e-01 -3.260586521294494555e-01 3.907465065662304227e+00 2.932764212664765169e-01 2.164479841859219544e-02
3.141094785736444628e-01 -2.168818731204618655e-01 3.795066921463750909e+00 3.026388325240377819e-01 2.138085486674755342e-02
3.115804173785017839e-01 -2.581815184474351987e-01 3.774780159845914529e+00 3.103545296154911481e-01 5.290047649423566117e-03
3.118413005954649986e-01 -8.817090090506096711e-02 3.627962003100035027e+00 2.650113310832270530e-01 -2.818003218282480113e-02
3.034441689007509324e-01 -1.243051191891585971e-01 3.714399662925212287e+00 3.002862970384162500e-01 -4.424645369243544735e-02
2.911498796884166573e-01 -2.314566095250229771e-01 3.712086509825199165e+00 3.170523375370332131e-01 9.755308508751191210e-03
3.228678504763241031e-01 -1.956605989895280340e-01 3.782773914411975635e+00 2.710142629236378942e-01 -4.323951793689834178e-02
2.865309589893131337e-01 -3.693998775786699884e-01 3.843444727470608502e+00 1.926226919946669169e-01 1.887490891144673333e-02
3.033164069825247111e-01 -2.756841288781241017e-01 3.840883804543362423e+00 3.324765263277816296e-01 3.072751398400499004e-02
3.214332385246154722e-01 -1.210346580560540120e-01 3.674980067068874146e+00 3.090777457701649467e-01 1.523023590768263213e-02
2.813065004172050632e-01 -4.006538750506622448e-01 3.959561913592303473e+00 2.947246648418981874e-01 1.498797729384171440e-02
2.959893585095361712e-01 -2.031432139075415866e-01 3.780999469022089166e+00 2.558437314035696963e-01 -1.730428234075475497e-02
3.201242782050269797e-01 -9.730952444001551849e-02 3.660835182091479734e+00 3.453133329381655181e-01 -1.381876708612250065e-02
3.035878021950494388e-01 -2.586908399685333149e-01 3.799837713148789042e+00 2.750670206996317368e-01 -2.423232913164015401e-02
3.172829926580124082e-01 -1.083483689333091249e-01 3.659038752045889797e+00 3.060936528639071064e-01 -8.845173057648734322e-03
3.008070071262219924e-01 -2.180741230817442589e-01 3.728743796925525711e+00 2.421279079804883327e-01 -2.465667734239018055e-02
3.167329635073567462e-01 -1.045698067751429927e-01 3.648322796887828012e+00 3.050319976256324339e-01 -3.013059130776595679e-02
3.272537072063945174e-01 -7.915301412173375573e-02 3.681730404022530045e+00 3.897142731805177673e-01 -4.608145267520064037e-02
3.499749958930163940e-01 -1.571624543765680060e-01 3.732997477920852347e+00 3.446449498349107299e-01 -5.888837631174787673e-02
2.961266306313345420e-01 -4.014201687273724617e-01 3.915641773189517671e+00 2.053621173713710002e-01 7.944144802043140441e-04
2.910721060399192872e-01 -3.694275173792269662e-01 3.894333870305101364e+00 9.927790206624963198e-02 2.614881588350283573e-02
2.975969365573316039e-01 -2.571640251222584994e-01 3.833826873238897814e+00 3.118945095984065330e-01 7.285334162483773912e-03
2.969100153179806689e-01 -2.258974756515611526e-01 3.764962020638539464e+00 3.375466047896822919e-01 -2.599219242149015605e-02
3.067345070123664863e-01 -8.294093949724451464e-02 3.613133046385686331e+00 3.297169427026692134e-01 -1.175157158106638483e-02
3.125217369771297604e-01 -1.604728791955264688e-01 3.731798328168658863e+00 3.609579215217542658e-01 -4.546430792231289514e-02
2.897142677899214314e-01 -3.081707748628103039e-01 3.831959231886100437e+00 3.062492808365149255e-01 -9.372152649278389647e-03
3.494839868113429060e-01 -1.124609339636884336e-01 3.694593781028447488e+00 3.581212584599348103e-01 -6.718777074973562857e-02
3.321535064885124400e-01 -1.224536551287415120e-01 3.719840788794155806e+00 3.378704826637835557e-01 -2.650616884152365640e-02
3.320308056405874564e-01 3.212516287177113322e-02 3.561920943721886168e+00 3.162102387031423545e-01 -4.335182189717010082e-02
2.989226887851607617e-01 -2.410295958814011597e-01 3.762148384838112314e+00 2.901281953165842920e-01 -5.073581824481785546e-03
3.233978713328161114e-01 -2.033390891032947068e-01 3.760361917494655426e+00 2.717402333477100251e-01 -4.261145480563903812e-03
2.610306900845957845e-01 -3.344134292767170780e-01 3.811168635959501838e+00 2.245478480037905455e-01 1.807381709455485944e-02
3.245061935985565360e-01 -1.520476041240808596e-01 3.757220296936750525e+00 2.938672380560707342e-01 -4.297820105071627900e-02
3.298192535717935359e-01 -1.743816278713319901e-02 3.629491471204653763e+00 3.675490106674761948e-01 -4.652317453572644979e-02
3.332020787684851215e-01 -4.774278493947192725e-02 3.610223762626858068e+00 3.775195165628248972e-01 -7.815042836194902032e-02
2.929672055062563230e-01 -2.320190374057024552e-01 3.779237096186201406e+00 3.073892075681721181e-01 -4.214220542344965931e-02
2.694026130880530778e-01 -3.622307308949061500e-01 3.863746619953644323e+00 2.099146006687303556e-01 9.926828384611546124e-03
2.946912859985484356e-01 -3.983797909692457506e-01 3.855573492575544936e+00 2.965349780778099853e-01 5.142129975302688061e-03
2.904135004532150122e-01 -3.178748745600662451e-01 3.802407385843731724e+00 2.027287497418239215e-01 6.793074940825663544e-03
3.015642086385251219e-01 -1.590644627535520439e-01 3.699655782564553519e+00 2.940506064174541190e-01 -1.633270118341271365e-02
3.313725645992698365e-01 4.277003119987021762e-03 3.651239470614684457e+00 3.938269768071218646e-01 -7.414414890130784086e-02
2.949159324993022580e-01 -2.048727891015817426e-01 3.757812553905832686e+00 3.074677214968265515e-01 -6.416233727764564243e-03
3.048746668234513790e-01 -2.263052651808459270e-01 3.750138722551834114e+00 2.735577347514366875e-01 -2.286068776629687077e-02
3.225671968914336496e-01 -1.995496629622430240e-01 3.746333656865878936e+00 3.223801149282881084e-01 -2.297652023978104252e-02
3.371293352543151545e-01 -1.033333960587512201e-01 3.711951605335864990e+00 2.945630862941986394e-01 -2.879288577784554909e-02
3.068690836768196428e-01 -1.249889502317092088e-01 3.642062070347027891e+00 3.529628724127031880e-01 -1.875158861167647989e-02
2.855381773731986983e-01 -2.847105841409406923e-01 3.780192970869104219e+00 2.763786575864216610e-01 1.442830634610835043e-02
2.976674920019408699e-01 -4.176200741733481214e-01 3.921165085338097267e+00 2.539626854447112336e-01 -2.383275502801247836e-02
3.223350534495516007e-01 -2.900549926954797408e-01 3.819051197067231840e+00 2.559255491681134420e-01 3.548608973618218570e-03
3.652739259528428595e-01 3.535606561096293898e-02 3.529792076372089138e+00 4.202120827063089981e-01 -4.537155640444341664e-02
3.255076192824577497e-01 -1.155560090012614505e-01 3.674102988068733922e+00 3.253885367284584107e-01 -7.298939128643423119e-03
2.818793797331583528e-01 -4.426661140608179612e-01 3.983362747501749013e+00 2.700282746754731344e-01 8.102260176804914477e-03
3.399202912724179626e-01 -1.050914183670284552e-01 3.660248415611994321e+00 3.685387248590930032e-01 -1.407287654816413019e-02
3.376773747783985979e-01 -8.197962146158919994e-02 3.607219894653356906e+00 3.382398118007821641e-01 2.064928749947256975e-02
3.563275887094058403e-01 9.334549445099152298e-02 3.530533332202120178e+00 3.582916390035035259e-01 -7.410083555885198237e-02
3.273581902382028397e-01 -1.354694295935439108e-01 3.648587150899554210e+00 3.593929307731356104e-01 -7.861163317414900792e-03
3.097278321040835558e-01 -2.065894458294192937e-01 3.809380020685727786e+00 2.946503131109391438e-01 -1.034420361962839346e-02
3.015853532549004901e-01 -3.399883442876555639e-01 3.897443499862068172e+00 2.883537133790150531e-01 -2.775081892132704592e-02
2.980334748204931938e-01 -2.527766673537614195e-01 3.778841877026031693e+00 2.439271820434039673e-01 -3.457544053637992554e-02
2.987356801999410671e-01 -1.444938620212090352e-01 3.718245097057506054e+00 3.104262326826171536e-01 -1.765633422990976059e-02
2.484032616384049541e-01 -4.404232246400531792e-01 3.914268424162244298e+00 1.770640646416536679e-01 4.957729331160673492e-02
3.181893131054348012e-01 -1.574059893065262589e-02 3.644361812912285004e+00 4.342858638386418169e-01 -1.451236831453913377e-02
3.249131775560697433e-01 -1.191171159225402343e-01 3.655051593187568226e+00 3.394288816528791553e-01 -3.295397177752935891e-02
2.878752179304425729e-01 -2.685453047987187425e-01 3.862440222981941673e+00 2.713467910568313490e-01 -5.012830794169226278e-03
3.033196636064340868e-01 -2.955227313169124237e-01 3.805729313840338079e+00 2.921242893733909662e-01 -3.899435082184787849e-02
2.997493112961225892e-01 -4.434572333838766034e-01 3.879254505112222251e+00 1.880848909592402196e-01 4.729152568103223153e-02
3.239496527259078662e-01 -1.686995103705845045e-01 3.694367770338117918e+00 3.168887300404263918e-01 -7.961553321420761220e-03
3.322120825705229263e-01 -7.602595188240139634e-02 3.695173743254947407e+00 3.429481417658371556e-01 -8.225202607797432730e-02
2.990631249913072720e-01 -2.000305680622404270e-01 3.735544697810018633e+00 1.986534191993500897e-01 -4.991188162689130098e-02
3.053498730662496108e-01 -3.064345474485697385e-01 3.819021333460442147e+00 3.009217135632580309e-01 -3.345200762810943140e-02
3.178565614456763666e-01 -3.028122115786022750e-01 3.872742466919943727e+00 4.027408061244822646e-01 -3.879182913075220063e-02
3.065120204728602471e-01 -1.659305252152263807e-02 3.617850342565485544e+00 2.984499552133010880e-01 -4.906724086739689544e-02
3.650552171090583053e-01 8.722233923180722215e-03 3.592712456166909707e+00 4.316943537380162343e-01 -5.656711506424191155e-02
2.928929916657924126e-01 -2.952253606377473472e-01 3.828690233896953288e+00 2.799621172353956577e-01 -1.057338168295074432e-02
3.590051413843545758e-01 3.094322666234275432e-02 3.623989687605268184e+00 4.588261298189513226e-01 -8.675827538564119534e-02
3.382704719698567675e-01 -1.254514333835025086e-01 3.729687598766218137e+00 3.621411310395029615e-01 -6.554818866199921268e-02
3.000353856656425289e-01 -2.689431456898385142e-01 3.808114318728478498e+00 2.679416176080452461e-01 -4.933078479386133683e-03
2.825411255113127185e-01 -4.014046848965272529e-01 3.883090147985863716e+00 2.147913661151693021e-01 2.288754509560033540e-02
3.563723024088528701e-01 1.572533574741731555e-01 3.426520842977950565e+00 4.388006210637269700e-01 -6.502497512033479643e-02
3.131840173665219607e-01 -1.550192516218129868e-01 3.748388718791213048e+00 3.431999043282381590e-01 -6.690245577557113466e-02
3.056556097501739178e-01 -1.773521132316132898e-01 3.751218204395653455e+00 3.342597001193417516e-01 -6.925317795605169524e-02
3.076811195785634223e-01 -6.647599957485754441e-02 3.622819739558954755e+00 2.966264109403741189e-01 7.652523419211885308e-03
3.011693758606120430e-01 -1.930868492682054627e-01 3.759229910377704709e+00 2.671807240415779994e-01 -1.381609730936208397e-02
2.688040318578995280e-01 -3.469559945267475243e-01 3.911871719743722053e+00 2.335794825054143264e-01 -1.419657448039577524e-02
3.186920201445531675e-01 -2.564992059631368559e-01 3.752211481874172527e+00 2.429724160350940909e-01 -2.414747313031233994e-02
3.227047756661584055e-01 -1.007794270364346934e-01 3.704523381665340231e+00 3.117113840085204424e-01 -5.317472955061956774e-02
3.065620972653609333e-01 -1.692375839052031039e-01 3.719540998393062736e+00 2.410233633982198920e-01 -2.623446176301786475e-02
3.256907638106854019e-01 -1.145588130514023639e-01 3.689660363084002803e+00 3.292603074011821729e-01 -5.861095122220356946e-02
2.969584060104539791e-01 -1.878935178505460879e-01 3.688700139469120121e+00 2.674835781511167854e-01 -1.969912087044551133e-02
3.079191147914370208e-01 -1.760234760358365957e-01 3.758075987833409126e+00 2.446950448146512080e-01 -4.647526236007330086e-02
3.145997745126626333e-01 -1.440476089046348607e-01 3.689594171143161905e+00 3.387513400642350181e-01 -2.356376502311324783e-02
2.566812538540246824e-01 -4.877161965123788523e-01 3.982447401420549316e+00 1.243119314352825744e-01 1.825313144212649744e-02
2.900200493424992532e-01 -2.607011366603781410e-01 3.762835363246476827e+00 2.872910659777146991e-01 1.541570202010517088e-02
2.944865652539409018e-01 -2.294316667023434675e-01 3.769800492690524418e+00 2.534869718212376943e-01 -4.958667180346893605e-02
3.068622327003570072e-01 -2.771063911973099536e-01 3.798573915462688966e+00 3.039346341994483836e-01 -1.177527974165192004e-02
2.988337876611376620e-01 -2.227194831415777176e-01 3.784974734440554656e+00 2.093000654373786962e-01 -6.078530931720137198e-02
2.882732495617326696e-01 -2.326604360023550866e-01 3.764588518905127135e+00 2.945910609899582977e-01 -3.916939825552438748e-02
3.324627003112003432e-01 1.564449101440149731e-02 3.614554237239576917e+00 4.081643704059013111e-01 -8.458649566859628710e-02
2.963405532982480994e-01 -2.615084264627405286e-01 3.843866705622153379e+00 2.628631714850269141e-01 -2.717149962322358558e-02
3.060368096974389052e-01 -1.501171599105057541e-01 3.730263389914229677e+00 3.260343731684814395e-01 -4.226075835198099540e-02
2.798654394907016396e-01 -3.276754431373992693e-01 3.871902375210915626e+00 2.545614760436245572e-01 -1.414215091485094070e-02
2.912083174851469169e-01 -3.231582338010651201e-01 3.780658817095475133e+00 2.571049290746055815e-01 -2.796635744934509310e-02
3.421469340388145763e-01 3.712697474542453469e-02 3.585509377898054240e+00 3.272637828994731657e-01 -6.148940909178012698e-02
2.785468459867951885e-01 -2.489680723070928359e-01 3.825791172033179866e+00 2.491522401911444862e-01 -1.700856433913416552e-02
3.159159613887688733e-01 -1.485655206104633252e-01 3.747648329921108079e+00 3.903769515542118151e-01 -3.495931773174281582e-02
3.175560503873941509e-01 -8.955490710172922530e-02 3.650899354172606692e+00 4.011462557306424426e-01 -2.684025275107965874e-02
3.043114623224396076e-01 -3.223035130274511939e-01 3.834038987749331717e+00 2.707633195710367202e-01 9.120511201547915059e-03
2.911200892760555381e-01 -2.428133039862642450e-01 3.723546370162948538e+00 1.249347816388732268e-01 -4.720772207849914179e-04
2.856057837231018581e-01 -2.345090015745924239e-01 3.768077115196018401e+00 2.732942251314520732e-01 -1.920276129098684448e-02
3.305123465832327523e-01 2.417847423469818291e-02 3.519752501656116195e+00 4.479814422349546743e-01 -3.738099104798557615e-02
3.109015121987104280e-01 -1.926883863024624333e-01 3.743934832873041518e+00 3.351750780955802811e-01 -4.411481274256498497e-02
3.152149076706945996e-01 -1.570168188960262556e-01 3.757840631417189936e+00 3.563795440284369120e-01 -3.349543483118723464e-02
3.052524516408137156e-01 -4.127026630083645009e-01 3.872547795580609353e+00 2.098151112626466808e-01 5.520145457500546388e-02
2.988950871716940516e-01 -2.916116490100206793e-01 3.831068369238969318e+00 3.512121846292883820e-01 3.412745579846360178e-03
3.099888950261276976e-01 -1.505406599669782963e-01 3.716527636517444222e+00 2.772105949139655467e-01 3.068711121473570794e-03
3.095298847409555520e-01 -1.766529602791772346e-01 3.701153551063000258e+00 3.449700800708886961e-01 -6.235409866704232605e-03
2.916044276736980967e-01 -3.568563506783102302e-01 3.863951559195614838e+00 2.372306547239006191e-01 1.429703615174865959e-02
2.970629939463116376e-01 -2.829113522027744687e-01 3.780201114644919702e+00 2.612338086611115662e-01 -3.390804240773492156e-02
3.120486280084592834e-01 -1.125139857638343677e-01 3.690212972102817179e+00 3.533926272093688148e-01 4.247222247043378959e-03
2.963253035900336729e-01 -3.083639668937629419e-01 3.803744309593024120e+00 2.457891466615457488e-01 9.009640502346717358e-03
2.940996598842550158e-01 -3.814210328405455708e-01 3.893882393184670665e+00 2.761685230632336396e-01 3.469582308089785155e-03
3.092718580314713361e-01 -2.164691285825847133e-01 3.776813122530231492e+00 3.212269257719678750e-01 -3.330279390918396143e-02
3.086481294677955178e-01 -1.896904336339702291e-01 3.767367612407433786e+00 2.976485753962367919e-01 -7.729574234340504807e-03
2.817226737424984861e-01 -5.005347318597934692e-01 3.988346836925955596e+00 1.842896673376960837e-01 1.720756839559109061e-02
3.003717921285840586e-01 -2.556349904157555475e-01 3.817753670766110830e+00 2.787614438127506977e-01 -1.332770482352791871e-02
3.199247517998774493e-01 -1.340340911669793411e-01 3.773358344515798102e+00 3.691825388122861318e-01 -7.321339102641703789e-02
2.934978145865559385e-01 -4.586046799718789813e-01 3.970157083879268356e+00 2.016622476064823255e-01 3.518172026089182169e-02
3.017823404627067996e-01 -4.052680756284700592e-01 3.917204763221519670e+00 1.858825361094890161e-01 1.459905774308458207e-02
3.071760769818634995e-01 -1.450479698726211408e-01 3.676277095919282090e+00 2.713646627115484655e-01 -2.275766918542022899e-02
3.242479474556548835e-01 -1.431995961812128348e-01 3.750037371758037974e+00 3.448245028477855412e-01 -7.751562959530776398e-02
3.135266610098263462e-01 -7.820017867870204809e-02 3.615088499589472093e+00 2.885151378494194563e-01 -4.529031348304578958e-02
3.007926805965321360e-01 -3.471463143301922183e-01 3.851895214890996400e+00 2.904660622178779628e-01 -5.080091652042884043e-02
2.805871478150657738e-01 -2.239291238902113013e-01 3.727413275967170314e+00 2.563265434233760742e-01 -2.043729762795582980e-02
2.806086079904944186e-01 -4.824261633428589269e-01 3.927974970525788034e+00 1.537047356434077805e-01 5.764314659976862987e-02
3.145950017860831283e-01 -2.732724909633179045e-01 3.874993167748340905e+00 3.416210014362350833e-01 -2.000661596295954386e-02
3.086456351314911806e-01 -3.044719354159841629e-01 3.842797264691241832e+00 2.639700127995250334e-01 2.934179664301617488e-03
3.213846740797896007e-01 -1.533199910512053066e-01 3.671867301281315665e+00 2.703303624437063957e-01 -3.511262204638337936e-02
2.789931623662836868e-01 -3.951047021115299263e-01 3.866172671756507917e+00 2.195790919713670464e-01 4.567209774527646038e-03
2.899656713047601420e-01 -3.661877398816393292e-01 3.905818372210335010e+00 2.020294480990407204e-01 -2.410050379139101057e-02
3.020376545962016879e-01 -2.999006637722445578e-01 3.823734990719908744e+00 2.971985147231244739e-01 -1.466795620995373431e-02
3.086149492372103897e-01 -1.032156532742442567e-01 3.719659250931812267e+00 4.358464134608832641e-01 -4.623874329422222179e-02
3.122535801154837087e-01 -1.993692680350997171e-01 3.750107161863963423e+00 2.520216373388218245e-01 -1.485926334106214657e-02
3.136039484152478574e-01 -2.720071438017064303e-01 3.809338723956805062e+00 2.891144676585111206e-01 -5.255882536932431071e-02
3.101710437404650023e-01 -1.736934846407639510e-01 3.700886393510971484e+00 2.935563202557803231e-01 6.422031373273491897e-04
3.078781164891932209e-01 -2.889037327193630378e-01 3.815931444333349631e+00 3.062564546132625076e-01 -5.372238387677122362e-02
3.079295137656365422e-01 -2.487942504059237891e-01 3.743942534597799909e+00 3.375543627239688815e-01 2.245177954792073639e-03
2.924629792774589565e-01 -2.118403828927653276e-01 3.772756961568368705e+00 2.456638154709936961e-01 -2.456162466068108341e-02
3.339014610954540441e-01 -1.557810853204553148e-01 3.741185957685143837e+00 3.447563181441695157e-01 -3.659451682501989322e-02
3.424971572106820239e-01 5.558673902046606941e-02 3.523164989468254404e+00 4.375134847115887959e-01 -5.069170674011871242e-02
3.105818365819310034e-01 -1.876533953150825995e-01 3.708442218787258327e+00 2.553989466095745176e-01 -9.291933425040574401e-03
3.026907353446479099e-01 -1.385341374928330815e-01 3.656936502095082364e+00 3.067266739236031436e-01 -2.268768763246761799e-02
3.298709229260015086e-01 -2.964098829059264029e-01 3.827978241142147908e+00 2.889929665623337529e-01 -8.520160950481098922e-03
2.776865268980330814e-01 -3.554264094264178997e-01 3.802108528654889685e+00 2.425524789584445617e-01 7.262692946275504935e-02
3.113096165532787674e-01 -1.330177802881790383e-01 3.699487422754301758e+00 3.525098068200537837e-01 -2.676411772731191602e-02
3.218080238450184982e-01 -1.256156525989766126e-01 3.754648028185210151e+00 3.637373461043755252e-01 -1.106673995125238424e-01
3.304042700487772599e-01 -2.148285516804494810e-02 3.641884720084736848e+00 3.547431866671108547e-01 -2.895076496503355343e-02
2.930954994934302227e-01 -2.555580845419191949e-01 3.810000468306317334e+00 3.539590102303291075e-01 9.564911819786955927e-03
3.240724960161259216e-01 -1.058756321368072989e-01 3.686838900590220458e+00 3.051311660847794149e-01 -4.319628868741843403e-02
3.089715288842563856e-01 -2.956347998428198176e-01 3.845790765339515360e+00 2.925810242819594786e-01 -1.338871354898465288e-02
3.164813558599953169e-01 -2.172333966844886277e-01 3.766247654766571973e+00 2.640545308907318311e-01 -6.530382375779783533e-03
3.319861646235813257e-01 1.017779501132750342e-01 3.490818215465210095e+00 3.839196441935027182e-01 -4.768903381085239090e-02
2.848556962621250355e-01 -3.396284718652093360e-01 3.881051698955542140e+00 2.220099587865853874e-01 3.961237620234141221e-02
3.334789546400283577e-01 -4.951769448636508808e-02 3.627589326564728101e+00 3.961671423094025868e-01 -4.920521667491140061e-02
3.291120571816057438e-01 -7.293641953674625394e-03 3.588256167124884044e+00 3.274127352833669513e-01 -6.582305777445839057e-02
2.835348413200776685e-01 -1.715609887541725831e-01 3.759662036856746603e+00 3.165803712773865297e-01 -5.798104237347929957e-02
2.922401315277873279e-01 -3.625423331240724689e-01 3.887566341050307628e+00 1.643176314751245148e-01 -6.801489677323781236e-03
3.214814669068035702e-01 -2.884709528971790560e-01 3.805848847410584934e+00 2.702521022923398686e-01 -1.553579813235729176e-02
2.963487978660692690e-01 -3.630237032908839589e-01 3.923783699492853660e+00 2.568787608315032944e-01 1.698797821010912534e-02
3.318895601115462446e-01 -1.117586466015390301e-01 3.732500411872633261e+00 2.683375197881008312e-01 -6.298628327277319694e-02
2.940372997925724818e-01 -3.066648997166029345e-01 3.848439833487563799e+00 2.803543081057314756e-01 1.093082559060756971e-02
3.197733997756753710e-01 -3.076206616025746188e-01 3.857730520621438952e+00 2.705841292629986294e-01 -2.829963233811451373e-02
3.046040864052410035e-01 -2.116392838477298977e-01 3.727567346118625391e+00 2.705669687466827900e-01 1.008160321327893419e-02
2.950610018466386930e-01 -4.725964275845100926e-01 3.980760788804500017e+00 1.872889116126454090e-01 1.230236752195657327e-03
3.083700531681621837e-01 -1.979319500287954892e-01 3.781669225565716275e+00 2.783496798691328933e-01 -2.764293879134895743e-02
2.960921719743506153e-01 -1.868399410497046387e-01 3.733538794274595229e+00 3.206366743562991672e-01 -6.572656262015825340e-03
2.928198083606079472e-01 -2.904750856398599645e-01 3.734073731128724649e+00 1.942397935998083081e-01 1.935547504582642298e-02
3.086723261530137097e-01 -2.077116646362670016e-01 3.774947317843083017e+00 3.199741723283075490e-01 -1.769992848628862761e-02
3.170684887965852239e-01 -2.407017677407233269e-01 3.809067404205126461e+00 2.235306379717484637e-01 -1.029209126158277948e-02
3.105285419781882994e-01 -1.490423348376083423e-01 3.731223463820834585e+00 3.685087348455822198e-01 -2.576368404298044756e-02
3.442520895352138011e-01 -8.625330594695795883e-02 3.669374639938711269e+00 3.656212648689560751e-01 -3.019671985972344555e-02
2.850149230803464273e-01 -2.799700784312242896e-01 3.833686525637583831e+00 2.583024286692667260e-01 -1.837515992430856226e-02
2.874327153845995242e-01 -2.229104989683775018e-01 3.785009961694291380e+00 3.064516092359049759e-01 4.212194073905911607e-03
3.071469008037736037e-01 -1.340073267860057427e-01 3.720912396051208049e+00 2.618000793909358026e-01 -1.652166961773661458e-02
2.975347751521912332e-01 -3.918149920115217566e-01 3.877008071611752982e+00 1.988055901009586623e-01 1.995172579453790770e-02
3.162125410616041243e-01 -1.191457071320210226e-01 3.715754807592516418e+00 3.066033574600811051e-01 -3.146527992728151424e-02
3.302082226694764144e-01 -1.228846843434829861e-01 3.708048706213424417e+00 3.881910468155869154e-01 -1.006265810035710320e-02
3.077142024963502864e-01 -1.033024462551200562e-01 3.708838089312341157e+00 3.424959814539639269e-01 -5.607756734155486256e-02
2.802914292151535425e-01 -3.383996037177331440e-01 3.848924044951078649e+00 2.307014306683149441e-01 -3.287767801730555328e-02
2.917148451048019453e-01 -2.131688289287101967e-01 3.721753481934972019e+00 2.554954023448475220e-01 7.852460669201557358e-03
2.864381516761361768e-01 -4.660857300398341674e-01 3.893766792389064868e+00 1.864687696224894276e-01 4.536524320999110738e-02
3.285697098376548775e-01 -1.520594546123940627e-02 3.589028135475984538e+00 3.853463386458775841e-01 -2.321744646011363045e-02
3.348064374398087573e-01 -8.915133799063806874e-03 3.563862584436879644e+00 3.546473396075158213e-01 -6.916831200880435571e-02
2.850652099737993050e-01 -2.320851080314335069e-01 3.703294675549849924e+00 2.545967186175701613e-01 1.925167488235518531e-02
2.937520698019185361e-01 -3.681924221509328410e-01 3.906762015812619282e+00 2.158745075198398311e-01 -2.705307730164680652e-02
2.894742520287139076e-01 -2.992152888245454001e-01 3.805925897157364624e+00 2.453811946710994785e-01 -1.988043142827213700e-03
3.033394557083191057e-01 -2.380055394811173008e-01 3.756014750681643033e+00 1.937715034838561057e-01 -3.517395350135907664e-03
3.439566013645965481e-01 -9.887948953950644049e-02 3.701743861499426913e+00 3.927704735080528864e-01 -1.333740938251400110e-03
2.728222826440473425e-01 -4.482338862165392568e-01 3.908274024359331467e+00 2.106509944625554465e-01 -1.250025586783385864e-02
3.250692546645769232e-01 -1.117345939134983257e-01 3.629369636453983805e+00 3.541421648995757843e-01 -2.546064400657741672e-02
3.361184342766722066e-01 -2.059391971752946304e-01 3.762707967404900433e+00 3.012455665326407850e-01 -5.996819953769740030e-02
3.429539263130090831e-01 1.002213187068312361e-01 3.496880529797760317e+00 4.019328242686215913e-01 -1.006612134551366361e-01
3.013774024368122140e-01 -2.275422467941774496e-01 3.802948254612276369e+00 3.227853445210014938e-01 -1.275712972919674365e-02
3.095283046445713726e-01 -2.746082887750782575e-01 3.797756923347630487e+00 2.855626159772612360e-01 2.054390634304268173e-02
3.142802932017413897e-01 -2.457500928848318500e-01 3.835003901934043391e+00 3.150021533839285626e-01 -2.122079569649842901e-02
3.151943220145198565e-01 -9.872859328764142794e-02 3.692848827969322123e+00 2.839179354931793964e-01 -1.588727653193514749e-02
2.909961520579325556e-01 -3.034714251909053084e-01 3.840296349083706318e+00 1.925108323953912959e-01 -5.873426129338386523e-03
3.132392034265368830e-01 -9.679983066031781769e-02 3.646102360667818676e+00 3.471796032536684229e-01 -3.920736981741065191e-02
3.154832356114081748e-01 -2.274305985535977348e-01 3.718264209348682847e+00 2.468522567408840684e-01 1.062609354390263612e-03
3.148651341020071714e-01 -2.840120670492717325e-01 3.842741878250141685e+00 3.399321535978410136e-01 9.497189135487572181e-03
3.027577839764102330e-01 -2.627324286249720364e-01 3.771257742648093547e+00 3.080153077815653839e-01 2.121774368609393238e-02
2.833731011241500397e-01 -3.387228701676457399e-01 3.877010283960748094e+00 2.795863288716594064e-01 1.471929476499863818e-02
3.481766519657016334e-01 3.326580566734358563e-02 3.606253153521969068e+00 3.732875651881789048e-01 -7.128967627172004551e-02
3.123586664923258538e-01 -1.715192744923027257e-01 3.749978875793459565e+00 3.213719178964299927e-01 2.216514820204380787e-02
3.175962642137258318e-01 -2.089406552888291024e-01 3.766153563364441847e+00 3.591315628921467606e-01 6.424659632413098551e-03
3.057173690699446222e-01 -2.103714904795625784e-01 3.714449773493250007e+00 2.580007076999262794e-01 -3.879055306096049205e-02
3.467847870786309183e-01 -6.636891727642378613e-02 3.673095515352764906e+00 4.058119277382150614e-01 -2.513476686329151055e-02
2.930099629828413210e-01 -2.163865604945718890e-01 3.772087085353220459e+00 2.960252579049111321e-01 -3.207102691780676015e-03
2.858128148442806160e-01 -3.846253391219532358e-01 3.906061081658001921e+00 2.954504952950824381e-01 -1.143957186292679853e-02
2.851684997703430313e-01 -2.444345737927912932e-01 3.806547526863091946e+00 2.965099551415748547e-01 -4.575392025451724409e-02
3.291330871639180922e-01 -4.521505903212588717e-02 3.593309031665019138e+00 4.088400089839825391e-01 -4.477386081749427926e-02
3.263525736655492060e-01 -2.461131556368506557e-01 3.797148251170360922e+00 2.637964135401500987e-01 -3.901492312888451414e-02
3.022180297631874568e-01 -2.191493182356729630e-01 3.799401807081780102e+00 2.551259799756797619e-01 -5.490438591987709810e-02
2.951399274756975610e-01 -3.150307684813576370e-01 3.848694658242291844e+00 2.213946243818339377e-01 -3.936536924488167472e-03
3.029253612836260712e-01 -2.670728364011396572e-01 3.754712726023741176e+00 2.463496659904646224e-01 -1.069573529578826329e-02
3.078514253749820573e-01 -1.082287075265536413e-01 3.661903199225428729e+00 3.070282142313671692e-01 -1.875896954418701523e-02
3.335354686991973683e-01 -1.309149818707316948e-01 3.755543196209396584e+00 4.048797634454327499e-01 -4.973889664374887831e-02
3.098912268140279203e-01 -1.902189854133417846e-01 3.702732112157532729e+00 2.776893194983703350e-01 -1.599834916650504785e-02
2.807039902409556031e-01 -3.735176234215842883e-01 3.920142005531047413e+00 2.787407519475901818e-01 1.881539365167361408e-03
2.851776114645538374e-01 -2.949852313139856297e-01 3.874977113716048471e+00 2.405590988816969644e-01 1.105923909320979601e-02
3.220051506611826264e-01 -2.541573159682943839e-01 3.789612358936156777e+00 2.790085123209365969e-01 -7.586912087230779367e-03
3.162844754817071280e-01 -1.154991589963059589e-01 3.762130876793131851e+00 3.137358970517871160e-01 -5.916416299561541581e-02
2.964792729024922080e-01 -2.372468766623521130e-01 3.807340537066869590e+00 2.761278653252332571e-01 -3.171031172809595650e-02
2.978155317118916789e-01 -3.791105060056402243e-01 3.906923881785377084e+00 2.306267909855018450e-01 3.959897127245081555e-02
3.146357285188204900e-01 -2.031929757105790935e-01 3.736901149471000938e+00 2.993781701030989728e-01 -3.622661766128484895e-02
2.728872867738005858e-01 -3.377057727027537593e-01 3.873487854346500114e+00 2.326285548797487335e-01 -7.258714927478419898e-03
2.814023397171127039e-01 -1.918305275969572621e-01 3.761105884118174814e+00 3.221567308939549124e-01 -4.072354976825431905e-02
2.953818610283830970e-01 -3.571745457574885818e-01 3.880845489212884747e+00 2.454335565675419550e-01 2.223091738242227722e-04
3.114911675810687064e-01 -4.027848843837818493e-01 3.870486639032222786e+00 2.933246682789360515e-01 2.092767109575511403e-02
3.173778662226912628e-01 -1.807909334458035477e-01 3.741625822862360451e+00 3.145857439058702965e-01 -3.085866153840543386e-02
2.819237614627118638e-01 -3.968766873512578064e-01 3.906361436622875161e+00 2.109777682538022114e-01 2.490224165052830341e-02
3.204842689985034632e-01 -2.098094169795107489e-01 3.800931338195236542e+00 4.070173043309842087e-01 -4.655452228207225540e-02
2.814067552612242729e-01 -3.178582390558544191e-01 3.826444482637498368e+00 2.103050684742204801e-01 1.662624359946317243e-03
3.266686426810178623e-01 -9.652785062910794467e-02 3.654635081541325548e+00 3.357093643350106404e-01 -3.140402854548561551e-02
2.635371997696042135e-01 -5.452838684785905610e-01 4.045065933543215309e+00 1.385726781175893318e-01 4.825537541871824376e-02
2.956457918839922039e-01 -7.254323779023233443e-02 3.667885099569327512e+00 2.928219126821040019e-01 -3.618136058818018780e-02
2.877814534638071242e-01 -3.411855102857774269e-01 3.806582515209869122e+00 2.113646778901427103e-01 5.173435360648442893e-02
3.072998285433251042e-01 -1.055335881181563018e-01 3.714992305504400072e+00 3.844754012796253173e-01 -4.060425512070010845e-02
3.573081285469206780e-01 8.566194734451496040e-02 3.517245190987051906e+00 3.778414219942147212e-01 -5.611759513523018744e-02
3.843732744388832501e-01 3.795942355104309218e-02 3.641496580896450119e+00 4.096289406645118314e-01 -2.280633651141749166e-02
3.124280143103709273e-01 -2.636504384652853528e-01 3.788378581179862703e+00 2.591775450372632017e-01 6.914050093361108484e-03
3.088199316514591564e-01 -2.186858176841147694e-01 3.757916270424064287e+00 3.128312608822964580e-01 -1.119004411995544630e-02
3.000454207483316260e-01 -2.005148282536349802e-01 3.774579032919973987e+00 2.669801040531380454e-01 -2.113566594915534599e-02
2.834534395877906787e-01 -4.327006314387732422e-01 3.936509642056840175e+00 2.385744407769954945e-01 -1.074808573818914967e-02
3.022413919779410874e-01 -2.093973311196876408e-01 3.718328814727168474e+00 3.036784517791525917e-01 1.936025852466601721e-03
3.561747784223954216e-01 3.133605533870419124e-02 3.561856814306935792e+00 3.693378488757156353e-01 -4.989740187247403841e-02
3.006705926600881096e-01 -9.608513123429400504e-02 3.655759447365102055e+00 2.277542226973036377e-01 -1.010671478710615384e-02
3.010354480335643013e-01 -3.422314486538464706e-01 3.864407776007913853e+00 2.631340858234416102e-01 -4.188968750897260895e-02
3.050221477935537440e-01 -2.228534543029061232e-01 3.745688364106972035e+00 2.669035293132243636e-01 -1.207808306773742492e-02
3.159250305794571445e-01 -1.153555236723144833e-01 3.696771183797400884e+00 3.422912115922147613e-01 8.366519405660709230e-03
2.999355317880845750e-01 -3.629382136729234487e-01 3.894794883812644937e+00 2.740668346161619917e-01 2.052146936551903569e-02
2.980082395475863732e-01 -1.811288149927268720e-01 3.749696027496470130e+00 2.954966250033024822e-01 -1.554243704971893306e-02
2.974477325792955762e-01 -4.685911039720739857e-01 3.981030560941987151e+00 2.158856463745122412e-01 2.592528774394829011e-02
3.059713085191408943e-01 -2.370165108329336801e-01 3.727123365184923376e+00 2.818997152324361766e-01 8.619791973856391273e-03
3.195765381259286775e-01 -1.314230112318547639e-01 3.657437716209121614e+00 3.300859133871901774e-01 -4.665590236798472512e-02
3.048312212854359382e-01 -1.527158146137037875e-01 3.700653695075494021e+00 3.277029684233017659e-01 -1.676814302565448819e-02
2.791382519582728539e-01 -4.321776503083687437e-01 3.986698759634532685e+00 2.113489145879750564e-01 5.586904014663471307e-02
3.287434662354890014e-01 -1.729937487191282042e-01 3.766614764634621082e+00 2.972245577729549226e-01 -5.883376761145228673e-02
2.941237089658323978e-01 -3.608599562338276057e-01 3.864501860786280663e+00 1.680787660260684713e-01 -5.499104951596937851e-03
3.217244279745669622e-01 -7.356265342721152178e-02 3.646966094683324666e+00 2.601865458368846085e-01 -5.194761823772404974e-02
2.949657746459422580e-01 -4.283160208143304559e-01 3.897333337145350463e+00 1.459054818482244109e-01 2.331551534326957442e-02
3.172419745505324351e-01 -2.420885827501093601e-01 3.815548964022983824e+00 2.351138534645119960e-01 -2.299834868076766278e-02
3.085947671894812561e-01 -3.801563526710394214e-01 3.880991494515818374e+00 2.213098982997962205e-01 8.045096288937701734e-03
2.978263723474720570e-01 -3.106354219784655535e-01 3.852250637556676072e+00 2.750478959808092538e-01 2.396728328059413715e-02
3.090584001696451422e-01 -1.823393582275603941e-01 3.656341573406527434e+00 3.070221184064053643e-01 -1.157455388771466004e-02
3.252694501075040767e-01 -1.420030087571747535e-01 3.684721374316447751e+00 3.382787869469805475e-01 -6.730359374894825941e-02
3.323927206746749574e-01 -1.180803143470066097e-01 3.700372424887141243e+00 3.168396270523889946e-01 -3.825765132700423982e-02
3.047451426252991147e-01 -2.306958747739444870e-01 3.815186523550281983e+00 2.677911369820129561e-01 -6.212684609812299530e-02
3.186677487760190552e-01 -2.275107491476751065e-01 3.753433386081316492e+00 2.765809741359509522e-01 -2.058134141959218344e-03
2.925594930945708549e-01 -3.340929091537631623e-01 3.850792357159118051e+00 2.310726299864981348e-01 8.411405214700469479e-03
3.134777375802710875e-01 -3.264606821779131307e-01 3.834115001904433218e+00 2.470042515160178476e-01 3.173780892063743364e-03
3.110723576288501047e-01 -1.894778002136496553e-01 3.802589222657785317e+00 3.142910934578236892e-01 -3.756030025783135828e-02
3.330992085793544888e-01 -1.084548413490713792e-01 3.691373103765009933e+00 2.876132435032528467e-01 -5.033289270562320283e-02
3.347824537832327918e-01 -1.696714591286722917e-01 3.775694417001025371e+00 3.505320721296020237e-01 -4.486377811531735288e-02
3.359587071681590653e-01 -1.267165867964963610e-01 3.734792907147318708e+00 3.274806066560930207e-01 -5.396394022176696781e-03
3.373737735393814163e-01 6.581447531493672676e-02 3.503205130232829756e+00 3.729474404868470261e-01 -2.027608160973340748e-02
3.074581306989235818e-01 -2.017518841215491521e-01 3.631677843592155952e+00 2.404797829440546986e-01 1.249908871781823042e-02
2.951357161583134658e-01 -3.040193218612006198e-01 3.751247557319699499e+00 1.864137578359070790e-01 7.371421966400433165e-03
2.930526048219281310e-01 -3.663892804865157560e-01 3.912472789709382504e+00 2.315729478534206964e-01 5.154311008412473805e-03
2.761847282546508464e-01 -3.030540475747270923e-01 3.827159063185596732e+00 3.054683913869310485e-01 7.532296774226659303e-03
2.981780687800451579e-01 -1.492164519200432915e-01 3.698066780327544656e+00 3.745995839761325219e-01 2.237437952896802543e-02
2.846109660486774162e-01 -3.305955036785786505e-01 3.823669217026473000e+00 2.814377759704961290e-01 -9.505160404254021228e-03
2.706894443414241680e-01 -3.577920518982738440e-01 3.859484232781472901e+00 2.673923323678536468e-01 3.082224431979696533e-03
3.198506218110463983e-01 -3.565984543996436607e-02 3.592919607439664542e+00 3.385665711940475386e-01 -3.554872396066333096e-02
3.197019118500021850e-01 -2.755981930265064689e-02 3.544709952696098121e+00 3.840225720910339646e-01 2.408632360466134853e-02
3.332165102886203156e-01 7.342700665236394364e-03 3.628857448066093561e+00 3.600903041854208730e-01 -1.002380831419673463e-01
3.251149539427856117e-01 -2.231864100804216433e-01 3.703077002270424245e+00 3.232504819379681260e-01 -1.712784498410839518e-02
3.380547958827299082e-01 -2.496327542262152810e-02 3.575400599558875570e+00 4.219174812485267378e-01 -1.746006817249059692e-02
2.729450241988284898e-01 -4.030925752594859413e-01 3.886531432515303308e+00 2.151293332161396121e-01 6.313336166547610373e-02
3.190690835458349084e-01 -1.405101414078443467e-01 3.707989596453125980e+00 2.513649524216317044e-01 -2.901224453546925180e-02
2.684621820254712854e-01 -4.126279365745332273e-01 3.871453452105960036e+00 1.798853094949996456e-01 2.660214364393371708e-02
3.283971679167216884e-01 -3.384220254263636124e-02 3.628463532594970342e+00 3.564956427661045701e-01 -5.581094063109157816e-02
3.077338208447220058e-01 -1.654583710836214916e-01 3.730742560998506541e+00 3.285253443539839502e-01 -4.958972341940605030e-03
3.072660588121859382e-01 -2.911307494103419491e-01 3.837216857594031971e+00 2.446375174095165028e-01 -2.216298338578331917e-02
3.176193033091814222e-01 -2.495104282434243981e-01 3.794893229722032579e+00 2.707636542491463905e-01 -7.333541125080333956e-02
2.978587426830430762e-01 -3.675847700374876847e-01 3.883229194562245468e+00 2.521112397314116960e-01 2.820802464677897581e-03
3.105713377160959632e-01 -1.740942112055749447e-01 3.763912324303951173e+00 3.142331303768327033e-01 -1.270492559713152364e-02
3.263478231280577679e-01 -1.258683323204386195e-01 3.706680317584425399e+00 3.921106152493439856e-01 -5.939304384084020949e-02
3.346835313828199210e-01 7.209143343639246027e-02 3.491388620731646242e+00 3.818736142091075370e-01 -1.305640555163091986e-02
3.207451260130343429e-01 -2.131609325501809538e-01 3.744914770354710765e+00 2.810437983651095095e-01 -8.929087195731764612e-03
3.526621327190156419e-01 2.771779511346555980e-02 3.567585849059796477e+00 3.285587887068651125e-01 -8.784639958913925684e-02
3.069073874099036425e-01 -2.793651224113564702e-01 3.827781002138682442e+00 2.313508434818571935e-01 -2.991208757213940916e-02
2.867955453078465111e-01 -4.428993248855728759e-01 3.941280058769680572e+00 1.880055893148280255e-01 1.769672846496161273e-02
3.019758710740861885e-01 -2.061273509950513338e-01 3.734037175016613475e+00 3.006084937107920685e-01 -6.312201412360879393e-02
3.294090823255348410e-01 -6.591094379264141045e-02 3.701283112490962424e+00 3.946264926221579872e-01 -8.279274460828484061e-02
3.054643161261658135e-01 -3.126930486405898324e-01 3.868322467751577065e+00 2.832331194992055989e-01 -9.338296636412356244e-03
3.203839718753329624e-01 -2.174958453658581703e-01 3.796817082856599690e+00 3.243115982231726258e-01 -4.067519604888622520e-02
3.214670037066711950e-01 2.979957980461414579e-02 3.621873872414808293e+00 3.546246455537869768e-01 -5.343314347086752097e-02
3.132569533432369990e-01 -2.808679641216066392e-01 3.789267623082257064e+00 3.327121702144800741e-01 -1.174149658927057041e-02
2.902576518025982155e-01 -4.544900309379492631e-01 3.948392727364944843e+00 1.408756828322464127e-01 1.699552953489097407e-02
2.847797449364009581e-01 -3.191288518879976666e-01 3.840655991175750739e+00 1.757525543378075650e-01 2.727973525444482225e-02
3.264867829765873974e-01 -8.134605597497500395e-02 3.666023203649811268e+00 3.664400353520556597e-01 -2.124508990102723371e-02
2.858200103763775535e-01 -3.867539442304825381e-01 3.899038010102374052e+00 2.418277889174683948e-01 2.201388565099592770e-02
3.018646827267743027e-01 -2.124382991970932832e-01 3.742218013721390513e+00 2.589200031681267999e-01 7.455455877725422446e-03
2.749847539995893264e-01 -3.182825200859616399e-01 3.821533412382386530e+00 2.788912155331999543e-01 1.346110078809876001e-02
3.067655753762322246e-01 -3.034305365279957867e-01 3.842985730167745917e+00 2.905870582654666023e-01 -1.994755876182596754e-02
3.025555986503720707e-01 -1.467512109952213706e-01 3.651484629564711870e+00 2.971036978072642554e-01 -2.478277256159538977e-03
3.205807000746377922e-01 -2.425502060344891797e-01 3.725802707098295752e+00 2.644774676891193943e-01 7.078691527165961728e-04
3.051028655793642796e-01 -1.613566346838832266e-01 3.702060157626057890e+00 2.663569567371686375e-01 -1.545747104109792408e-02
3.016255013507132543e-01 -1.542186408041998913e-01 3.712369720540150020e+00 2.932703019632761365e-01 -1.426237396987282968e-02
2.757096028495890638e-01 -4.331416818366323751e-01 3.932162813357734876e+00 1.275306848406443927e-01 1.928921318796841117e-02
2.702211256435798070e-01 -3.800087073876385890e-01 3.831858929569105676e+00 2.323909073166257611e-01 2.630728236378005250e-02
3.012794255863505133e-01 -2.997123988214877022e-01 3.802657775402245921e+00 2.812739152727939396e-01 -3.317454221307297724e-02
3.161563673222667070e-01 -1.788665152423847549e-01 3.768646029985239565e+00 3.085787488753262697e-01 -2.636485985300913992e-02
3.381163607817513905e-01 6.949778893455682560e-02 3.581325447008487650e+00 3.943472822596644223e-01 -2.184620774320164896e-02
3.278587888996175592e-01 -1.808346038615276652e-01 3.737662647658026582e+00 3.026224184616196911e-01 -3.111265354730231858e-02
3.123602393403353550e-01 -3.683095088794469674e-01 3.887511150379939551e+00 2.035075322905643413e-01 2.842325388126599670e-02
2.919732425510130347e-01 -3.148367108337020159e-01 3.770745945818551270e+00 2.710210043041510475e-01 3.694902236308268001e-02
3.053103082793554579e-01 -2.123094976828403813e-01 3.664787049783965855e+00 2.918714138883046205e-01 -2.908115289596601219e-02
2.788988022390965216e-01 -2.493630266516121685e-01 3.732764791861081122e+00 2.010434841024376362e-01 6.852808003567244233e-02
3.158525574902872335e-01 -7.382185190289378141e-02 3.614402998671111256e+00 3.514546732857174449e-01 -4.472892075198128814e-02
2.926680403297228228e-01 -3.370669349242016999e-01 3.866961882235338432e+00 2.087031594343480567e-01 -6.763264120129106050e-03
3.649881252990705982e-01 -2.331376920952299425e-02 3.612037998239844505e+00 3.286711081004980439e-01 -7.064086337754937883e-02
3.067473465302468227e-01 -2.290316286055731343e-01 3.775787558899669882e+00 3.136915609797858995e-01 -2.791808396917639171e-03
3.082176470229166521e-01 -1.793568320053435250e-01 3.731090850678884685e+00 2.959723490367349719e-01 -4.743696688419177937e-02
3.235359444035380005e-01 -9.101341355561637370e-02 3.659473023757464638e+00 3.596962904731321187e-01 -4.377409556322487544e-02
3.083811489090870217e-01 -2.859236250084868924e-01 3.875960696060122057e+00 2.641915201141794567e-01 -3.543432177346063361e-02
3.413579604349458729e-01 -9.137071672417404478e-02 3.666061437792924149e+00 2.957986044969218575e-01 -5.783359235035747531e-02
2.902886730139168647e-01 -2.971504738734781492e-01 3.863935857791421125e+00 3.081813617958537588e-01 6.180928977795478729e-03
3.018799152670229580e-01 -1.164480901776803745e-01 3.658089173847430597e+00 3.272017207978466513e-01 -4.835654671592202851e-03
3.301666123112973472e-01 -9.311931145701358992e-02 3.674707187471804914e+00 3.613290725827185135e-01 -1.976573539469602889e-02
2.998373084262466737e-01 -1.068902881015052209e-01 3.640186462180604376e+00 3.325700612763375918e-01 -3.261136249237436835e-02
3.027986638638729966e-01 -3.317495357121258426e-01 3.857626145558558317e+00 2.480741022961747422e-01 -3.697940859686624226e-03
2.881892427604267892e-01 -2.738084298629503421e-01 3.767932894809811639e+00 2.535588303824489187e-01 1.247996056169628151e-02
3.116091729156715839e-01 5.840361495800976306e-03 3.576404158811616441e+00 3.753207743883725245e-01 -9.909217030532782577e-02
3.099841180646575323e-01 -2.967634795419985538e-01 3.821489166182810759e+00 3.442998327956929838e-01 -2.632616709287896595e-02
3.000484443928415623e-01 -2.163779225987222110e-01 3.687581872990941090e+00 2.770999334035009198e-01 1.823285508380087516e-02
3.447189022668523117e-01 -7.163193488638873452e-02 3.674790828752463767e+00 3.245760131150732253e-01 -7.786127868433206922e-02
2.889168346434365375e-01 -3.102945478808815660e-01 3.833678846817925923e+00 2.700233899432420981e-01 1.105540443731502231e-02
3.089349717386157823e-01 -1.968750070442720490e-01 3.753172113834132073e+00 3.107329216249976600e-01 -5.258185143908634951e-02
3.183027393699042196e-01 2.776476065740749247e-02 3.649637655288724414e+00 3.542052327915545251e-01 -9.954864597369082746e-02
3.073086906010537023e-01 -1.932844415859886200e-01 3.669041974366759273e+00 3.202047680884960168e-01 1.733231285189932094e-02
2.819779736663196035e-01 -3.529030030354690650e-01 3.883039295156932802e+00 2.235106333152932501e-01 8.922533586386914572e-03
3.117754991221090011e-01 1.857266814013908141e-02 3.523528043774587282e+00 3.556053073630567329e-01 -3.625563891315423948e-02
3.033819200859815268e-01 -2.313026065540598752e-01 3.767179440360179932e+00 3.043719943911527004e-01 4.518570236233387938e-02
2.881572025270663362e-01 -1.838521324998109718e-01 3.775698146261479593e+00 3.185702071519493361e-01 6.801037644732603471e-03
3.021341715498360170e-01 -4.068673181642195047e-01 3.890315778879823050e+00 1.645557148189432106e-01 5.460989358924007997e-02
2.879684656481028004e-01 -2.758321721091040457e-01 3.795596614923490097e+00 3.071336375354240533e-01 -6.113125257411897856e-03
2.898055590147977645e-01 -2.346351158488340083e-01 3.718645680224757832e+00 2.153867519124787744e-01 2.780093624697370369e-02
3.202686771143155586e-01 -2.065010036021105999e-01 3.801362538068765673e+00 3.815339434042531730e-01 -4.880743217768007680e-02
3.151123321902930541e-01 -9.981138229827277164e-02 3.675664936215810918e+00 3.859568527175805674e-01 8.940787245712429956e-03
3.392709634900323845e-01 -4.515305441261027730e-02 3.610537650047894509e+00 3.861230222985618243e-01 -6.377693584585431008e-02
3.264885621321315101e-01 -1.056575200286757055e-01 3.672975583615788686e+00 3.586301560348682527e-01 -1.762543218360275443e-02
2.827491379482829914e-01 -2.892080371129696070e-01 3.806027457516677259e+00 2.479634988757925818e-01 3.225586388378307023e-02
3.278989194550565034e-01 -9.360307061346920254e-02 3.607693367307359456e+00 3.766941830160645543e-01 -5.593810121170487287e-02
2.865069964355171361e-01 -3.309696483900484987e-01 3.851950279383917763e+00 2.166916545977449482e-01 -1.157128920814223111e-02
3.281182680642363292e-01 -3.717110896046722790e-02 3.657468719981623817e+00 3.420931384018785493e-01 -7.127487852815704572e-02
2.649427973519442037e-01 -4.249777905290504920e-01 3.901569886533426068e+00 2.508017233660388978e-01 3.148439484276349676e-02
3.103021571225793585e-01 -9.883365818119693724e-02 3.601433366097115396e+00 3.222654305484043968e-01 5.860630754649947052e-03
3.265473110930723344e-01 -3.115544627085435891e-01 3.814494443526928791e+00 1.902608381040835628e-01 1.805835624556578756e-03
3.092731538569280514e-01 -1.403831519404668549e-01 3.745689020883885778e+00 3.362050890550757898e-01 -2.136973314741702837e-02
2.689842891165141192e-01 -3.066608062231773735e-01 3.813282848751953225e+00 2.326988271297937838e-01 2.050668422916927108e-02
2.851057649746375766e-01 -4.757235302463214133e-01 3.964402712672978613e+00 2.114557394646444377e-01 5.429768310154589606e-02
3.270459517773966485e-01 -2.569084713356511451e-01 3.769191334797853621e+00 2.704888350707563283e-01 -6.442591420907460564e-02
3.404634195680162900e-01 2.869373265083147162e-02 3.576430713747146939e+00 3.351637854225968383e-01 -4.314158421746473737e-02
3.298643778633297829e-01 -1.023724762416660522e-01 3.678274563268639330e+00 3.590613123181949362e-01 -2.511665167780610317e-02
3.210483671084907731e-01 -1.822075102620153708e-01 3.754947814226500036e+00 3.373811495847969244e-01 9.185137812133745139e-03
3.357154218348543662e-01 -1.833457175092572666e-01 3.731359422413297544e+00 3.229847585179723146e-01 -5.646322181433398313e-02
3.149148798716133180e-01 -7.366323235412566839e-02 3.588244589723835976e+00 3.194010274631015056e-01 -6.218680856346383429e-02
2.996496198442640257e-01 -2.825547847301095872e-01 3.795572172058025995e+00 2.484423030209343408e-01 1.468239383559560504e-02
3.218290860620143246e-01 -1.224062835947481998e-01 3.715090159790263247e+00 3.671098333826574023e-01 -5.156654002593646924e-02
3.056867524116961277e-01 -2.962778504010854519e-01 3.749935332617467143e+00 2.793634932390247627e-01 -1.445004689925618452e-02
3.132075198587289111e-01 -2.574442035139383744e-01 3.759442195882868987e+00 2.907765528225979557e-01 -6.787596591527861323e-03
3.118741012510469757e-01 4.484423808821775409e-02 3.512636237334830991e+00 4.030633378422510127e-01 -4.656699248180959372e-02
3.189651609074021787e-01 -2.343320550558374848e-01 3.737856367928089618e+00 2.570097941337213809e-01 -1.234602992200562604e-02
3.112883152312873603e-01 -3.087200857844396573e-01 3.844421656980823165e+00 2.543054264281762178e-01 1.223689476299485469e-02
3.203168387379112803e-01 -6.238233062411016605e-02 3.640277924372937068e+00 3.079178119546301939e-01 -4.086872468229379995e-02
2.948919933547304861e-01 -2.915996102744168872e-01 3.826328190660436945e+00 1.890655152396627514e-01 -1.283211863250702939e-02
3.115758018228584891e-01 -1.862789383443499147e-01 3.787863253833794186e+00 2.292862794292797601e-01 -3.420815672025848825e-02
3.310493223712797084e-01 -1.841105180229402893e-01 3.750405229629284687e+00 3.015080753163739691e-01 -1.434842603771686875e-02
2.968781519358439369e-01 -2.222069170662175908e-01 3.706516600683535945e+00 3.067849774525346906e-01 2.470839479561368762e-03
3.163243582452605063e-01 -2.042248765252110965e-01 3.728733485904679679e+00 4.239095320292100011e-01 1.525599134722832248e-02
3.032904233628528901e-01 -2.472358607323558721e-01 3.808482044589961202e+00 3.094122044863728549e-01 -6.026305643259773082e-02
2.965172108091295167e-01 -3.116867098407161696e-01 3.844774525320759917e+00 2.627456812354377891e-01 -4.261077934694697256e-02
3.063507806801787359e-01 -1.364331916334281525e-01 3.691282636577583709e+00 2.796734866316012424e-01 -4.443924449899303714e-02
3.082279189459539159e-01 -2.463114743756615599e-01 3.840581718390603694e+00 2.636885572708699277e-01 -3.350705971877680767e-02
3.291848276569880327e-01 -2.426134130395421820e-02 3.624001558444260862e+00 3.629697973847948456e-01 4.825424666514242268e-03
3.110457524293793186e-01 -2.126061410548769348e-01 3.763650786662758208e+00 3.540831092557341075e-01 1.033499562887821646e-03
3.055927501647973110e-01 -4.408875141167560296e-01 3.940545178253378911e+00 2.445582071846674199e-01 1.667854470450906915e-02
3.226237922758037335e-01 -1.725609510621364806e-01 3.685574604264686194e+00 2.978481744695739564e-01 -3.715348705235073379e-02
3.110851730631575274e-01 -1.250111776510051120e-01 3.740604753016161688e+00 2.501963265233278499e-01 -5.289689548850859402e-02
3.339906174884409995e-01 -2.261697797448586345e-01 3.830857839131527776e+00 3.362985650462470555e-01 -6.419026686356746336e-02
3.166646205347416476e-01 -3.723371201175107448e-01 3.899496946587031498e+00 3.153348046473770649e-01 2.203835661979641758e-02
3.132657388783534613e-01 -1.416729994308710272e-02 3.634140951890410864e+00 3.493227139055100072e-01 -8.224158045860810451e-02
2.953825477937898070e-01 -2.494272544100817890e-01 3.755580168674947483e+00 2.863297354536059602e-01 2.169062712819989219e-02
3.051515062511171994e-01 -1.922237373837816232e-01 3.697383128487931270e+00 3.222013208968288467e-01 2.674941257446650927e-03
2.795961467720998184e-01 -3.235629774668191683e-01 3.853949710503140391e+00 2.191542706127627693e-01 -2.171131519486898392e-02
3.151720055895047001e-01 -1.129225214669457578e-01 3.764176348659214355e+00 2.758025886796113268e-01 -3.598813156360777810e-02
3.253417988381050452e-01 -6.875173182584198850e-02 3.657851101856055553e+00 3.780826531266466284e-01 -2.428369300917448959e-02
3.081236187518086034e-01 -1.343876948890638523e-01 3.689778505665574304e+00 3.654843321029197512e-01 -5.013661565097075890e-03
2.823178594928523188e-01 -3.417385415795666792e-01 3.884695162556161208e+00 2.579288740803757363e-01 1.754787809168071450e-02
3.161353474596719226e-01 -2.884168938104474389e-01 3.791922892200076500e+00 2.616005399763638994e-01 -3.515456611903192835e-02
2.920653417912950078e-01 -2.057493001424269830e-01 3.789083174787090336e+00 3.056935370485250880e-01 -8.415512739279790155e-03
2.991424900970556799e-01 -2.093388257656793594e-01 3.715925900676242399e+00 2.829487236848564624e-01 1.438893405008983412e-02
3.194559828981599625e-01 -2.326999127941297985e-01 3.754449661118511195e+00 2.336720313023630535e-01 -3.337807532539284472e-02
2.993819268144636836e-01 -3.499169560884395347e-01 3.881562263208602204e+00 3.235727940501922917e-01 8.656729975744119343e-03
2.837202987573111956e-01 -2.517911354923140221e-01 3.782413586498157176e+00 2.957326151988232676e-01 2.113847543655850841e-02
2.994033486448174908e-01 -1.616913255318959686e-01 3.703955110762150227e+00 2.781207664702367577e-01 -1.188445028072737664e-02
3.134221653191304746e-01 -1.361412120773269341e-01 3.663017841093255011e+00 3.222470264522702132e-01 -6.984750701029697473e-02
3.065616606255578969e-01 -3.730014581339076152e-01 3.866899804645504091e+00 2.639703125915259796e-01 2.306811906398942985e-02
3.369119567498811141e-01 -4.407729791872636027e-02 3.604639140019138654e+00 3.548456482434913517e-01 -1.991445995820149972e-02
3.274447186596077253e-01 -1.484926391691898662e-03 3.599811863516901855e+00 3.637318927924984013e-01 -7.456108897551524950e-02
2.788225774152069958e-01 -3.756503721285209263e-01 3.915500119764512288e+00 2.313024174211819883e-01 2.828077159849323036e-02
3.379479342414061227e-01 -5.490603257231239931e-02 3.676450858902413188e+00 2.948027460983167480e-01 -6.966532737324417079e-02
3.038959270513008626e-01 -1.435426868767876729e-01 3.695661088459874843e+00 2.999340878720522241e-01 -3.182665098882013488e-02
3.367045251777959769e-01 -2.182349519104617719e-02 3.587729455174307081e+00 3.981630906274492010e-01 -6.315450631681279736e-02
3.247040476123292385e-01 -1.374350042551854001e-01 3.756998827634013161e+00 3.314668717694806421e-01 -4.680737369488793820e-02
3.127268980199506831e-01 -1.260124466064594106e-01 3.639891308018623928e+00 3.109682040931548985e-01 -5.014606580413941833e-02
3.074002367694392834e-01 -3.662395304263998952e-01 3.867319180953055380e+00 2.759786019391659573e-01 6.043167475387512672e-03
2.969662667890146102e-01 -2.055289255653697800e-01 3.791275750795942923e+00 2.992931332435784242e-01 1.172446166998362092e-02
3.037467983151816431e-01 -2.827952330568267447e-01 3.788464162278566416e+00 2.842189111507983368e-01 -2.050921006395264347e-03
3.283456580626823995e-01 3.138867051192885393e-02 3.524836151971501685e+00 3.644915065077318772e-01 -3.596902477674993048e-02
2.838598682782528249e-01 -2.977469678611939785e-01 3.797261366697303853e+00 2.226997680768035281e-01 1.022961276341715492e-02
3.021094295413636055e-01 -2.261771170738238468e-01 3.784298594408050942e+00 2.650619547027525114e-01 -7.183657354379107199e-03
2.979856290510330963e-01 -2.546744408575843943e-01 3.794033753463001979e+00 3.039307310050251010e-01 2.842753398348715071e-03
3.026313465004441539e-01 -2.858381962956202393e-01 3.779999164451355309e+00 2.425843105427888668e-01 -6.670630466596613219e-03
3.050498758927379650e-01 -3.339723756886778805e-01 3.847939201706982892e+00 2.652466128152645153e-01 -2.729833814578296741e-02
3.166289937630507034e-01 -1.371565749387158861e-01 3.660140317348719030e+00 2.787607895614045983e-01 4.152549258913235813e-02
3.065558412018341561e-01 -3.041372044423659160e-01 3.804474715842678378e+00 1.860593220222042654e-01 2.088545586445000185e-02
3.009672693218558015e-01 -1.638160917644518044e-01 3.711627188508841435e+00 3.846793754147548317e-01 1.775961213802854793e-02
2.697999942985704336e-01 -4.366172597473915729e-01 3.897544015633390924e+00 1.695159420979369391e-01 -2.499189637591699847e-02
3.155404621110551311e-01 -1.351187513694472320e-01 3.691949369307460760e+00 2.881071780800640858e-01 -3.079281107877617982e-03
3.160191750219642493e-01 -8.108110412506416842e-02 3.597421288810421558e+00 3.188780332029936826e-01 -1.820095053661884010e-02
3.365507110342128572e-01 3.337404822720768660e-02 3.641256286860974356e+00 4.298614907324198597e-01 -4.221488906598299534e-02
3.102466629143350030e-01 -2.704587817965547480e-01 3.816886303568030048e+00 2.927673659599337452e-01 1.351090928110265654e-02
3.095987555649554190e-01 -5.305832161728054469e-02 3.608393267355294753e+00 3.187161103446763954e-01 -6.202890129764833393e-02
2.883406187282488986e-01 -3.001102423223914739e-01 3.831042234095044297e+00 2.380072465425339123e-01 -1.869554362875923761e-02
3.211952329981270782e-01 -1.997412794126739721e-01 3.812612234796147526e+00 3.092671203522923684e-01 -5.272586940029876101e-02
3.358760236793615905e-01 -1.356235271684100296e-01 3.747399214886877328e+00 3.288994745852776291e-01 -5.462352931625148733e-02
3.032061977575203349e-01 -2.339832735379090145e-01 3.716611696805458998e+00 2.767738014067455676e-01 -1.693141795273641129e-02
3.134540727613752131e-01 -4.962251650919912577e-03 3.586509118242465988e+00 3.305826197164971614e-01 -5.223399089297982301e-02
2.924277625470078634e-01 -2.668427521117111012e-01 3.831454931858406798e+00 3.395873169089518306e-01 -3.743050206858944406e-03
3.141174712691789939e-01 -2.223251989439755938e-01 3.795233380008621094e+00 3.685339931410940295e-01 -4.186997468038734793e-02
3.137543019242644005e-01 -2.190903541666676391e-01 3.761126526203684595e+00 3.302556639354912171e-01 -2.909533259215139889e-02
3.056689118300155994e-01 -2.496204051867833285e-01 3.852979705800770205e+00 3.075850052100735921e-01 -4.296370832860039318e-02
3.357875777921766058e-01 -1.864649133397111858e-01 3.777188068180323821e+00 3.872879116027896362e-01 -6.147228643661836051e-02
3.024995104123217038e-01 -1.632659791011014938e-01 3.721844274358372395e+00 3.316888392914897898e-01 -9.856411851113775630e-03
3.128380918170630132e-01 -1.083821981592901912e-01 3.660888327794717956e+00 3.333003332643577066e-01 -2.876139375254372146e-02
3.133586070128620560e-01 -2.328681811175090099e-01 3.796376427116801011e+00 2.990504839326779685e-01 8.005250659089913068e-03
3.306367754012043414e-01 -1.949199969977301050e-01 3.797622966975567671e+00 3.343943466646476237e-01 -7.362309117206287251e-03
2.828438846811466845e-01 -4.135991372485825490e-01 3.921424519877380277e+00 2.541405299597361278e-01 5.859545091106335007e-03
3.090819609177742899e-01 -2.112110913069046025e-01 3.744803432460536374e+00 2.472451987645316041e-01 -5.164219975258980272e-02
3.162777836907791351e-01 -1.406683104401552087e-01 3.726636198818301882e+00 3.945131451521134425e-01 -2.765018341911863048e-02
3.189134151608587486e-01 -1.490599591104474486e-01 3.695211712690805950e+00 3.443542748080095084e-01 -5.594177218744196545e-02
2.787410398426367619e-01 -3.282984947296957445e-01 3.780074838865624454e+00 1.730578507296290924e-01 4.344824034695590059e-02
2.809173614137583375e-01 -3.247168963119836937e-01 3.848814980214287917e+00 2.397271013060699729e-01 -2.802350532539668940e-02
3.084129667801179253e-01 -7.727291095901832330e-02 3.648042015806826299e+00 3.602223275868631225e-01 -3.023079394945409754e-02
3.344376897374354285e-01 -3.241072543592277838e-02 3.594685806386380023e+00 4.392616108511145923e-01 -2.058073107072019847e-02
2.913629751072496221e-01 -4.515234723506821313e-01 4.017579988749427677e+00 2.484124263936259291e-01 -3.466546152864188185e-02
3.118244959425786056e-01 -1.999701998004005943e-01 3.756769087778486060e+00 2.763389886532301443e-01 -1.323732588764200621e-02
3.190939530220753273e-01 -1.039178879824093626e-01 3.669477749220990237e+00 3.184790415823693377e-01 -6.622293032878857899e-02
3.126064353755741987e-01 -2.245271286706237712e-01 3.772935352854904334e+00 2.975212310498450141e-01 -1.322407412562799645e-02
2.891183362760608166e-01 -3.000905757206106528e-01 3.801918935002818856e+00 2.554066947551722477e-01 1.283926127877530257e-02
3.137329070055093760e-01 -1.068105060616562629e-01 3.743169629717431501e+00 2.742290078718550572e-01 -5.053320878304944086e-02
3.141202154322025875e-01 -2.212204831548669759e-01 3.791187877909717674e+00 2.569870286094796397e-01 -3.676027621035145299e-02
2.833655943143530420e-01 -1.437190712882547017e-01 3.678401724710044451e+00 2.871333742017486701e-01 -2.795713242241762431e-02
3.116595749822346217e-01 -2.179339327420458661e-01 3.789659145536193652e+00 2.988457021267787450e-01 -6.409944202302247929e-02
3.274062817648555335e-01 -1.024101704381448208e-01 3.701555458649762542e+00 4.100890890175111214e-01 -5.613561526105636384e-02
3.423585029892129428e-01 -1.404478434464179193e-02 3.657568610156409328e+00 3.855585779175263461e-01 -6.032237881469662555e-02
2.784124936081342483e-01 -2.404950679983035577e-01 3.746317756593930959e+00 3.114032351368286600e-01 1.311409600084834787e-02
3.233141615359353405e-01 -1.398640826215637734e-01 3.708109072537418616e+00 3.602181679659725577e-01 -6.528047251893376313e-02
3.071245219464522336e-01 -1.577054401884773749e-01 3.767659503414992006e+00 3.303088284741073077e-01 -2.208085164254560903e-02
3.564622626074004930e-01 7.516901477148058008e-02 3.603835266343834665e+00 3.928759570420766734e-01 -7.235603806324457377e-02
3.245725391897930634e-01 -1.718718716277988223e-01 3.774653964880557488e+00 3.209749647872050526e-01 -9.339831288297920087e-02
3.532274316829417393e-01 -1.455271181590993973e-02 3.662866649699831001e+00 3.783435410108234032e-01 -8.240161758271104253e-02
2.941733542063272866e-01 -3.659491499568632289e-01 3.859807620250037097e+00 2.073071148264368779e-01 9.827374727184236269e-03
2.844997080589677929e-01 -1.884983378785617392e-01 3.689705264688481368e+00 3.061603226954940915e-01 1.303610357496490235e-02
2.804550914014439789e-01 -3.613728761182591342e-01 3.843929698132181993e+00 2.786819091882983268e-01 3.326959082498163328e-02
3.116245357505150193e-01 -2.336886833664580665e-01 3.786580761491128211e+00 2.585513277705602242e-01 -4.766073876417976224e-02
3.096374229345663087e-01 -1.251948009317292443e-01 3.697429780513225239e+00 3.795015797253973866e-01 -6.063104068014152359e-02
3.294246227628180312e-01 -1.484651749956091005e-01 3.746309247496616202e+00 2.933924303044020965e-01 -4.563209582708326745e-02
3.094839662626269750e-01 -3.123478581217778438e-01 3.821634829098999653e+00 2.734727911952742896e-01 -2.703629660663944487e-03
2.992433650897118325e-01 -1.247935060713659672e-01 3.686199093324441289e+00 3.144893651814300028e-01 -2.680228311207468600e-02
3.117616500871112084e-01 -1.679255753304519094e-01 3.689176116088182855e+00 3.197823135003929340e-01 -1.259716451998377923e-02
3.406043287150430920e-01 -2.684479396805359436e-02 3.594146503123602177e+00 3.662015091950017176e-01 -1.178652887196616761e-01
2.891870952416022988e-01 -2.439991185490607006e-01 3.742482256444407795e+00 2.048424894077849889e-01 2.873927334435015177e-02
3.257118964463259214e-01 -6.147084292761617608e-02 3.648856405581065943e+00 3.441778880422724507e-01 -3.268701225327123872e-02
3.343789736419674474e-01 6.261234864057349525e-02 3.533601277236625648e+00 3.964455280873195875e-01 -7.827647297713209718e-02
2.968171087619863036e-01 -3.144575580989741326e-01 3.855044990672277905e+00 2.319253736816285771e-01 -1.859712057557000309e-03
2.789447271366199965e-01 -4.537792684968841028e-01 3.950455915397839579e+00 3.012624056418675145e-01 2.712540428106166926e-02
2.825700009660321865e-01 -3.018811770380365189e-01 3.813235933170838088e+00 2.576851685435195272e-01 3.969418704440320911e-03
3.092097527243041766e-01 -1.712367565451123896e-01 3.731700140994121284e+00 3.302240674292087896e-01 -5.622235479348087345e-02
2.958540827283847596e-01 -7.987684858255170162e-02 3.602103031963361790e+00 2.958921637218007716e-01 -4.517480707579735882e-02
3.139285623613434772e-01 -2.283268024632437165e-01 3.786162883956122549e+00 3.174609486986548212e-01 -1.284200326713419438e-04
3.146335114861875115e-01 -2.446030067050228018e-01 3.809254583025504903e+00 3.426427920458097187e-01 -3.340138524181041763e-03
2.899442679085718066e-01 -1.839411296059447198e-01 3.712339091651204015e+00 3.188839693293011313e-01 -7.328478947334526178e-03
3.236374229967600158e-01 -2.477021286065737501e-02 3.585814327589656347e+00 3.243566936806985823e-01 -1.399297820918436741e-02
3.023674915292840493e-01 -8.630335376159002647e-02 3.638532845406421412e+00 3.742888452480893635e-01 -1.330114440289918709e-02
2.933877685711259731e-01 -3.149422534406232099e-01 3.820186767181326548e+00 3.071353757713928267e-01 1.217199589573261104e-02
3.337622916062218947e-01 -3.179744571244694229e-02 3.599457531782539021e+00 3.636730899296166664e-01 -4.294284936321191709e-02
3.177808936760191938e-01 -1.308248977270062285e-01 3.687157633826205316e+00 2.788242688324218399e-01 -3.899007824789043480e-02
3.071069585011350078e-01 -1.981716343389582358e-01 3.703221513384710839e+00 3.357088215951596344e-01 -1.549272717087069560e-02
2.998361809047470072e-01 -1.953844835753568154e-01 3.745229572448038002e+00 3.026318786053522336e-01 -6.372058388193711786e-02
2.955108544001009419e-01 -2.667120296497561549e-01 3.801120828942983199e+00 2.476428917430966159e-01 -9.761630027553050426e-03
3.095205132638022549e-01 -1.911054738340219050e-01 3.758940757948226352e+00 2.942271275011572040e-01 -2.688204286257805595e-02
3.358309811499851083e-01 -1.413854143042219957e-01 3.751939158434562493e+00 3.232820874637338804e-01 -3.655400546034635184e-02
3.001681956331753165e-01 -2.489652934058171341e-01 3.719832145701329917e+00 2.800228731639670121e-01 1.030990904266402934e-02
3.045594160483548474e-01 -9.132913144420308493e-02 3.680183281498792258e+00 3.034278733108133341e-01 -1.712619940531181356e-02
2.880793444076021337e-01 -3.439333001853088212e-01 3.949128603048552844e+00 3.381078342404529868e-01 9.384083933185984744e-03
3.098110557433571555e-01 -1.425196561374171000e-01 3.699788148328286397e+00 2.017612506894882474e-01 -3.291987040125628206e-02
3.189693555567340577e-01 -2.328969229332818192e-01 3.767641380200794199e+00 3.307930845544538867e-01 -3.415546605560586257e-02
3.112752155448887392e-01 -2.661371857601554369e-01 3.861656868524074859e+00 2.540807150724027075e-01 1.506744288834526921e-02
3.002592769785130677e-01 -3.345001096845943711e-01 3.848037165178871621e+00 2.403775345471845792e-01 9.589639162593352473e-03
3.145075508766910222e-01 -1.459396534014164581e-01 3.692161596063641582e+00 2.441904105754659215e-01 -1.971172035049179039e-02
3.110491608595521984e-01 -2.150559430318332299e-01 3.730271876939344811e+00 2.868491834731758394e-01 -2.970506834792351059e-03
3.278699894523087743e-01 -8.831986851364885538e-02 3.625995133128474546e+00 2.974753204828168851e-01 -3.009203379525996619e-02
3.243527220097101593e-01 -2.003295669288317482e-01 3.791381888428017710e+00 4.286452469526515485e-01 -9.204990788635566273e-03
3.140525503431925713e-01 -1.286550036523314566e-01 3.701238182097786211e+00 3.472700995533633539e-01 -5.595579390786431517e-02
3.305278603470944154e-01 -9.373607491502869427e-02 3.636674442401612417e+00 3.219822522178660273e-01 -4.708050427929746928e-02
3.398904087081172087e-01 2.093209340831223009e-03 3.607362640055089109e+00 3.784182198826632204e-01 -6.577415709479278449e-02
3.018279962745968881e-01 -6.822146628026606874e-02 3.618780023979503380e+00 3.273205020147459954e-01 -3.373297775403821114e-02
3.440777708325402084e-01 2.452492707406164762e-02 3.560612249656808004e+00 3.193815027730789180e-01 -2.203276524171235082e-02
2.931922951888337736e-01 -3.383223515241168267e-01 3.905346652203226743e+00 2.046578388389675984e-01 -1.085503520603227703e-02
3.245271427140447029e-01 -1.587185064805754220e-01 3.739097188917367642e+00 3.460590518627665313e-01 -1.519923564852033657e-02
3.071063378538760325e-01 -3.496872821156564726e-01 3.916051774265141283e+00 2.905438610270473232e-01 -5.399878532009222409e-02
3.000187157726456610e-01 -6.652511710710434789e-02 3.645813332665452045e+00 2.443751139646194726e-01 -7.439799276656515470e-02
2.918082995792793399e-01 -2.314243044553691564e-01 3.833507084187080860e+00 2.980205836069893532e-01 -3.874888953633590094e-02
2.946799306702034826e-01 -1.647606352405568408e-01 3.651389748921532785e+00 2.534282248145656169e-01 -3.079336226564310594e-02
3.201368222306004707e-01 -1.803345663348668304e-01 3.675941395118321076e+00 2.639021936482514596e-01 -4.386596742022057932e-02
3.061877682031733383e-01 -2.522118483656268229e-01 3.810004612794977152e+00 2.750363944155776452e-01 3.182041671629387558e-03
3.354423681606074070e-01 -2.160070476775616533e-01 3.770793837328470399e+00 3.368434366079691156e-01 -6.451646258163290515e-02
3.024391683656023622e-01 -1.800904437940447633e-01 3.700505223939934307e+00 2.289445328627097154e-01 2.211486666510342758e-02
3.377793270328494080e-01 -5.389416805212332573e-02 3.663436175924654759e+00 3.287015151860074313e-01 -4.377355024634815850e-02
3.714006939605907776e-01 -1.201115808778809024e-02 3.589119694873185828e+00 4.180765548253975727e-01 -1.093301943983775032e-01
2.967566982380190344e-01 -3.433170018309482652e-01 3.884131404665816412e+00 1.906611213936979243e-01 -4.105661833629231650e-04
3.073386319136424683e-01 -1.675541659707947550e-01 3.707028885395115214e+00 3.228681047198249110e-01 -1.828523802053985681e-02
3.202699153794899556e-01 -2.465197213301069668e-01 3.780664001030793475e+00 2.530665007044404780e-01 -2.288005063380218682e-02
2.795907965260809314e-01 -3.205296581458449423e-01 3.828378603940403746e+00 2.741212736089296831e-01 6.029003523692896827e-02
3.101487735309074179e-01 -1.277308072503767211e-01 3.645023460484785982e+00 2.862418406754050348e-01 -1.148714915549887972e-02
3.222563400516680887e-01 -6.178116360829864762e-02 3.598078502594737937e+00 3.101110070683040232e-01 -3.787854051229411212e-02
3.411887335927407117e-01 6.426799375650578405e-02 3.549773615747922939e+00 3.559075617090031174e-01 -7.354319266875544714e-02
2.991409286018886227e-01 -1.932402474971091078e-01 3.729876994098372034e+00 3.119634315709024497e-01 2.560474149639469649e-02
3.466892038346880422e-01 6.403084954194745992e-02 3.562585921073592399e+00 3.921682388340894110e-01 -3.523275755468546072e-02
3.032718240071597959e-01 -9.540903914909912298e-02 3.609573599396345589e+00 3.132387407212924302e-01 -4.758258630796118049e-02
2.947177974954494628e-01 -3.229189087298893202e-01 3.858782651573804845e+00 1.746592887813077644e-01 3.493425392244751959e-02
3.073973206565796534e-01 -1.411715245237214478e-01 3.680423634777717723e+00 2.741891478288042694e-01 -6.010406407661554595e-02
3.213811833851731303e-01 -1.598408643237630156e-01 3.784887419577251055e+00 2.610713863464430018e-01 -4.277209169618743229e-02
3.342093071631711543e-01 -1.065431343274693410e-01 3.714879000205645099e+00 3.209031356644574395e-01 -3.015862002206945447e-02
3.049465493835776253e-01 -1.962348264606620096e-01 3.677188163575939583e+00 2.758476541466044485e-01 -2.269329905120479052e-03
3.173156767147781721e-01 -1.553241068967206873e-01 3.760313417819020732e+00 4.075215857824910914e-01 -5.844932698487628753e-02
3.190639650203062061e-01 -1.406832808767375098e-01 3.743707452167255756e+00 4.095563676832398303e-01 -3.415808229817511588e-02
2.938972799991462215e-01 -3.481002273948818893e-01 3.894985787707059721e+00 1.835487598737126913e-01 -3.468139892633066712e-02
3.247131545586665058e-01 -7.545229862984476066e-02 3.654081266381106641e+00 3.053380372852088076e-01 -5.866447263558130509e-03
3.259933780848795482e-01 -1.570821239499146094e-01 3.697237172998155685e+00 3.217375869284683221e-01 -7.636871265116763896e-02
3.471559788032640426e-01 7.244162174984652980e-02 3.565167477908870897e+00 3.594082929434699314e-01 -7.326388434675040751e-02
3.244763334826534784e-01 -4.222912966238376309e-02 3.642770590788992013e+00 3.672349273463990649e-01 -3.261652288944806577e-02
3.014902145975160708e-01 -3.845384730459773803e-01 3.944309783515634660e+00 1.822181848820379202e-01 -1.411136585862638598e-02
3.219620701203059765e-01 -4.217209696538157249e-02 3.605766546093307046e+00 3.679316022499043437e-01 -2.679862221777347051e-02
3.160287750518515071e-01 -1.626671063058608424e-01 3.734107269558275100e+00 3.621371133540156051e-01 -6.619649856924871012e-02
2.659717411755966876e-01 -4.809855568193479591e-01 3.976846362579725014e+00 1.235586498850660270e-01 9.343045973807351939e-03
3.101445967375126012e-01 -3.835679970593174892e-01 3.894283774959474087e+00 2.630273920123075149e-01 1.090340962398579985e-02
2.756474464587828077e-01 -3.931353367927438724e-01 3.842277364753844182e+00 1.348193683372471696e-01 -1.112231897133011960e-03
3.073639178835009256e-01 -3.564260560616118179e-01 3.897527487116164036e+00 2.605264714031460538e-01 1.886348669743991013e-02
3.243718702104257945e-01 -1.455944476677155097e-01 3.751987713004552472e+00 2.750463750610392388e-01 -8.863280887130131624e-02
3.016742689274327649e-01 -2.614019548235646528e-01 3.802159755206875325e+00 2.705371130932995860e-01 -5.193046801764784198e-02
3.344855329631578056e-01 -1.300077619592675537e-01 3.640248657026926349e+00 2.837408448400482452e-01 -5.847089232846044982e-02
2.923709114864153080e-01 -2.500376054036785312e-01 3.808818025308969180e+00 2.798675051190001595e-01 3.551214619266128414e-03
3.231591007654465164e-01 -1.639040210808290210e-01 3.768420749866559838e+00 3.711436173967694319e-01 -2.516726905837414485e-02
3.135867967262740974e-01 -1.393678090188504026e-01 3.725999287768913426e+00 2.821244876200830198e-01 5.445332352290770117e-03
3.391030911205391574e-01 -3.491768752886814653e-02 3.613436821295803014e+00 3.850643783019453426e-01 -1.975696412692710610e-02
3.071238310502178437e-01 -2.686032279478965390e-01 3.837466289187789314e+00 2.734973163175549171e-01 -3.950788304406124829e-02
3.069180036616037111e-01 -2.981105223670574844e-01 3.841668198971787351e+00 2.848193262701099182e-01 -3.834384714181325593e-02
3.277895866310250872e-01 -1.415775320946224825e-01 3.709614549140614059e+00 2.820208557944390293e-01 -4.245581202027425005e-02
3.138698131668581359e-01 -1.566852670900273359e-01 3.730139711929154611e+00 3.381871507638226637e-01 -4.045192294034077179e-02
3.345366440409254793e-01 -4.754338712226595376e-02 3.659232077481506806e+00 3.636064986943320365e-01 -4.106941763501507914e-03
3.208780449606288276e-01 1.911513775708792440e-02 3.531978165415097681e+00 3.384837950960790653e-01 -1.245142410565437154e-02
3.050953920862475854e-01 -1.720876670420191934e-01 3.694472059026912003e+00 2.891342386027727085e-01 -5.130968406177084662e-04
2.784455180861614143e-01 -2.389490218387120557e-01 3.744978629843829232e+00 2.616921952442490262e-01 -2.700712780427585308e-02
2.840824066245409840e-01 -2.402906949830770356e-01 3.721733474307600265e+00 2.263175211340827664e-01 1.148327459668132405e-02
3.028720412604229972e-01 -1.746762361307535039e-01 3.725712710060555821e+00 2.944940063646884210e-01 -1.959635632872011243e-03
3.016799104291709166e-01 -3.017251706569499814e-01 3.846792706348017177e+00 2.195432913106208916e-01 -1.800738274110026335e-02
2.965282808675016035e-01 -1.880795072319010608e-01 3.675639512510948670e+00 2.778325076720911113e-01 -1.362340594347381806e-02
3.104359166446926110e-01 -2.812491045330980377e-01 3.766861200890041950e+00 2.642446213790847209e-01 -3.217444104794595083e-02
3.238110151590344321e-01 -1.561049067499456766e-01 3.727918040914020459e+00 3.854795832928644139e-01 -4.312381892550284923e-02
2.927448753069114007e-01 -2.915951230762297008e-01 3.819138674185412530e+00 1.998826321243789006e-01 4.262821006394180729e-04
2.852373908570109973e-01 -3.575127630389219324e-01 3.823448500593382704e+00 2.687852681204067062e-01 -3.668374757250029289e-02
2.900989609073082454e-01 -4.772219398755672692e-01 3.959787843686787490e+00 2.538940988336880755e-01 2.554349216280988807e-02
3.074409055714465433e-01 -1.251510856972996022e-01 3.621736401988608023e+00 3.586811549048427583e-01 -1.326096692581351343e-03
3.105800888818236460e-01 -3.065374211989816411e-01 3.872764589144982228e+00 2.842632127232932460e-01 -4.425977491322394437e-03
3.227803148473951111e-01 -1.650546841721576841e-01 3.662354835656854490e+00 3.572986411234040927e-01 1.467762134524061568e-02
3.234227593341956752e-01 -2.332243555760630527e-01 3.795155292745587161e+00 3.326872574970540231e-01 -3.683106249068673899e-03
3.051795398063045783e-01 -2.024391560545868163e-01 3.802531114827382375e+00 3.238382659143882458e-01 -4.465779787817346358e-02
2.803942069491018874e-01 -3.303704344731517306e-01 3.806450612053752014e+00 2.357902703338177752e-01 4.435132000759460513e-02
3.053554399306067646e-01 -1.826924740184313056e-01 3.742509869766998953e+00 2.401128213506984466e-01 -3.177258544789555994e-02
3.159358168422211066e-01 -1.214715652216531577e-01 3.682374966550337803e+00 2.747609152497688112e-01 -6.322640908440810281e-02
3.431288429084907721e-01 -5.672174468294086114e-02 3.689720655915670111e+00 3.361395021469144595e-01 -6.852643192737842281e-02
3.165290581012754623e-01 -2.913217585349512362e-01 3.799073805646271396e+00 2.375454361867182507e-01 -3.903741887680469563e-03
3.177949350589730493e-01 -2.694135317719617562e-01 3.837784140468191385e+00 3.019668698917020166e-01 -5.116527527907102635e-02
2.990360609874498921e-01 -2.629654453389198010e-01 3.759137441841595262e+00 2.930584317952190099e-01 -1.286277591780300017e-02
3.270790584034976578e-01 2.302175385508505034e-02 3.558718709682619608e+00 3.958891645005116477e-01 -3.258162295429838096e-02
3.066591702527531882e-01 -2.711887101329754080e-01 3.839274539523370500e+00 3.147738801599608838e-01 -3.132232742777991269e-02
3.060062133100748816e-01 -1.643040429145077030e-01 3.695251361692373671e+00 2.905924401580645688e-01 -5.106957466229733456e-02
2.957847739146370891e-01 -2.493482797428697995e-01 3.787586017289872320e+00 2.947524129370853174e-01 -1.296630416445548190e-02
3.324630233478587660e-01 -1.220401561185716910e-01 3.717101386739455560e+00 3.127353942911827445e-01 -6.919674208548289018e-02
3.290056696577193796e-01 -1.313953165269295953e-01 3.687083457150093224e+00 3.035959306348650077e-01 -4.548301193928683955e-02
3.244297583498617077e-01 -1.166659721853006981e-01 3.697047551149146738e+00 3.193841731264399630e-01 -7.466230367404938506e-02
2.937883030763397962e-01 -3.559423621854171937e-01 3.853360223136474083e+00 2.341289109775196997e-01 2.733899054107798501e-02
3.324817573780245450e-01 1.081091698454450523e-01 3.529433862155431534e+00 4.028985164377595352e-01 -5.013124976157494472e-02
3.045380520204750696e-01 -1.250820006545497742e-01 3.718768105518017286e+00 2.848339416488759324e-01 -1.310859976349054885e-02
3.245059182916250062e-01 -6.667353846884921387e-02 3.709918428990796269e+00 3.457377310069904564e-01 -7.984935144667715604e-03
3.346613380459985687e-01 -9.336827371083211702e-02 3.624004593468695745e+00 3.031611620819792408e-01 -5.952129434618070453e-02
3.230670601998157365e-01 -2.317957320556306156e-02 3.658671588444235567e+00 3.576128448784593461e-01 -8.774383648664832447e-02
3.077779165958147156e-01 -2.546405926841580625e-01 3.760841257802645998e+00 2.370647273742801375e-01 -7.736307047509204463e-03
2.587822709164725454e-01 -4.132690005265385880e-01 3.918038827092215293e+00 1.907789405898885626e-01 1.395799199905366564e-02
3.253998241043836170e-01 -1.313653503192812044e-01 3.690454280926611208e+00 3.032791256394219426e-01 -5.988216515325101713e-02
3.187270796514045101e-01 -8.759609450646818618e-02 3.641883864631063616e+00 3.231132133645925331e-01 -1.378028365528294677e-02
3.106901774727429677e-01 -3.301984723734547322e-01 3.887746113357832378e+00 2.525844824805527633e-01 4.178724188986026461e-03
3.198737934760939594e-01 -2.737418397306220011e-02 3.681708842000350312e+00 3.554920948307476736e-01 -4.918857966983569696e-02
3.182927216523972480e-01 -1.964247703808206236e-01 3.764577766477156473e+00 2.489154955698186233e-01 -2.643219549737547969e-02
2.761583810831019781e-01 -3.978394400363081118e-01 3.888477798797420615e+00 2.488751440507895873e-01 3.627225529270700077e-02
3.285773558974922071e-01 -2.176316976552139237e-01 3.718522335798195577e+00 4.165798160807953066e-01 -5.874411485757782695e-04
3.149392814035713584e-01 -2.001266348082912927e-01 3.780718286645780690e+00 3.010093821737247488e-01 -3.272576620523983543e-02
2.839177623539559381e-01 -3.859804448071714189e-01 3.891189394901200416e+00 2.344882969558540475e-01 1.430807145872398795e-02
2.797984804162860217e-01 -4.881326589411574823e-01 3.988484979890108306e+00 1.940296187839889996e-01 2.006800566051570103e-02
2.973512792168417906e-01 -2.821891603019084371e-01 3.789246416486566904e+00 2.805974504013459825e-01 -1.972411751015637482e-02
3.249502787987341712e-01 -1.385664953796618692e-01 3.676194491288705013e+00 2.887355882947995611e-01 -2.959663305207464734e-02
2.957875487621356991e-01 -3.303343071206327752e-01 3.835532379781636969e+00 1.717922469729882551e-01 3.251692012095274559e-02
3.461607656627375129e-01 -1.649834610032559212e-01 3.816727901907800646e+00 4.107135067224689240e-01 -6.739829135134953186e-02
3.272212507162003403e-01 -6.237560688507118312e-02 3.616801659213618958e+00 3.693165734624674346e-01 -5.379860733747303392e-02
3.278949280239448760e-01 -1.626116955304409695e-01 3.727114845071887395e+00 3.050285148503610322e-01 -4.735395506359310613e-02
3.366100124676777994e-01 8.433297042345283545e-02 3.505756272429652931e+00 4.087665161664009728e-01 -5.385779884482144730e-02
3.000698191211345622e-01 -3.012754013936803088e-01 3.798119079441707679e+00 3.208810880235637986e-01 -2.947894417456922711e-04
3.408660380710887838e-01 -1.401346448844253689e-01 3.735297517208547191e+00 2.538776628386218981e-01 -3.396898376826670146e-02
3.018568370055546013e-01 -4.454929477249872649e-01 3.924366864519401865e+00 2.497385224058792097e-01 3.647388522864414284e-02
2.672528381774139095e-01 -2.744259127505453977e-01 3.786917415847530499e+00 2.715503346408205676e-01 -9.642037595646683890e-03
2.926157290876718053e-01 -3.046864935327530111e-01 3.903176505843514832e+00 2.462584445934198063e-01 -5.234184754613713936e-02
3.235959666280087688e-01 -2.163460903671043378e-01 3.733906218585663517e+00 2.082638207366201977e-01 -4.015740634377267665e-02
2.933661147709424322e-01 -3.417367450057925415e-01 3.890830278920864416e+00 2.159665649222471950e-01 -3.454812387454694877e-03
3.136861452093994695e-01 -1.666931479867991561e-01 3.765777030371823653e+00 3.412352038630380169e-01 -4.711088421488184713e-02
2.974380472418806098e-01 -2.500503862924126630e-01 3.790827240692121070e+00 2.248626126216424215e-01 -6.268567582393573534e-03
3.177292706834049518e-01 -1.897477002071614183e-01 3.681723967493170768e+00 3.024698152113511340e-01 -1.510018705553821568e-02
3.013525033663185249e-01 -2.458785265037667089e-01 3.743196225792752685e+00 2.385221725791092096e-01 -6.054403139863138300e-03
2.927334746248198560e-01 -3.150574767822145184e-01 3.900072929330963056e+00 2.454332212054814999e-01 -1.012530511856939847e-03
2.869208981474216658e-01 -2.728742126971590576e-01 3.771580181869208293e+00 2.806372227766966154e-01 8.065668641761818830e-03
3.035195666512426893e-01 -1.972967247733129481e-01 3.716292509418581691e+00 3.808832321986253544e-01 -4.166385605540535303e-02
3.153138772040914306e-01 -2.571664803523454612e-01 3.816501128715841240e+00 3.078373574600042906e-01 -1.331311846053374187e-02
3.004283507292189737e-01 -1.209021631325138679e-01 3.710480326285542141e+00 3.432939368536801483e-01 -4.186672824836125406e-03
3.143585372579945081e-01 -2.226547504281296552e-01 3.798655315130088361e+00 3.164365755206939301e-01 -2.967911252485253698e-02
2.946818401989438341e-01 -3.806816096654084269e-01 3.871266606868859927e+00 1.910863153370288559e-01 2.744420458637022477e-03
3.765998083536516439e-01 1.364763205448052130e-01 3.537993135352650143e+00 4.312817359427311148e-01 -8.213278966313242169e-02
3.091791290223260824e-01 -1.641998204454213905e-01 3.682760087576639307e+00 3.229075721832326273e-01 -2.578476467707241718e-02
2.813266280858419677e-01 -2.816952878584792486e-01 3.826374270259424559e+00 2.911224519200867333e-01 -8.212643191968217737e-03
3.490840991135181759e-01 3.411991777476520993e-02 3.613058950240038314e+00 3.996260889404137373e-01 -1.082595918020936854e-01
3.175529149673368412e-01 -1.172437974083882090e-01 3.719629541243393511e+00 3.091607407329234891e-01 -6.562179778337610958e-02
3.112133338130676496e-01 -6.842014586334352333e-02 3.692246037490165556e+00 3.581098563881418562e-01 -7.425146661427993455e-02
3.031182021573058383e-01 -9.184807555138967128e-02 3.605881344141456335e+00 3.197993169845415040e-01 -1.517751679507289841e-02
2.921190835472831093e-01 -4.069300707937521522e-01 3.885814909489382796e+00 2.402336589917406229e-01 1.801059606124051637e-02
3.051028661700522226e-01 -2.597125935100365601e-01 3.831644851890555703e+00 3.234635700175691464e-01 -6.036196204146510036e-02
2.987752573562046376e-01 -2.215717793021666215e-01 3.787896959610993264e+00 2.087802796287559493e-01 -4.528287088554035222e-02
3.655052249118609375e-01 -2.229168576474894747e-01 3.841342182433455044e+00 3.157283087514569098e-01 -5.045348575884462533e-02
3.453461500707343257e-01 -1.854539281123795957e-02 3.646658468545661336e+00 4.271096791418905747e-01 -6.115386484345976953e-02
3.064898057797593722e-01 -2.103309012532963151e-01 3.777504063808125423e+00 3.407763025867788231e-01 -5.860305466595583379e-02
2.893403791012216786e-01 -3.073375371669729295e-01 3.800851024317159599e+00 2.080629399326626716e-01 3.370651010905317824e-02
2.981155327766282781e-01 -4.106095490529525494e-01 3.902892220804786483e+00 1.878277046029602770e-01 1.005255048265797646e-03
3.443414934671350514e-01 1.603243814403136625e-02 3.560032481605580834e+00 3.772440696702815122e-01 -8.345013764213969620e-02
3.058345995707446585e-01 -3.163175707022425343e-01 3.836885734996405617e+00 2.663618744280712436e-01 -3.497092996829834211e-02
2.913164527603728238e-01 -3.050228141167434792e-01 3.772136954272944820e+00 2.733879277752734316e-01 6.180040055362935603e-02
3.228444198932704512e-01 -2.627088805171802766e-01 3.859240925119792553e+00 3.403108822829821190e-01 -2.888757108648826871e-02
3.075343831146325480e-01 -1.487018136566427007e-01 3.690962106501892936e+00 3.689107702870547678e-01 -2.308918853653272457e-02
3.087506065934438326e-01 -1.540154998257879104e-01 3.675423906291612308e+00 2.771602221919307607e-01 -1.435860152494465580e-03
3.207357976351350448e-01 -8.103387192496006031e-02 3.633074893482671097e+00 3.650328236383801883e-01 -3.552107322412420554e-02
3.259932991503488031e-01 -1.022125955487159232e-01 3.716748718703027698e+00 4.075702237109101733e-01 -2.773314507516192601e-02
3.326342178637075042e-01 -2.586829124785225420e-02 3.595685732360279996e+00 3.655141684963328919e-01 -1.009709556301942035e-01
2.926534230421826699e-01 -2.295695646500342524e-01 3.720981568536176454e+00 2.890569165329598955e-01 2.184150095516741719e-02
3.011561113420734292e-01 -1.726525959860010784e-01 3.689743615300638435e+00 3.349164102740170845e-01 -3.418178310431396749e-02
3.190128457178677546e-01 -1.965420863556716635e-01 3.731340408530118502e+00 2.965418102142976520e-01 -5.459586940529821339e-03
3.341148572918094528e-01 4.336176857060086709e-02 3.539688234660765431e+00 3.796447494576857817e-01 -1.326334034522799396e-02
3.095363911188062644e-01 -2.337186986216330808e-01 3.793358148676632791e+00 3.205721614915776341e-01 -1.120784369597129307e-02
3.365044048468410764e-01 -5.344742168381418079e-02 3.659773687473961701e+00 3.117039674999331211e-01 -5.445355381808784923e-03
2.921295706783775259e-01 -2.044443420226366159e-01 3.725849848986007462e+00 3.394565911378263912e-01 -6.657002150653616723e-03
3.303660033610870128e-01 -9.877604221138518853e-03 3.585465885254126572e+00 3.810497345948085646e-01 -3.365433992445394235e-02
3.102170303860831146e-01 -2.006720001326069980e-01 3.781178419168599092e+00 2.753669765381115409e-01 -3.600326936071472639e-02
3.107975086810577658e-01 -1.737076682877798095e-01 3.766476628344466171e+00 2.953394946625765849e-01 -2.229266496463112868e-02
3.132634679742672401e-01 4.858634399682777022e-02 3.508988861689998906e+00 3.683142951300973911e-01 -6.206294058168278921e-02
3.066975619684373933e-01 -2.972548285928111600e-01 3.808995383637118870e+00 2.899163260369039263e-01 3.575376107782837765e-02
3.607459810818874346e-01 1.406344522830862975e-02 3.599786834998480067e+00 4.217734464844624109e-01 -5.343560661119328009e-02
3.307897350071661302e-01 -1.736823422746874290e-01 3.805653470881453782e+00 3.556050474928565408e-01 -4.680405752659889257e-02
2.679343071404980958e-01 -3.162592457753289898e-01 3.877053902586794276e+00 3.263864297053185592e-01 4.492527781982397911e-02
3.052040999693116929e-01 -3.724247615710721271e-01 3.874359820946716493e+00 1.952366724220345184e-01 -2.559474511909000383e-02
2.962879994029866682e-01 -3.075775818650173798e-01 3.801857471643676600e+00 2.581922932851038466e-01 1.234917420731687643e-02
2.930483189771421193e-01 -2.720598868851982211e-01 3.818612074473699991e+00 3.255500286673581045e-01 -3.344295657312874870e-02
2.715992283839859245e-01 -4.789148850172424421e-01 3.971735892462828765e+00 1.938688470567729027e-01 5.713687607316658701e-02
2.770347460943415330e-01 -3.970776858905941675e-01 3.911981772393665846e+00 1.485340658157583982e-01 -3.085802655089004212e-03
3.223886003074132311e-01 2.774269424527615185e-02 3.579234319455322222e+00 3.903808859989830737e-01 -4.159317501444480258e-02
2.941454083616677484e-01 -1.175126662820574902e-01 3.686226744575436864e+00 3.493493494581665915e-01 -1.011575028396279052e-02
3.106100365958867626e-01 -2.238963932110611399e-01 3.787048772286086162e+00 2.185141456805798077e-01 1.424839927328239164e-03
3.360680523610952153e-01 8.632459516775081720e-02 3.540178619612411204e+00 3.251099745976633315e-01 -7.802853564802569863e-02
3.163757916976791540e-01 -1.825553428487084184e-01 3.743128921815469301e+00 3.430725898218618397e-01 -2.833924017098789216e-03
3.081197875485244264e-01 -2.492705751695627192e-01 3.763550907032187531e+00 2.331909953976859518e-01 -5.630498442013147364e-02
3.087283139347700156e-01 -1.850747645806512798e-01 3.703593637933565219e+00 3.108389290936862670e-01 -1.181549310534132924e-02
3.387114327626007948e-01 -1.434395013888487003e-01 3.725935213347178365e+00 2.975879951348691654e-01 -7.274308944013105349e-02
3.122224871251416678e-01 -3.772647148162691089e-01 3.908940371917791090e+00 3.049123877723113329e-01 -3.168961108706470908e-02
3.214615494987384525e-01 4.935944795108065941e-02 3.546256789658898789e+00 4.030520195690986407e-01 -6.945785132097609393e-02
3.169233957874307284e-01 -8.665926481592187147e-02 3.654216682613496747e+00 3.205963935448263302e-01 -5.145232741446932601e-02
3.010876095748574177e-01 -2.363793138149221373e-01 3.787769654169081512e+00 3.152796693333857481e-01 -4.917121777150683382e-02
3.440857918653730807e-01 -9.483201984270614449e-02 3.646552009424797625e+00 3.603959735763773709e-01 -4.895611715894584298e-02
2.791989190515005714e-01 -2.987008470191891418e-01 3.775422856112453207e+00 2.389557204476665253e-01 1.147439557812037457e-02
3.760829878322291542e-01 1.752223481053578891e-01 3.462230726325656427e+00 5.224456850485027504e-01 -4.658967114608425497e-02
3.474321949321987901e-01 -7.358241263056791714e-02 3.721123035261117540e+00 4.009451015785480132e-01 -7.372177914403044152e-02
3.139876754291328620e-01 -4.504804971283990489e-02 3.637551112785059271e+00 3.244004953391156354e-01 -1.624435819380076057e-02
3.139124776991724652e-01 -1.892990648326195735e-01 3.744123166860641394e+00 3.378488721245191950e-01 -3.150928087405711897e-02
2.945495434008458258e-01 -2.795111096913995841e-01 3.770498448423071469e+00 2.743096388679994724e-01 3.297323473288300832e-02
2.985532094388394508e-01 -4.242172755469880707e-01 3.941083113792181347e+00 2.107386977300632624e-01 -3.951501626002706935e-02
3.115295696495158362e-01 -1.646019652336928596e-01 3.647094467682601149e+00 2.692283778586761489e-01 1.180311513248548383e-02
3.074069323249873920e-01 -1.236814799669982423e-01 3.649484516274047685e+00 2.299137373204575008e-01 -4.877361295060764212e-02
2.919557870295129143e-01 -3.194963755407747574e-01 3.795407483712567309e+00 1.510795721143816661e-01 5.192100430497346986e-02
2.786418191787478627e-01 -3.843152440177534102e-01 3.838088354480795772e+00 2.352019714600515343e-01 4.411863040000675584e-02
3.144151819989040586e-01 -1.554053106137296414e-01 3.695926385216923737e+00 3.245188898741850902e-01 -6.319216250572167945e-03
3.092153038603139281e-01 -3.108576902203649128e-01 3.862359509633773058e+00 1.841326990378603645e-01 -4.923250044825721802e-03
3.272362234995251917e-01 -2.189005785760920753e-01 3.789346159638922629e+00 4.196601033387592494e-01 -3.153840217615689473e-02
3.041397895987607569e-01 -2.625803069388770172e-01 3.857258520276999114e+00 2.201371951382489756e-01 -3.207160666966190482e-02
2.881102171991358207e-01 -3.444376469842270194e-01 3.860025888576091191e+00 2.547908785422897116e-01 7.773178670457701889e-03
2.915616507884878916e-01 -3.543253655628523235e-01 3.900704603851994356e+00 2.633798118021379864e-01 -4.764448565354241494e-02
3.290027064353007180e-01 5.447670311508806540e-03 3.557669161757250897e+00 2.968344948257252147e-01 -4.845129024161344555e-02
3.090658090606674957e-01 -1.674101310261568998e-01 3.703465619814441556e+00 2.641382818509924735e-01 2.465795773405735081e-03
3.222043747393050217e-01 -1.099833685045616266e-01 3.661166569215607680e+00 2.365574763460789320e-01 -2.688563226769244766e-02
3.442489748839965280e-01 8.690504125813633407e-02 3.482328986423860240e+00 3.834203283423137099e-01 -7.528741384050943730e-02
2.988002886369136024e-01 -3.374471719916680712e-01 3.850704382409316118e+00 2.032216462235714727e-01 1.125342664930167880e-02
3.146445959057728725e-01 -1.933313580420573663e-01 3.782246307849007394e+00 2.656795248706206869e-01 -3.833290537570561984e-02
3.281427470934787372e-01 -8.698350862807302519e-02 3.681138196669444973e+00 3.425411022621450141e-01 -1.095595837282565058e-02
3.464036207985227156e-01 7.082034150604739342e-02 3.590066045297758190e+00 4.401069346707516816e-01 -6.100452259788323450e-02
3.265092293615341479e-01 -1.116015026614040201e-01 3.674811291103878830e+00 4.007220846320058150e-01 -3.385848785870562705e-02
3.256166739703236224e-01 -1.723587095861158214e-01 3.731632333385375588e+00 3.555570767479580008e-01 -7.064394440625841598e-02
2.692287638080735901e-01 -4.612790801714675704e-01 3.994458534321910559e+00 2.182659125744344786e-01 -7.038051681869980647e-03
3.260443595507914183e-01 -1.199801392974749747e-01 3.671455841104274143e+00 3.513313330382384359e-01 -6.427945154274090911e-03
2.881129379263308032e-01 -1.703988563222959551e-01 3.719802769621504801e+00 2.663986161206963743e-01 -2.499934930392634994e-02
3.158540237736837675e-01 -2.568558530507749627e-01 3.789364168718293069e+00 3.021897331726499103e-01 3.120599983266018201e-02
3.186665599377349056e-01 -1.653458620627182851e-01 3.771354779896966214e+00 3.363711852080555342e-01 -4.909309993616980949e-02
3.254564757342512382e-01 -1.411728852588879923e-01 3.747399668463081479e+00 3.537204739622562544e-01 1.603887133523065889e-02
2.883675541246022433e-01 -2.061118690504208928e-01 3.709892863988840439e+00 2.448250563394269441e-01 -2.140222662191756248e-02
3.150056566276970282e-01 -1.158237329579498570e-01 3.698182423475509850e+00 3.147270467292219709e-01 1.747133356353916533e-03
3.052628779670051862e-01 -2.509108733377635181e-01 3.795720194973403405e+00 3.608622900645929721e-01 -4.066061001840341749e-02
3.093771722914990807e-01 -1.795368889348814279e-01 3.708950433322625528e+00 3.252906634557417020e-01 -5.478570450079834481e-02
2.865657886012236144e-01 -2.773962920548077027e-01 3.811907190455914307e+00 2.544708529810881803e-01 -1.974982015412863126e-02
3.020282418022251503e-01 -1.659229197695531732e-01 3.710215667697888797e+00 3.575545981075972102e-01 -1.149467795745425999e-02
3.305926472479362443e-01 -9.550846862039472085e-02 3.667580530926537463e+00 3.750031303776787395e-01 -3.688527213272320415e-02
2.999804525593407489e-01 -1.632805559942227813e-01 3.740779084539592070e+00 3.538262866450360145e-01 -1.450522326283622092e-02
3.106872176106950656e-01 -9.734402420960079627e-02 3.673475873770046807e+00 4.310167395533221479e-01 -6.835903409287240329e-02
3.259829145726352850e-01 -1.349274663021299003e-01 3.713708180825813887e+00 3.634817764128726036e-01 -5.894205998304452576e-02
2.999776399568974128e-01 -1.023717095210223554e-01 3.680006531203051878e+00 3.474190530680141276e-01 -4.513087518927936387e-02
2.863924441741687588e-01 -3.848501524687395481e-01 3.905335244457898369e+00 2.499027951149084825e-01 3.653220689682654815e-02
3.270588717496412112e-01 -2.344599388338649004e-01 3.778504687066708723e+00 2.855597641188282187e-01 -4.006716578223598613e-02
3.265839549929694940e-01 -7.688578371102663955e-02 3.616648054129870893e+00 3.727995035481659336e-01 -5.044343403295897116e-02
3.082982228646445888e-01 -2.566733365720710314e-01 3.835734878115902191e+00 2.508490196909025638e-01 9.340253379277803358e-03
3.233157538501240658e-01 -1.115537160151053586e-01 3.679168768990137117e+00 2.753425618237340111e-01 -4.641744259554376334e-02
2.951157134442784491e-01 -2.016700906371277080e-01 3.766095006091100039e+00 2.602249747459827733e-01 -3.878387409969626110e-02
3.069273645966595354e-01 -1.884400669090257330e-01 3.709697088252823960e+00 3.391071295840504263e-01 -3.817361208469238071e-02
3.251296313778244684e-01 -1.211150719862409270e-01 3.690847514401735197e+00 3.177996548117613673e-01 -4.056354207985915505e-02
3.155837230293586093e-01 -1.293242823654585927e-01 3.743406039411264707e+00 3.385690244374505165e-01 -1.489299281166917704e-02
3.397170322449387103e-01 -1.028095785725457456e-01 3.722180820528372180e+00 3.898698966663716181e-01 -7.905390179229430936e-02
3.241883273529949649e-01 -8.124835160209997742e-02 3.654431407923196762e+00 3.157402761572799532e-01 8.486546647775705665e-03
3.219524421228282529e-01 -1.719798709666277847e-01 3.696224999713727755e+00 3.667891287772939157e-01 -3.695561434363942022e-02
2.875057946891424465e-01 -4.016387977439149770e-01 3.895656823960340631e+00 3.270935022154559113e-01 2.224432311520159467e-02
2.594936621099322438e-01 -3.482329631462621755e-01 3.856977356732009810e+00 1.788925494269195116e-01 5.098461733184309064e-02
2.990323386856590937e-01 -8.342506027731605434e-02 3.629587456005083368e+00 3.246180213379570301e-01 -4.471521033657012423e-02
3.111626844118603463e-01 -2.467631604343929752e-01 3.802894269716788678e+00 3.900371705275820777e-01 -1.711859184310711088e-02
2.991099521493709168e-01 -1.438439198958724463e-01 3.704842113946320570e+00 2.982730091769592029e-01 -1.922905204223509038e-02
2.955138896092353584e-01 -2.059331524947663750e-01 3.744091485549198239e+00 2.590567119207545232e-01 7.713841154078186768e-03
3.130119913804781939e-01 -7.966412294708782871e-02 3.692901489072214716e+00 3.388740966707134983e-01 -1.917533496264808845e-02
3.239136400331989463e-01 -1.144766883639222466e-01 3.696723216345036089e+00 3.087942353541349716e-01 -6.910293466011135921e-02
2.894640421746417780e-01 -2.832240203387990096e-01 3.770583867127206723e+00 2.104368378872591983e-01 1.436113403645272735e-03
2.874285522218422151e-01 -4.285112033034602086e-01 3.941876368586987756e+00 2.950859091691609426e-01 -4.191565869030594582e-02
3.233976840493222316e-01 -1.377885438056375145e-01 3.771363042327160908e+00 2.631604550011161225e-01 -3.929328628367644710e-02
3.096660290558629902e-01 -1.264011924271052356e-01 3.645560658223444328e+00 2.748884478423120337e-01 -5.606115038436097764e-02
2.923435987127322444e-01 -5.128994560147326354e-01 3.972246494093522706e+00 1.726979592344957126e-01 1.024084600962430272e-02
3.127233470541975757e-01 -1.036946324647486650e-01 3.702645953539322132e+00 3.390118983207850434e-01 -3.442112100270062341e-02
3.387205770758373036e-01 1.044627626979000579e-01 3.546234870835299979e+00 4.470581070716765915e-01 -9.268246906261703999e-02
2.724929040722884888e-01 -2.981631284604592258e-01 3.733350758064235997e+00 2.436454224944580305e-01 5.401731070615968522e-02
3.148827800081807071e-01 -2.049499622317530745e-01 3.723507203955280342e+00 3.181020688462899981e-01 -9.983823752530049736e-03
2.972742335932393454e-01 -4.021595693505370939e-01 3.856995740052610255e+00 2.040275300590095875e-01 5.242994566548803137e-02
3.363153628249404004e-01 -1.011801400559037140e-01 3.669996902028142660e+00 3.399176327267036668e-01 -1.879739224403934386e-02
3.029224155082751446e-01 -2.430396113375216660e-01 3.796128029976147733e+00 2.742067929636257673e-01 -2.442119962172418016e-02
3.019726290576500993e-01 7.998141139434174207e-02 3.491500661626590674e+00 3.700983640802701369e-01 -4.389122181777502935e-02
3.130741981447752176e-01 -2.310504204255458549e-01 3.795872221914961653e+00 2.828290921755660658e-01 -4.663172121135071568e-02
3.205307679669068266e-01 -3.442952971380229543e-02 3.608939582193703366e+00 3.374012929135214445e-01 -5.658297208502727910e-02
3.221710518856060190e-01 -4.061609236306050197e-01 3.917422098276789555e+00 2.605695020539309237e-01 -1.357188126221465889e-02
2.998732657916574618e-01 -2.884637698408714646e-01 3.775666193190872377e+00 2.342866771480003052e-01 1.113234946715672274e-03
3.046210868573182018e-01 -2.438539050828170129e-01 3.789106651215229160e+00 1.830199398735787297e-01 2.711581199962950078e-03
2.857504971887492307e-01 -3.059502498229261791e-01 3.867237945927808784e+00 2.741931286530819856e-01 5.971267238658091274e-03
3.015034920645020544e-01 -1.424453032664043384e-01 3.713898851459009887e+00 3.432545476707291043e-01 -2.962962449381521465e-02
2.858195927333820885e-01 -2.142705997149033093e-01 3.738507912190228488e+00 3.086102143204230153e-01 -2.930964249545902137e-02
3.176998622703655628e-01 -8.194226056156687921e-02 3.647871599448405444e+00 3.471709964553012506e-01 -2.852341114286818108e-02
2.967013333814781939e-01 -3.568962511485247457e-01 3.886418327605781986e+00 2.747346153645616740e-01 -2.036822734347372432e-02
2.953816736041591229e-01 -3.353025004615676208e-01 3.848991897073454016e+00 1.913335581963113430e-01 -1.083912872641789454e-02
2.882366600946477120e-01 -4.600756276878584794e-01 3.919175954104027415e+00 2.842026046950916207e-01 4.846583719874116014e-02
3.256398491174865573e-01 -1.080947976137525551e-01 3.673965429421253592e+00 3.474598038731096517e-01 -3.545099554872453013e-02
2.984672228743466271e-01 -3.256452622769281935e-01 3.815846402747701038e+00 2.031450886216652207e-01 3.180022669178442229e-02
3.032781451579419918e-01 -1.898319975918847935e-01 3.739757545009692041e+00 2.816345827997186468e-01 -5.949139515116485394e-02
3.081553386137789730e-01 -1.609795496559974226e-01 3.694789135957500914e+00 3.439949127181616273e-01 -2.160239532073072316e-02
2.955484313654807571e-01 -2.492139283757993651e-01 3.800484197009261322e+00 2.872704399676617726e-01 -2.042537620821111184e-03
2.938737587541307428e-01 -3.264851366528351839e-01 3.846605387841611101e+00 2.857312923978183594e-01 -3.748343220502431405e-02
3.363511048578564644e-01 -2.477846742396147550e-02 3.598899393691544546e+00 3.636614284181886037e-01 -3.640227800449479661e-02
2.981996438783960923e-01 -1.290716283660214292e-01 3.758530060263422623e+00 3.145761914436879247e-01 -3.431493590898032631e-02
2.927086236165937216e-01 -3.171421046720406811e-01 3.834863110878017789e+00 2.359182418047436891e-01 3.823571899969523818e-02
3.066657818692747339e-01 -3.317913675320001143e-01 3.833968684925850745e+00 1.811788230207463934e-01 -1.426135838448192722e-02
2.927083276459445660e-01 -4.356363713545027827e-01 3.894160848235561634e+00 1.954870559515718420e-01 1.962216337058986931e-02
2.993726915434180014e-01 -3.110932329824088738e-01 3.866054789502293421e+00 2.680589126564201785e-01 3.047242567651023415e-02
3.054713084279545576e-01 -1.953932691737555738e-01 3.769002433931007090e+00 2.798312924775586130e-01 -1.496509873126196377e-03
3.493583816888716220e-01 4.059456304180415753e-02 3.551779513310366898e+00 3.389848976386174995e-01 -3.338195061302078048e-02
3.057603964247269102e-01 -2.919087237564508275e-01 3.779937763584731325e+00 2.500258534043930947e-01 1.009770881141716994e-03
3.194925126997688603e-01 -1.386002099812745636e-01 3.748529002675776489e+00 3.780029550028762841e-01 -2.701666841597682306e-02
3.304263356193131718e-01 -3.303416504346197713e-01 3.851438771054294552e+00 2.687124263490456855e-01 -2.041701347489784102e-02
2.929582551210138663e-01 -2.406877533334018660e-01 3.758520707435605512e+00 3.620455551239608605e-01 -1.806655688565323575e-02
2.991966168442896090e-01 -2.825427334617768294e-01 3.809667262975883428e+00 3.482723389098647537e-01 -1.926003220994454423e-02
3.064442325124041022e-01 -4.096989684939638110e-01 3.929306600903000657e+00 2.010005001507509936e-01 5.394237428371237431e-03
3.036043263424170746e-01 -2.478475824285465423e-01 3.773370814648727478e+00 3.147199447382422188e-01 -3.100392381123102600e-02
2.958322123731569331e-01 -2.820150623309210514e-01 3.829564409976025985e+00 2.476275463088042916e-01 1.898000108813170661e-03
3.062634858605340349e-01 -1.796209395498119255e-01 3.724680931273332440e+00 2.395274249545311651e-01 1.754781095247352068e-02
3.146412063351645694e-01 -1.643219859575772435e-01 3.716949313097313023e+00 3.246546355552480390e-01 -1.153949417453320123e-02
3.140785635123872765e-01 -1.642236902829256606e-01 3.696028431426381378e+00 3.206324270157156486e-01 -2.616009990736097024e-02
3.053106657363060528e-01 -2.031365398529784705e-01 3.699750655857779957e+00 2.502047948913862507e-01 -3.468127653259179405e-02
2.919698029991278920e-01 -2.352444396261104131e-01 3.791326266946352774e+00 3.064478117870197416e-01 -2.587509588963102930e-02
2.885753375704543933e-01 -4.535549067037149551e-01 3.924221331439194937e+00 1.524550277551432464e-01 1.226995481841737859e-02
3.193948038042705440e-01 -2.015075472449121552e-01 3.776091667178580913e+00 2.805952375959901435e-01 -4.117048198694363281e-02
3.394246086806772533e-01 -1.637716172856324148e-01 3.738261415064790150e+00 3.429225953226421875e-01 -4.778365765969982970e-02
2.842191809749354814e-01 -3.116235260511240335e-01 3.832070292916093024e+00 1.874565344694871794e-01 -4.069498633387721998e-03
3.662687206393960282e-01 1.384405454896188714e-01 3.491908656361504715e+00 4.089673557289466577e-01 -9.180219936207334452e-02
2.985701825428417333e-01 -2.943709623243208062e-01 3.791272671350282675e+00 2.299764631704221962e-01 -1.313583964362353973e-02
3.064317390873013691e-01 -1.941572872805836791e-01 3.767633089602185681e+00 2.891442969766121474e-01 -2.321468835227765565e-04
2.758119233078926702e-01 -4.396926868257908239e-01 3.962003740789131978e+00 2.641432923259959820e-01 4.349092562630538228e-02
3.135844576738442968e-01 -2.687064437926128813e-01 3.782809580720542630e+00 2.647261284537804626e-01 -1.254245381487593264e-02
2.899511640659868106e-01 -2.214185617776470716e-01 3.754598935205697430e+00 2.967673665580324305e-01 -1.195721156497713683e-02
2.797838294075350452e-01 -3.093647572166219328e-01 3.854304365974692725e+00 2.843140453731722861e-01 1.961664729733024470e-02
3.201932088668383858e-01 -2.541107713971986481e-02 3.608223649475893247e+00 3.086722738395318300e-01 -7.710563041601697920e-02
3.247496712737006352e-01 -7.830235778731584051e-02 3.649944541962232059e+00 3.960249374645792853e-01 -3.374925690199261086e-02
2.764301778860409620e-01 -3.596892958924858275e-01 3.846986333905134003e+00 2.207956658341961309e-01 2.743681032968261699e-02
3.014585046617606623e-01 -2.328633067630954956e-01 3.816994233192878117e+00 2.710356920404793923e-01 -2.197421211828150603e-02
3.353273727424066486e-01 -8.528798883822871768e-02 3.654892830444182561e+00 3.261880067600729238e-01 -2.832162980802734042e-02
2.895714722694207044e-01 -1.392899361706375905e-01 3.708668085752924171e+00 2.797727058053211535e-01 -1.840523730183688672e-02
3.077981943011466326e-01 -2.156318260614763505e-01 3.766070752732344040e+00 3.241257414714041607e-01 -1.094170043806962783e-02
2.850619765772245406e-01 -3.649789914682309844e-01 3.860549437146430396e+00 2.832023070290032307e-01 1.920475320865307894e-02
3.093611268549408821e-01 -2.245084127394289530e-01 3.731087578953615314e+00 3.450752212046755973e-01 -3.272344927149190008e-02
3.205008407185453434e-01 -6.066277244389275958e-02 3.635161834207418785e+00 3.747405761337194718e-01 -3.781514377031354457e-02
3.143416796503780142e-01 -2.333992071187547812e-01 3.826032745932137935e+00 3.391315056444906273e-01 -6.427418969130728639e-03
3.109812346536848793e-01 -1.817473293451893623e-01 3.712362012516480458e+00 2.975028792630407537e-01 -2.201351854427845145e-02
2.699313942446432968e-01 -3.997958101170487333e-01 3.887142728972044825e+00 1.635300389518859754e-01 2.701867468087734356e-02
3.243389731361243644e-01 -1.149403167396994829e-01 3.699316348303305801e+00 3.379195951904867545e-01 -3.591230762916820113e-02
3.259140096440239498e-01 -7.515101480614139184e-02 3.659586069714270362e+00 3.255400785854459800e-01 -2.181025484967080708e-02
3.045824512787946858e-01 -2.294068185252062242e-01 3.747784424432426764e+00 3.291641324233985921e-01 -4.978770637904827989e-02
3.077451467876216040e-01 -2.560170774382697911e-01 3.800471867964104522e+00 2.783075013270097653e-01 -1.378297366401201249e-02
2.863017613211658041e-01 -2.341258918912830778e-01 3.770709159761063134e+00 2.232875316289849033e-01 -2.450222831309818716e-02
3.163390289609076533e-01 -1.133122037024014567e-01 3.751233393551130835e+00 3.215065650561422239e-01 -4.743143860594700029e-02
3.005874179210838437e-01 -2.708512125319578190e-01 3.721504198109534034e+00 2.779337528937841917e-01 3.045170742519873186e-02
2.975994718318692445e-01 -2.290299662479087783e-01 3.743017553926751173e+00 2.621849240577206475e-01 8.713118148463053214e-03
3.317474888573652692e-01 -3.755477698065938508e-02 3.605417156063658979e+00 3.821489988118388359e-01 -4.492144633072109317e-02
2.818435536686349496e-01 -2.801830330151995896e-01 3.757695321452383830e+00 2.862039023755332257e-01 2.626852967183476717e-02
2.872295692846679738e-01 -2.666881195088015577e-01 3.771776095730498213e+00 2.616905087939433994e-01 5.163169562483795223e-03
3.175003965698574016e-01 -3.593495263455303013e-01 3.882595501277786187e+00 2.852192011332699839e-01 6.467421849372306103e-03
3.131952718494630528e-01 -1.983552912063034357e-01 3.760728422836924878e+00 3.191587390945936353e-01 -6.397789449709746779e-02
3.311913724734800724e-01 7.109915308219390273e-02 3.524615831974683200e+00 3.670526621688943170e-01 -3.898517825691415195e-02
3.142546087272639066e-01 -4.542910080187201327e-04 3.588222261884999487e+00 3.473580399643446115e-01 -4.513496251864784758e-02
3.018911512656152762e-01 -4.603211320585338107e-01 3.982193525928830358e+00 2.250495802807856438e-01 7.403688740742486729e-03
3.064604099746333077e-01 -2.340772583457812472e-01 3.786256867380226154e+00 3.078926966770438312e-01 -2.626743275478052309e-02
2.935379748572087832e-01 -2.723124433186537297e-01 3.808669622185826498e+00 2.528846689166504569e-01 -3.015940779913754352e-02
3.062710699614148990e-01 -1.645528638405076571e-01 3.715565920647396769e+00 3.352832102750248344e-01 -4.155176676812268044e-02
3.047603713744962417e-01 -1.205872596540557284e-01 3.724356366830675391e+00 3.314704353592244912e-01 -3.362231163188048044e-02
2.995539410319271179e-01 -3.506674038871883115e-01 3.908978895411528764e+00 2.060319467543644534e-01 -7.615348873651825445e-04
3.325149185235324878e-01 -1.423188303148771872e-01 3.702659607638525419e+00 2.863342822639765028e-01 3.063215715632656641e-03
3.229747798859267660e-01 -1.513977969412552971e-01 3.791160575363383245e+00 3.320908014308384670e-01 -5.952546883476057121e-02
3.017261862112874948e-01 -2.102230397212950241e-01 3.757328931094484847e+00 2.014374127567425954e-01 3.398005984688285547e-02
3.216173732689365794e-01 -1.056070298460343310e-01 3.670140647734451811e+00 3.073830714564085298e-01 -6.517009114649487123e-02
3.136061012744623677e-01 -1.449781657296044246e-01 3.683660587884503013e+00 2.961310095997552461e-01 -3.206113556514064017e-03
3.148107790627774905e-01 -1.006383816448280233e-01 3.666735045603952692e+00 2.827468801791638842e-01 -3.092206336900082606e-02
3.163572004988499664e-01 -1.214947743054872603e-01 3.690121444942896733e+00 2.810196485659371968e-01 -3.440515824684542423e-02
3.222375512574546796e-01 -1.969078817897315092e-01 3.783663111164294435e+00 3.379514029461032631e-01 -2.278335259589281403e-02
3.148459980476916442e-01 -5.487777256259027125e-02 3.645445685640687827e+00 3.201330034427843918e-01 -4.230836094452849333e-02
3.139854697881593881e-01 -1.463022184206030363e-01 3.744786159932556480e+00 3.068052346912433781e-01 1.422716252822123217e-02
3.084648589809568797e-01 -2.640613729600252979e-01 3.787936654309806084e+00 2.772039805604668006e-01 1.774799922529511978e-02
3.129732691497597585e-01 -3.091587545974869289e-02 3.598396572466934895e+00 3.192114931445604875e-01 -3.760466449750134166e-02
3.103802259893830851e-01 -1.662114172380723676e-01 3.724256415115688057e+00 3.310917261937815770e-01 -7.472019378941033296e-02
2.956792949910946322e-01 -1.773209678866989880e-01 3.765977759793258439e+00 3.114271507086732726e-01 -3.591553586509785290e-02
3.002429633289798727e-01 -3.257946716798267861e-01 3.825260857948247661e+00 2.184042446068457932e-01 8.419089830921275622e-03
2.981001505434649479e-01 -4.901173166079401677e-01 3.984555190086109366e+00 2.327713003125740365e-01 3.836470241639283740e-02
3.097696351540767945e-01 -2.708084516395212193e-01 3.819075757782694147e+00 2.816807920830847189e-01 4.860912100224948351e-03
3.139713817801119133e-01 -1.253912828059318418e-01 3.676038648633565220e+00 3.039479234051069012e-01 -1.414326394374288906e-02
3.106179564679429350e-01 -1.918976381754889382e-01 3.757505045604939475e+00 3.054058920184660741e-01 -4.195396681965065516e-02
3.092578627476170738e-01 -1.880779877312399040e-01 3.689199970797719441e+00 2.687758309037663884e-01 -3.994466951620467832e-02
3.203928812253863390e-01 -1.105814685354020999e-01 3.738381387560677727e+00 2.834123912287906388e-01 -6.307256604129894695e-02
2.977507129107641037e-01 -2.439097175812739438e-01 3.744541609922907188e+00 3.075723746225870747e-01 -1.763697241472475963e-03
3.270389679046620812e-01 -3.529170059375300039e-02 3.615627420393026981e+00 3.374934235534079452e-01 -5.057622761458631377e-02
3.549210258428291409e-01 -7.457113189512830365e-03 3.620362062945659432e+00 3.544634819403606474e-01 -6.209263184663688789e-02
3.024821154840617865e-01 -9.984025293417361779e-02 3.625268553974694274e+00 4.393773510305588603e-01 -1.935163259102911162e-02
2.991546671962237447e-01 -1.262709347054348230e-01 3.658917499022984909e+00 3.036488838941878710e-01 -3.706869244778002864e-02
3.121365714106368316e-01 -1.734156430346675826e-01 3.731857823700627907e+00 2.705005690538809793e-01 1.033805121218284162e-02
3.417017150318794050e-01 -1.954619699045249959e-02 3.629979406664948893e+00 4.170583821718226170e-01 -3.388987700379578194e-02
3.544233997351302623e-01 -1.557639563884710421e-01 3.750069476454410911e+00 3.714394259183896319e-01 -3.604322272776901148e-02
3.170316736544289693e-01 -2.090170790344053620e-01 3.720360739446482157e+00 3.225920238001084850e-01 3.346701378151008266e-02
2.885163294080866359e-01 -3.412054387641000330e-01 3.894486514299067892e+00 2.393026244129680125e-01 1.038192504089416324e-02
2.888041747960707895e-01 -2.826619953551491871e-01 3.800252206978799840e+00 2.349973966376416312e-01 6.613278855219114488e-03
3.038868638759680829e-01 -2.896411638420449131e-01 3.835586466705175113e+00 2.333359042013919971e-01 -1.502669392320689010e-02
3.346687256496637675e-01 -5.617915297927943835e-02 3.663603996043073963e+00 3.286851821039687982e-01 -9.371555489157674945e-02
3.122129193813620307e-01 -1.651778004986440562e-01 3.657696548565886996e+00 3.597894279406115836e-01 -3.762754789270541817e-03
3.534994059930214871e-01 2.430062417230788308e-03 3.614230828168434329e+00 3.792220364741872851e-01 -6.159631604238366420e-02
2.906511570476908446e-01 -3.477546712415326424e-01 3.895819215273713887e+00 1.984169371519641234e-01 8.028413599166527026e-03
3.240412312849663135e-01 -1.845811601381785183e-01 3.775522660637484762e+00 3.050923451768917660e-01 -3.378145541537587448e-02
2.906349419009088275e-01 -3.113762711479291512e-01 3.899508479152982154e+00 1.868761210983928833e-01 -2.706761441370614252e-02
3.114370996082473919e-01 -2.027767960760296639e-01 3.715639986664529992e+00 2.913542734148520386e-01 6.883331744149186193e-03
3.293797436913886156e-01 -1.018527304434893727e-01 3.655507062229546023e+00 3.392203655836495968e-01 -4.645130845742988235e-02
2.968807799697848471e-01 -3.198605647509502603e-01 3.852209403226423579e+00 2.470565732226557565e-01 -1.310913253472932409e-02
3.471969967682881908e-01 -1.585300609030435015e-02 3.662820819437511588e+00 3.519469251690425238e-01 -6.231439977198749425e-02
2.959559127214533292e-01 -2.005609541095478565e-01 3.761527444773163698e+00 2.508869580821987966e-01 -2.462934380484828323e-02
3.103576602211816082e-01 -3.181847816610325896e-01 3.819364481806908351e+00 2.495113183179176741e-01 2.534533622222485960e-02
3.030456825335294813e-01 -3.039935812165101003e-01 3.779133099727450595e+00 2.783314213437783624e-01 2.000436973770110261e-02
3.290161831648839574e-01 -1.269266352291865130e-01 3.768748172911476235e+00 2.327900053105427802e-01 -4.025445160860234572e-02
3.380400422875644018e-01 -1.071267295677028053e-02 3.626408127626258526e+00 3.711233944015401853e-01 -3.809150433031681382e-02
3.405048146328338854e-01 9.286819202445773663e-03 3.619314067019936410e+00 3.490612798919389692e-01 -3.129650842943385025e-02
2.823486085661854328e-01 -3.622323570474908494e-01 3.855950875836569036e+00 2.038542809564131419e-01 -9.779135136474933349e-03
3.032250553298675433e-01 -2.189285964708456156e-01 3.744572009774616461e+00 3.077324561338490305e-01 -1.521020638019687267e-02
2.724478886777412789e-01 -3.686352189685367375e-01 3.836312548246013865e+00 1.924117001852385100e-01 4.579734148831630935e-02
3.093033104007187895e-01 -1.475981757226622060e-01 3.700869506484175453e+00 3.028838460765249097e-01 -6.485649330374565480e-02
3.284916189354795124e-01 -3.388165343973895682e-01 3.951981544047774797e+00 2.948245049774745885e-01 -5.326761179205827257e-02
2.670575805752868903e-01 -4.128139921318351724e-01 3.862830374106761777e+00 1.152829088753162534e-01 4.683691347439340735e-02
3.015001764582459498e-01 -4.135076139787697835e-01 3.938557226189080218e+00 2.430629500688039901e-01 -5.356583772343667671e-02
3.174143620539096600e-01 -1.597719045827569184e-01 3.680192516326109331e+00 2.834796992904536905e-01 -4.465050575789875076e-02
3.412230047395848342e-01 8.978824056758824557e-02 3.560358196648837570e+00 3.859617428980335330e-01 -5.302280430241328169e-02
3.215500544834050678e-01 -1.098583910012927434e-01 3.710255013137597757e+00 4.039290747805323045e-01 -3.248809150282695041e-02
2.938257508798388096e-01 -3.033294780352526199e-01 3.797894089980086818e+00 2.512533545099800980e-01 -2.431133637751545923e-02
2.900629397714929447e-01 -2.341573261015409135e-01 3.783947273638593511e+00 2.735643405717367860e-01 -1.900736641229918561e-02
3.037119734766188239e-01 -2.179867417639821392e-01 3.751969065258742297e+00 2.760334183200293667e-01 -3.676211030395212798e-03
3.307022463397472078e-01 -1.565615886525307254e-01 3.735474482141436070e+00 3.740363729159481010e-01 -8.140912721042276382e-03
3.334089045612460556e-01 -1.651885450776744424e-01 3.777764924684577696e+00 3.151175631872374372e-01 -5.966200191887191528e-03
3.274407998519492935e-01 4.335447644742028428e-02 3.546426153773393875e+00 3.853908339780014458e-01 -3.723554322637478986e-02
3.039490336871080167e-01 -2.771082692146504267e-01 3.869169517918171319e+00 2.687845760323038791e-01 -2.775588979093705083e-02
3.301347569860085263e-01 -8.998612890934723496e-02 3.647735506339544909e+00 3.641118871218962938e-01 -1.433090152610445867e-02
2.744676010606895145e-01 -3.962477554862995355e-01 3.868877272889513552e+00 1.539609363991104318e-01 2.603310933716153006e-02
2.747878209027854735e-01 -4.219711812469802981e-01 3.881855309703380552e+00 2.728686269134242837e-01 1.697984189166669433e-02
2.986815724016290696e-01 -1.139035022739641745e-01 3.661966345096492326e+00 3.026878241765427746e-01 5.543969984838335169e-03
3.250844160137442707e-01 -3.270449856682458578e-02 3.628747584919478353e+00 4.044493524840938603e-01 -6.753097399617190300e-02
2.976346877416564118e-01 -2.322835620393879363e-01 3.826747924452603922e+00 2.407021176161813214e-01 -1.105163345853824725e-02
3.034741709639158236e-01 -2.969371826548493631e-01 3.831785500729134597e+00 2.689507160813727760e-01 -1.518421474349683845e-02
2.729078323061695510e-01 -1.988383151306706842e-01 3.746972231983689117e+00 2.495478376005769439e-01 -1.839826252254988387e-02
2.840686976088130367e-01 -3.886490503581403466e-01 3.896976741317516257e+00 1.981932442410963557e-01 3.189995975854505172e-02
3.694589824155715130e-01 5.869693000157130691e-02 3.532257808122052811e+00 3.696259175736159586e-01 -4.793071155364053010e-02
2.819398971996386893e-01 -3.274454651170603525e-01 3.858048594250733210e+00 3.043207195753996341e-01 1.711857150147235579e-02
3.199438133366303005e-01 -7.958407990469906768e-02 3.598865776042154074e+00 2.894634374505341001e-01 2.836760579145822248e-03
3.401345065890424291e-01 -1.508405752986634318e-01 3.745032290812469800e+00 3.360150205644514276e-01 -3.823531504197094644e-02
2.834402961207330152e-01 -3.963669477437559152e-01 3.928544438846181208e+00 2.229492362226550839e-01 3.430210356929633275e-02
2.916452397179523648e-01 -4.819789888386348808e-01 3.968951062052711531e+00 2.095618231985233448e-01 1.142784563420170402e-02
3.273259639767349682e-01 -1.080377510574582339e-01 3.670337879301464490e+00 3.803011136450036855e-01 -5.477307131962090569e-02
3.212625896112987212e-01 -2.263109532193300355e-01 3.876472679603003346e+00 3.692316933841407467e-01 -6.282352767030771612e-02
2.851067034744419471e-01 -4.680561514744421281e-01 3.985221351525111366e+00 1.763970813806872984e-01 4.220663473810298133e-02
3.116679017245604921e-01 -1.919953341063038721e-01 3.743297884179224155e+00 3.234913816100485340e-01 -3.095700397396153325e-02
2.883844737500315114e-01 -4.409385834918558289e-01 3.922106230995923593e+00 1.655584476110053826e-01 1.162460286243807706e-02
2.862201170274653039e-01 -2.108165506066136119e-01 3.751240189461615415e+00 2.752743357586922013e-01 1.075135423480269928e-02
3.078956558607492955e-01 -2.008548749086128959e-01 3.678651006633711251e+00 3.151612154087107265e-01 -1.453018156676828820e-02
3.142094166576591685e-01 -9.178488208657228919e-02 3.606278384901128398e+00 2.919618685137815306e-01 -3.349005702853480315e-02
2.997289920061175783e-01 -2.096331618802685370e-01 3.743320040166035145e+00 2.656144241967142716e-01 -2.479419333770371131e-02
3.192903561040058569e-01 -1.397033004054619443e-01 3.651629121453059845e+00 3.585494220058367820e-01 1.045108443667245104e-02
3.262229939668506162e-01 -9.179826463178614171e-02 3.622147939901160907e+00 3.361385976092923777e-01 -4.278119345660286871e-02
2.919970868205548631e-01 -2.932802810528470916e-01 3.811573025727839070e+00 2.399693489174584693e-01 -9.529238492047398257e-03
3.359593197776681306e-01 -4.556203611131760811e-02 3.578317969180554670e+00 3.799130698111223836e-01 -4.124086981437938282e-02
2.852551580726906399e-01 -2.949919720978475546e-01 3.804538971700738959e+00 2.584697371628356666e-01 5.157094569440811432e-03
2.859728292731570920e-01 -3.405536087993701888e-01 3.828445009640104590e+00 2.512074495303286414e-01 2.771312964155371594e-02
2.968744453482555223e-01 -2.297044764217825719e-01 3.796423731863273421e+00 2.977543647703229657e-01 -2.706762590559360498e-02
3.095419346308380670e-01 -2.896330996962666604e-01 3.826467981930518292e+00 2.777266077373237163e-01 7.144769661864971283e-03
3.075675695029936318e-01 -1.937135212304530729e-01 3.764600798807819615e+00 2.439153436480018811e-01 -3.505314500071987638e-02
3.191793178297068767e-01 -2.035271810297523409e-01 3.741388426364065989e+00 2.707958038276896962e-01 -1.714639646133337900e-02
2.724703977845943648e-01 -3.416287408484980914e-01 3.900556360039741488e+00 2.092267007475073215e-01 -1.373964143685064282e-02
3.043784090483374616e-01 -3.306730824882209707e-01 3.901038013263375070e+00 1.873451243712887515e-01 -4.510405044075599390e-03
3.374320222660761037e-01 8.711389849028505772e-02 3.536416284610949035e+00 3.208071018241420713e-01 -6.593877892031210775e-02
3.123142241370085448e-01 -2.149472237731914759e-01 3.743910405870813918e+00 2.700634636366419095e-01 -2.977656846969619145e-02
3.034177688765656855e-01 -2.167650149817337002e-01 3.814985271597930439e+00 3.057730219395353721e-01 -4.616825588585948825e-03
3.157272754934352110e-01 -2.645210976023856797e-01 3.785538068110810173e+00 2.277646063390174058e-01 1.312430372864690012e-02
2.888922021813392638e-01 -1.654536660451759178e-01 3.721524393540981634e+00 2.397666991112826773e-01 -1.638026610304991332e-02
2.896449033940584616e-01 -2.978371113832528616e-01 3.822861854865577946e+00 2.187297081336080362e-01 -3.188846728044868184e-02
2.861180109327435828e-01 -3.535123532182449235e-01 3.860754093353775840e+00 2.670199119379442765e-01 -1.141636654218328856e-02
2.908301049096553847e-01 -1.222799534119518444e-01 3.631480405258421307e+00 2.818928631335412271e-01 -3.281187708131368813e-02
2.858384754183662113e-01 -2.393030458049311138e-01 3.718746642229927346e+00 2.725855614941767313e-01 3.616044324311715186e-03
3.046907358683410005e-01 -2.401035862026978940e-01 3.767989700640200557e+00 2.742469281595908970e-01 3.181657302089856143e-02
2.909023447017677899e-01 -3.228918703488968256e-01 3.904929837549779847e+00 2.575990556065616000e-01 1.859764430700557719e-02
3.104238881543612272e-01 -3.645352305283982020e-01 3.940949204918374971e+00 2.945947552994268026e-01 -8.706340859874331373e-03
2.981117611726555316e-01 -2.758126106575189973e-01 3.814804506565490971e+00 2.038145389760548654e-01 1.629209631591327714e-02
3.022298144241264972e-01 -2.572693582216505348e-01 3.794850057651264041e+00 2.132019012999553098e-01 -1.647312455382882873e-02
3.026953986599309476e-01 -2.783456098663906197e-01 3.807758450999853217e+00 3.098904706509291174e-01 2.824375378196890968e-03
3.138686082136459832e-01 -8.567305845657061103e-02 3.625050941130993021e+00 3.232292779794335713e-01 -7.737428214657572634e-02
3.368833429122748968e-01 4.202306477452386058e-02 3.542013581978722403e+00 4.008036146254606025e-01 -5.173994957007986562e-02
2.841106177687994228e-01 -3.044080420605947412e-01 3.869754356939897999e+00 3.233769507211092797e-01 -4.613521559111259662e-03
2.886144873828246915e-01 -4.284665596060494019e-01 3.995489453187694107e+00 2.437809028897697794e-01 5.266578365848036819e-03
3.211860083826818535e-01 -1.598545006223242859e-01 3.710300790208753696e+00 3.256576481650964028e-01 -3.477091172000432856e-02
3.135637475662173546e-01 8.431379338098313192e-02 3.491607762839530338e+00 3.514683356308705431e-01 -6.905234965146152780e-03
2.845568937003359888e-01 -2.560813916909178145e-01 3.759211896447435919e+00 2.311369800556119236e-01 -1.419267972902012349e-02
3.179078797452239424e-01 7.420133426754602080e-02 3.539129369234307543e+00 4.088272304735955931e-01 -2.593255525118090196e-02
3.094196493908898948e-01 -1.511292646967203057e-01 3.739153297706593104e+00 3.021830512152562931e-01 -4.902373821215966210e-02
3.294198237514396888e-01 -1.301740719798839818e-02 3.637125762930794259e+00 4.148005865049079754e-01 -5.029520701072413835e-02
2.960965215143134821e-01 -2.743276089697720965e-01 3.787672169705156300e+00 2.339056895178065754e-01 4.420296670751178332e-04
3.280521110039508748e-01 -6.513351986804208349e-02 3.610302939104857334e+00 3.660017599913121811e-01 -2.511147235454127408e-02
3.139153946813822982e-01 -3.231498619615379847e-02 3.574715268728075657e+00 3.681480378439934698e-01 -2.619775004993275119e-02
3.215975581661847937e-01 -1.157621420598856921e-01 3.665113328688673899e+00 2.752613874546080974e-01 -2.638839906610923602e-02
3.265872576978656183e-01 8.414969586084095066e-02 3.512415316790923558e+00 4.184990703160564873e-01 -5.871902011179026132e-02
2.819261315407200486e-01 -4.138299761888842854e-01 3.859302366321972766e+00 2.116536413941858263e-01 -1.757901967698245749e-02
3.803393958332786373e-01 1.935125284025442927e-01 3.542173397162335036e+00 4.292605728021723910e-01 -9.608677865689932429e-02
2.705675177012245025e-01 -2.022083773432744036e-01 3.668395259850659951e+00 2.385534958722581866e-01 3.715505370893101844e-02
3.078002699468319614e-01 -3.027087722744368214e-01 3.862165920630785454e+00 3.108105027379913232e-01 -2.821055917276198838e-02
2.979780292308006340e-01 -2.992996439178926549e-01 3.848216084700229800e+00 3.566854250085240707e-01 1.788670183075751277e-02
2.857096305674528547e-01 -2.801922275144820840e-01 3.820462772292264830e+00 2.911893739360191802e-01 -5.556417243301856046e-02
3.063822600866053514e-01 -3.267563066183830078e-01 3.866501605748537962e+00 2.093194840340956708e-01 1.946950746145936773e-02
3.165132333055725722e-01 -7.051485405371857307e-02 3.653489327191639990e+00 4.054818465774455705e-01 -8.756480557156819111e-02
3.192974805773626801e-01 -1.921512463740157051e-01 3.730647280989224601e+00 3.112968762617025487e-01 -3.903118591175263469e-02
3.095280251819194084e-01 -1.879139250964633190e-01 3.779190072198201023e+00 3.084789727509848478e-01 -3.850809714904558645e-02
3.124318971379913545e-01 -1.773554852356869493e-01 3.713954956898961601e+00 3.816586499621821837e-01 -1.860116950003593353e-02
2.861117538048695841e-01 -3.433002939217866811e-01 3.841754909332357748e+00 2.582618159782557044e-01 5.850647082438203278e-02
3.070080617224184016e-01 -1.130153461559621764e-01 3.654695380735582866e+00 3.418992528520068408e-01 -3.425142367100882795e-02
3.389725318668115328e-01 -1.829296137302910130e-01 3.773739963615794224e+00 3.351934966115309722e-01 -6.735970729892565290e-02
2.941729416354247340e-01 -3.352261295195628210e-01 3.848839912008248820e+00 2.162202166252740476e-01 -1.498537722383472617e-02
3.102622138344505731e-01 -1.270823829156537133e-01 3.682811548177604699e+00 3.057773401834623095e-01 -3.016357374178054579e-02
3.011594289279028169e-01 -1.824713083688946358e-01 3.748102723973768313e+00 3.426603155136058176e-01 -3.911363240104005767e-02
3.010271761921401446e-01 -2.747902461713391253e-01 3.821101034831607013e+00 3.468371932904766308e-01 -1.272261991313209870e-02
2.945310560056007554e-01 -2.111248537125541003e-01 3.735238986635208480e+00 2.625363068122515409e-01 4.515930395482022075e-02
3.153570724105155820e-01 -1.421822483533935477e-01 3.714430413948824228e+00 3.837965506198026677e-01 1.106208441941609194e-02
2.777423878548656022e-01 -5.789181663381353093e-01 4.051214492551177493e+00 1.434916720086905628e-01 1.997331302399921876e-02
3.261161904549819690e-01 8.199059882999656934e-02 3.545625330703193967e+00 4.269941210074484905e-01 -3.541131741381955966e-02
3.388690651875458371e-01 -3.317087232074669712e-02 3.599866556373975346e+00 2.399116427993318867e-01 -5.620088622665103673e-02
3.024026589299608769e-01 -2.041585445968684132e-01 3.732958951757753052e+00 3.114170928408772632e-01 -4.580177150284515941e-02
3.580022891445756583e-01 1.841828251412817308e-01 3.424425273664001512e+00 4.494650375813172838e-01 -5.559018305677245614e-02
3.036309655514748407e-01 -2.805630478011547635e-01 3.817474959275525492e+00 3.180285864012029062e-01 5.974227179664994003e-02
3.019474274954265791e-01 -2.292584032398005400e-01 3.766158719165236146e+00 3.282911460824201599e-01 -3.934359957208836966e-02
3.060398093685984811e-01 -1.697205717780900236e-01 3.751374851142663225e+00 3.362676509825092142e-01 -6.242001881117839601e-02
2.680353068569901187e-01 -3.194291058787760429e-01 3.778134445242239625e+00 2.578953091688760413e-01 -1.312222154854381095e-03
2.776850700094954938e-01 -4.457124084047310864e-01 3.952011154009612337e+00 2.584799511644447212e-01 -3.427601969658140846e-03
2.881809856792884594e-01 -3.482853352597612417e-01 3.856659471958101104e+00 2.133606624311003008e-01 4.101263791779082707e-02
3.329516188588181880e-01 -1.653143429052355562e-01 3.700828267601587562e+00 3.631440410469929381e-01 -6.890982202734931283e-02
3.001979053591792845e-01 -2.615477978659999647e-01 3.727649340700817771e+00 2.737757407339895255e-01 -2.414509173132820333e-02
3.075595238059772862e-01 -2.124072771400039583e-01 3.736773063528341599e+00 3.122480377500844728e-01 -2.578692261472803268e-02
2.883813325127159710e-01 -2.121991212594145915e-01 3.724265938622690619e+00 2.658565847082763334e-01 2.498130935165278343e-02
3.110064877055354060e-01 -2.628479739756639511e-01 3.776108789722147918e+00 2.957755679067021193e-01 -1.921734790565081744e-02
3.168098988989618836e-01 -2.316252836688299510e-01 3.745942978810887336e+00 2.714454034803887028e-01 1.791835357554421443e-02
2.954593382995623907e-01 -3.805238047087576292e-01 3.895409103756040103e+00 3.010766320757828352e-01 -1.728388357329228853e-02
3.170451671813662164e-01 -2.425591005063010008e-01 3.849550397645876920e+00 3.397090072937392624e-01 -2.509674708104698421e-02
2.814715881019291821e-01 -2.059244376426446477e-01 3.728620471952775794e+00 2.364011353272718330e-01 -2.831388461074918483e-02
3.311827495544952260e-01 -1.967902191851788052e-01 3.743352107338427270e+00 3.960582747195476871e-01 -5.807152822284291499e-02
3.558498100411203180e-01 1.049902891977828046e-01 3.529547631131777941e+00 4.285620250478475168e-01 -1.041580686851223819e-01
3.501643782687680617e-01 -2.148645124643837334e-02 3.658998849625985983e+00 4.270591132105771015e-01 -8.733204798886838593e-02
3.105954202518606544e-01 -2.177728887032754357e-01 3.663856465901749182e+00 3.363464485197137366e-01 4.641867511174618821e-02
3.132560305106759646e-01 -2.427448168172408050e-01 3.752200266013203667e+00 2.938635383353319641e-01 1.213725090310073182e-02
3.113299086195359111e-01 -1.283377133842258933e-01 3.656161166556518793e+00 3.886748945831652868e-01 -2.139061735624933624e-02
3.047204871413115579e-01 -3.199849829576575932e-02 3.623276178278445947e+00 3.360962216857736884e-01 -2.224687610919245939e-02
3.114913300263073004e-01 -2.780599412320374220e-01 3.828613189589835653e+00 2.807192594261819218e-01 -1.748546816040807278e-02
2.933344039212243404e-01 -2.554322915666734639e-01 3.782779414076133495e+00 2.455229417430832839e-01 -5.366302206256694934e-02
3.030798496515387797e-01 -2.810289095350465560e-01 3.812668126737989827e+00 2.739387791256404081e-01 -2.462426704062950500e-02
2.956061928563348817e-01 -2.457067609765121730e-01 3.787208529095095422e+00 3.383278130561981900e-01 -3.673583704088127094e-02
3.049705806200948000e-01 -2.621262283597218801e-01 3.772049444073769298e+00 2.284169932013276338e-01 4.619395396647942020e-02
2.837591315626575295e-01 -3.370523548114141565e-01 3.832803908998938081e+00 2.068520517172447726e-01 2.481248734394339225e-02
3.373684161517748747e-01 -8.828745169348586885e-02 3.677271870347405436e+00 3.594364991224250905e-01 -5.875720336426634716e-02
2.900551743349709666e-01 -3.067624587174081485e-01 3.858239178694917726e+00 2.371990367493014562e-01 4.535829444882850947e-03
3.158120564862065827e-01 -3.263531144348074120e-01 3.881579016373399416e+00 2.543589144126709445e-01 7.566268649692701673e-03
3.141798218185866132e-01 -1.968247156113785423e-01 3.730818722161869161e+00 2.965794225889211155e-01 1.198127941926517559e-02
2.870011709128338362e-01 -2.735138890642333509e-01 3.839230260708502041e+00 3.006590274429783993e-01 -2.472954644562971871e-03
2.970476208299869803e-01 -1.860411675244490748e-01 3.731380625696925968e+00 2.904890015199240172e-01 -3.407262860732051396e-02
3.105058217579205748e-01 -2.619872666399333250e-01 3.796270760987269455e+00 2.949134561219631800e-01 -4.029315932517384818e-02
3.189353471130449980e-01 -1.799115184667091638e-01 3.703786397939391239e+00 3.222254760863031420e-01 -6.636853689580893105e-03
3.060681893760161532e-01 1.258450971887112302e-02 3.558876027570060607e+00 3.390844896397687824e-01 -1.237352162007799433e-02
3.240295814056228796e-01 -1.686246582731238952e-01 3.704656667187386621e+00 2.271964563550557537e-01 -1.754416382941133973e-02
3.129351372436815493e-01 -2.274657804246267567e-01 3.816991770428142861e+00 2.987042393266824969e-01 -2.484286835599118504e-02
2.961089901017505688e-01 -4.262780815261408840e-01 3.945722217814301214e+00 2.881530547389116181e-01 2.418575965901096844e-02
2.912578036701351514e-01 -2.200979557698406197e-01 3.741651281663585848e+00 2.991188836765236170e-01 -4.100756365149321042e-03
2.939277007654819140e-01 -2.662499328517495822e-01 3.824325424995340228e+00 3.087439434351255119e-01 -2.146949241389981000e-02
3.049149849034653581e-01 -4.136282979336206589e-01 3.957142540870975278e+00 1.667398259854397380e-01 7.079153245204784783e-03
2.895756402142160568e-01 -1.848262567915270882e-01 3.740597345467785662e+00 2.712130716167536759e-01 -2.161826230819786226e-02
2.898140829680461716e-01 -5.211972267322448338e-02 3.567467396572771676e+00 3.758064404649621992e-01 4.776254767307994142e-02
3.172141466984559344e-01 -3.813084676131409112e-02 3.664249923966179878e+00 3.785281640355102617e-01 -1.906797634672149910e-02
3.560744125198840870e-01 2.030319938754590881e-01 3.428670022255067451e+00 4.078488200295012911e-01 -8.567260609817542449e-02
3.048500664463228427e-01 -3.021270420302192838e-01 3.784348955418869842e+00 1.902637648985952279e-01 -5.367675584267679600e-02
3.240775410114431487e-01 -9.024744156779879178e-02 3.669901757311023971e+00 3.284642895734715129e-01 -6.769303177882043943e-02
2.870332349872415367e-01 -3.141699195911777931e-01 3.859153728968629515e+00 2.681041894911327383e-01 4.618695436732758730e-02
2.893614202403251845e-01 -2.780855054532811454e-01 3.811021834018887500e+00 2.225176969720124298e-01 -2.503855479499682291e-03
3.111680459364722373e-01 -2.347835054422157952e-01 3.741109314218808990e+00 3.575401054577564963e-01 -1.038858540071462000e-02
3.135661995047078210e-01 -2.305778975624337979e-01 3.790594360118460848e+00 3.795786946251084593e-01 -4.770520574728626811e-02
3.176553306247196784e-01 -1.330779662162164256e-01 3.720671452963233428e+00 3.257221407426360571e-01 -2.282584989083614319e-02
3.260012974241314199e-01 -1.792849692574917109e-01 3.778280272858439925e+00 3.196918222193358972e-01 -6.049799335067237993e-02
3.161470988101348079e-01 -2.012918998053425668e-01 3.741257494831387032e+00 3.203835715632248893e-01 -2.907561947632077495e-02
3.084242336846600985e-01 -1.031069692738349891e-01 3.659396011658133663e+00 3.245665529097930824e-01 -2.180987284618848138e-02
3.338710876840668140e-01 8.376739980810542219e-02 3.574412092191741941e+00 3.555704656404250485e-01 -7.663182569238283226e-02
2.853708289761083816e-01 -1.561938925944631462e-01 3.683601604206280467e+00 3.076807738382087987e-01 -1.358723306052816125e-02
2.953546216514351674e-01 -2.520918407124838612e-01 3.827106933067098815e+00 2.904662966063517038e-01 -1.919495909872165340e-02
3.112532087702771788e-01 -1.517805325683165563e-01 3.705647924526718651e+00 2.673992750686793318e-01 -2.228529404086001392e-02
3.316161663271844362e-01 -1.288802625657783918e-01 3.707656178641577593e+00 3.089166960639428416e-01 -1.796375360710518107e-02
2.947429803762664502e-01 -1.403343613236102960e-01 3.717445852709583054e+00 3.059283284464022756e-01 -5.508545359520088114e-02
3.385174424109251290e-01 -6.446131803051036169e-02 3.671338665373306220e+00 3.891831095549708741e-01 -7.547264165679939962e-02
3.174371230917649167e-01 -1.875239333706528178e-01 3.743525907189879653e+00 3.350075246966460751e-01 -6.478645097918619977e-02
3.263160688033492907e-01 -5.954589427351469899e-03 3.592576152781339349e+00 3.272190849337181517e-01 -6.027778665407956815e-02
3.200848285784244629e-01 -3.386019748956686781e-02 3.673613944929774888e+00 3.293104346789903492e-01 -5.677832029935911407e-02
3.080578782632532597e-01 -1.104021451899683537e-01 3.694545383537824801e+00 3.904717993665094977e-01 1.277641210656391135e-03
3.223608240577271467e-01 -1.507663303633143270e-01 3.739435822887958061e+00 3.235151952936825559e-01 -6.870944618656751879e-02
3.239144152360736717e-01 -2.074325991040151806e-01 3.739594613846791038e+00 2.914523180463796104e-01 -2.673326759446994008e-02
3.254228526545013822e-01 -2.647342383493060947e-01 3.820026661230227827e+00 2.980117279274855369e-01 -4.970655855015226887e-02
3.331937562419744481e-01 -1.358145174042685588e-01 3.689949102564279659e+00 3.562414981396182512e-01 -4.966343457842423148e-02
3.438090128386678823e-01 -6.612960291160460691e-02 3.630325044237691756e+00 3.322360499585921279e-01 -3.663259452233833674e-02
3.120275886990762637e-01 -3.298533634793722191e-01 3.785652365494154736e+00 2.543213410684045384e-01 -8.323584248738826602e-04
2.862617160254896653e-01 -2.870289687199989448e-01 3.804649854411371379e+00 2.464298111408807501e-01 -2.191423093465867319e-02
3.639404513708973665e-01 1.786682713925211718e-01 3.466688190708725248e+00 4.826960250603589686e-01 -7.600259483799844118e-02
3.343381123971104207e-01 -5.497545152996920204e-02 3.658623382912016719e+00 3.589775770181227732e-01 -4.472196201955581929e-03
3.224384402634369873e-01 -5.786055246947782726e-02 3.716382997385217823e+00 4.047076056752413331e-01 -7.003494877990258660e-02
3.052396121548088814e-01 -3.326193432590363597e-01 3.843966970671262029e+00 2.959818041342882622e-01 3.385143972467420659e-02
3.264562892187974352e-01 -6.979358363179066771e-02 3.686935848737141530e+00 3.504486761569113318e-01 -3.829612988109796362e-02
3.245194505130241103e-01 -1.192565322737684091e-01 3.687183484980419479e+00 2.350298761382567658e-01 -1.618859407330489053e-02
3.210834059484911629e-01 -1.641837114115657359e-01 3.718763820802847064e+00 3.003225750060393717e-01 -1.306440532768558295e-02
2.861735999085660564e-01 -4.108708068952204306e-01 3.935774188926574269e+00 1.868681645434047689e-01 2.513617040784777920e-02
3.083342007775947691e-01 -2.343440051492036991e-01 3.843382528672599996e+00 3.286010469707573711e-01 -3.666997047890650091e-02
3.247802224548028693e-01 -1.363171359736356780e-01 3.675606726634936816e+00 3.178337276435990177e-01 -2.466688861521554657e-02
2.964702837603184205e-01 -1.065813706126094579e-01 3.687630868293719999e+00 2.640161421816858422e-01 7.335680491224408177e-03
2.820934859703355668e-01 -3.025384037750825650e-01 3.856456860676388043e+00 2.795392049536789547e-01 1.991685445885023678e-02
3.061252635527316746e-01 -2.364833297071896601e-01 3.758334853054357882e+00 2.738691597114242260e-01 -2.433043899989363601e-02
2.945530523518424815e-01 -2.704293045980783461e-01 3.779951358757640101e+00 2.365035894284668039e-01 1.887382738199689866e-02
2.995169026659166289e-01 -2.509165705112275102e-01 3.801020833429672674e+00 2.867402287162231223e-01 -1.613672073920896510e-02
2.931770826042740530e-01 -2.134520711408288696e-01 3.712891397602795962e+00 3.071218344385550636e-01 -1.050831159906103450e-02
3.312384915280266462e-01 -2.121188827452508696e-01 3.820436279154288517e+00 2.976998767535066759e-01 -4.109223717783050400e-02
2.935650086012334681e-01 -2.888041825141487995e-01 3.794808150971796135e+00 2.700918395639020364e-01 -3.015694483671446657e-02
3.011074786315948160e-01 -2.945401596240179720e-01 3.745538278500184504e+00 2.532189365711991491e-01 3.845754309197403631e-02
3.166762033441994917e-01 -1.155735800061377383e-01 3.633326866992494963e+00 3.589109331506507572e-01 -5.659454414609662969e-03
3.559885748863412802e-01 2.502617929197739621e-02 3.560503583705565855e+00 4.286626153673685491e-01 -5.975440520577043890e-02
3.249797463287460442e-01 -1.223723770665752220e-02 3.650486418149974099e+00 3.350020959638765894e-01 -1.030314199704581019e-01
2.783148300598782821e-01 -4.351604657882682803e-01 3.945471716744655577e+00 2.353771234894810604e-01 4.886141237053950870e-02
2.988768059500124807e-01 -1.902027350599226341e-01 3.724798007788228116e+00 2.521156738880924175e-01 -2.332960783962020543e-02
3.538546756314615571e-01 -7.387420671473901579e-02 3.716341913792284846e+00 3.313843048612960529e-01 -9.383992918797759430e-02
2.861579635264372978e-01 -2.724598665026561894e-01 3.767004506560617028e+00 2.063287761575868795e-01 -1.949159903105176367e-02
3.039299449702430600e-01 -2.643601380507111798e-01 3.862299809342260914e+00 2.854993767023042417e-01 -1.785895874409237916e-02
3.361496625653780934e-01 -2.025134642397724560e-02 3.603796626600544784e+00 3.610631941195229233e-01 -3.736716897405244903e-02
3.303149778042203666e-01 -1.767879752214352937e-02 3.638980949322371483e+00 3.316879317129580729e-01 -7.906257300305753744e-02
3.227806536442736629e-01 -1.896365745637185463e-01 3.720926035059294978e+00 3.309574425736531156e-01 -3.436322148846688435e-02
2.871361306053687446e-01 -3.301741948850530628e-01 3.829329366918741595e+00 2.185728121384514222e-01 2.823277360614726006e-02
2.712623823949826818e-01 -3.676120943653840012e-01 3.837318802356632030e+00 2.122862232414899908e-01 7.094063048096144186e-02
3.558089931510343695e-01 -6.444814766394951766e-02 3.750067594377942903e+00 3.608420608342588487e-01 -7.535848685466341179e-02
3.282757009823749073e-01 1.770648598770602211e-03 3.545998065455635118e+00 3.430400965575078343e-01 -3.781973847311486531e-02
3.146137082515286787e-01 -2.191437454199174628e-01 3.753034228177423159e+00 2.470559368394001365e-01 -1.106670672215488704e-02
2.946356081230744328e-01 -3.042060281082828443e-01 3.849176520390976020e+00 2.180320980537366338e-01 -1.830676021940559877e-03
3.286832632753234340e-01 -1.185157695789574722e-01 3.716242928380085075e+00 3.024454509317536788e-01 -2.536154820943540417e-02
2.815944545457390036e-01 -3.535558703161346128e-01 3.860763717707975662e+00 2.027488919244518351e-01 -5.466610933460659683e-03
3.447739431119147269e-01 4.197687893686580241e-02 3.593469264049405698e+00 3.711100396405916380e-01 -5.838220749972539148e-02
3.173202646948740102e-01 -3.520588310739168891e-01 3.841733924766555397e+00 2.419227046355786892e-01 1.036279141015006983e-02
3.255080333103078094e-01 -9.603141878839761836e-02 3.627094235004406642e+00 3.234607908529782416e-01 -3.179598323031956886e-02
3.359217525507197655e-01 1.226825319718503615e-01 3.519397286654628143e+00 3.687979777171400131e-01 -7.123358758571989024e-02
3.315437039792241136e-01 -8.352429671909261666e-02 3.670648792067218835e+00 3.458487448853862500e-01 -4.240732533828888567e-02
3.225510002306637980e-01 -1.198511945446243954e-01 3.706427598726818040e+00 3.446190355058190158e-01 -3.149989651709385330e-02
3.275513951029921933e-01 1.142471020964334893e-02 3.527228314088044492e+00 3.974706148898429214e-01 -2.674735975513417227e-02
3.246384874791461428e-01 -8.656149599404470985e-02 3.659310450818590521e+00 2.878771789017433580e-01 -4.482145104824276916e-02
3.296135763550153142e-01 -2.194839852884738207e-01 3.790662991667610004e+00 3.082386902375294779e-01 -5.849809330280550390e-02
3.483181128186194631e-01 1.981735786696190438e-01 3.431353716401387199e+00 5.189182260185619677e-01 -4.984962876177564256e-02
2.758519888780360807e-01 -3.170814818250330402e-01 3.803466739927863660e+00 2.424926397370653075e-01 1.070779184029638752e-02
3.251453886284596528e-01 -1.296006645769407772e-01 3.763615391026172929e+00 3.882796029017790973e-01 -7.339573564352472324e-02
2.922352069343103764e-01 -2.481055253301584496e-01 3.808596313080814699e+00 2.219462190540292534e-01 -5.947767791185769315e-03
3.076927498054133903e-01 -2.314839268567910890e-01 3.823098134368070777e+00 2.725827642096465553e-01 -2.940244917613440978e-02
2.792865243105417949e-01 -3.670873042536893505e-01 3.873092269620747263e+00 2.289730939834521972e-01 2.391280898861765022e-02
3.165396191369387324e-01 -1.671583909367114207e-01 3.761327412083061539e+00 4.292748895423410538e-01 2.094519775161395730e-02
2.815259036002026316e-01 -4.282538467992087483e-01 3.886592606763488611e+00 2.088641735625150764e-01 4.121833442660066682e-02
3.351226367992780619e-01 1.047432676953213848e-02 3.617156673355241381e+00 3.826364878089352772e-01 -9.444398913645266069e-02
3.154180121299382522e-01 5.001204355260735479e-02 3.567038507256188762e+00 4.210109640752118243e-01 -3.159895932896680110e-02
3.173565052174862067e-01 -1.294863142448701709e-01 3.701188151149396255e+00 2.863271653357516988e-01 -6.116180039224920068e-02
3.307496049475997513e-01 1.080527693955840758e-02 3.558787047253115343e+00 3.727595385622854973e-01 -6.489345267182036747e-02
3.116587553925361243e-01 -1.567622838915395389e-01 3.720062324495320372e+00 3.036614472975521228e-01 -4.056929135126018798e-03
2.973823992458368148e-01 -4.070434696910378847e-01 3.959197790103925918e+00 2.335018402682183525e-01 4.003320328491571933e-03
3.057167979500117205e-01 -2.938899690510765050e-01 3.808585878985280448e+00 2.388326111378867578e-01 -3.461888935982612714e-02
3.651021412725792281e-01 -8.510896351574745444e-03 3.619222455362385293e+00 4.303269490186757418e-01 -5.352063298953954606e-02
3.320109366338056534e-01 -1.629778186800246997e-01 3.742381476161136256e+00 2.865131226160356204e-01 -4.363896329895794457e-02
3.109063832058324151e-01 -2.098893930996107438e-01 3.825473303469064223e+00 3.250136652301360840e-01 -3.995197766235385889e-02
2.769262858756374457e-01 -4.335494912006548907e-01 3.923611414423278987e+00 2.077550002461868717e-01 4.099063755015340538e-02
3.218805079543188841e-01 -6.250946149970466881e-02 3.652235383929977708e+00 3.574388933601119200e-01 -3.360076100874707927e-02
3.504179529493090528e-01 -5.432788132234325773e-02 3.706860578770798220e+00 3.517481467654292038e-01 -4.187812311721813424e-02
3.065989172112926209e-01 -3.881339124424099118e-02 3.577684599247610286e+00 3.504451342423560156e-01 -6.151784767072447646e-03
3.124144757919812276e-01 -1.651091259625988850e-01 3.726773993627705117e+00 2.922180199996738392e-01 -1.953812032926200218e-02
3.279449037489461927e-01 -1.671393582958719259e-01 3.734412739587447572e+00 3.647277945336525606e-01 -4.852330322756999437e-02
3.383131077916111118e-01 -1.029499050362377155e-01 3.702594768833340044e+00 3.869091818155605544e-01 -2.188197984788249617e-02
3.992494887105809132e-01 4.287267536704821302e-01 3.189796291613292034e+00 4.925179359378434873e-01 -8.563983524407559056e-02
3.026809886589978404e-01 -3.330917725408207852e-01 3.871838534036705415e+00 2.641326869227488827e-01 -3.417344547262654575e-03
2.905244525491127994e-01 -3.067690716750604008e-01 3.834808774805387177e+00 1.980016961430938194e-01 -8.386927258009505004e-03
3.315277130729914479e-01 -1.138000693798895957e-01 3.664907691174239535e+00 3.008647517207668765e-01 -4.960298313524803826e-02
2.918621586713930349e-01 -3.148065833125897051e-01 3.814372879303758790e+00 2.171776078690375589e-01 5.626865697563977753e-02
2.924077057647592182e-01 -1.586980733463354554e-01 3.724945957600107604e+00 2.742238323614502038e-01 -1.603538410791443408e-02
3.055067510175573098e-01 -3.549426889004060892e-01 3.876607731418396874e+00 3.194751126708026967e-01 2.988427256309019592e-02
2.994866669036578277e-01 -2.006941096292812199e-01 3.757527048560731053e+00 2.817006030615579193e-01 -4.720874652680808609e-02
3.155058773018031282e-01 -3.257079068330730465e-01 3.836732206187047911e+00 3.129471564359100899e-01 -1.530208586816200061e-02
3.078400768216040251e-01 -1.660789245242463158e-02 3.623054224702848547e+00 3.624306817349005061e-01 -2.488960681296126243e-02
3.170774864969432838e-01 -1.014494185900048917e-01 3.686945851591774570e+00 3.315222900249460980e-01 -1.764054166477927593e-02
3.069804539424941248e-01 -2.371413184356346293e-01 3.801665537256909033e+00 4.247878347352688766e-01 -1.606340222000866846e-02
2.934189151689368669e-01 -3.030195224622940220e-01 3.838428491918231877e+00 1.786578811114842291e-01 8.029793477631178011e-03
3.038168050545835275e-01 -1.464379242252325242e-01 3.664396204853062500e+00 1.961629999402901281e-01 2.668449475250272637e-02
3.375388828751265669e-01 -7.189858369398692550e-02 3.683200053108728778e+00 3.760353244481683399e-01 -4.926417592338063617e-02
2.766025424197733340e-01 -4.113097773089443021e-01 3.974472656966341777e+00 2.318952231380112528e-01 -3.631562232921167060e-02
2.949933822970854935e-01 -2.560930051223065385e-01 3.765767214147851316e+00 2.818600754769242656e-01 -5.468593364947146873e-02
3.121919527619910761e-01 -1.892981541825200509e-01 3.686100578652715232e+00 3.099657383826292523e-01 -6.211168487834089341e-02
3.332536728908209733e-01 1.058901988530034088e-01 3.526538757240210487e+00 4.156123425529382742e-01 -2.835655434600439784e-02
3.096375900496250999e-01 -3.668308150514966171e-01 3.859850206428537600e+00 1.949744384037449541e-01 3.500142935468027183e-02
2.878692110510842617e-01 -2.658572333511955432e-01 3.772239258266447237e+00 2.731021303917660070e-01 -1.236962130717174368e-02
3.034508202037335955e-01 -2.096388889207821682e-01 3.732062716193071505e+00 3.201832735667671792e-01 5.516238558001745201e-03
2.903145430635037383e-01 -3.623747604995143923e-01 3.854249685178756657e+00 2.151148059390491085e-01 1.429819788137960158e-02
3.119117619246175588e-01 -7.263370716886621836e-02 3.592744282157339430e+00 3.583186120844193967e-01 5.844473675117034528e-03
3.119015059212750240e-01 -2.812162735395541402e-01 3.712803491761029306e+00 2.416753424043653065e-01 -4.813698863603971256e-03
2.996396018812071960e-01 -2.475715236220384918e-01 3.756767005850651930e+00 3.158823971753886850e-01 -1.059589786704913383e-02
2.985370403257070482e-01 -2.491530705305954885e-01 3.755205109845692224e+00 2.543899812241294245e-01 -2.476529982546238698e-03
2.996946757311393927e-01 -3.656015568296050455e-01 3.939031341958534771e+00 3.140779670964032877e-01 -1.687888512789233880e-02
3.256178147774020371e-01 -7.131911472054265622e-02 3.646103310759386762e+00 3.256425093437779750e-01 -1.711431087090799219e-02
2.907739417264060822e-01 -1.733363435973218070e-01 3.692969917833073712e+00 2.617560974387955763e-01 -2.761305795809197369e-02
3.357013488592434092e-01 -1.569936882837495162e-01 3.727712653720319125e+00 3.371435515130125071e-01 -2.645128560205521270e-02
3.211030505681255476e-01 -7.302873742980055261e-02 3.657062948539554270e+00 3.271796832364801677e-01 -4.655978272863437600e-02
3.186053875142892400e-01 -1.612125274936027086e-01 3.726073264268183305e+00 3.540429550271608772e-01 -5.974489969748132678e-02
3.321853916099534176e-01 -3.373558624516312388e-02 3.638607944865772659e+00 3.931813745728334197e-01 -4.337634709121480220e-02
3.140225345753808184e-01 -6.114951707424409744e-02 3.575693128746540328e+00 3.122370267536937471e-01 -2.551845637253124036e-02
2.708039099322832044e-01 -3.664848717989629967e-01 3.855610814532004049e+00 1.755059006320667525e-01 3.794826519507860096e-02
3.026740891463773342e-01 -1.560665443014185860e-01 3.756313044496047304e+00 3.481091646887490287e-01 -4.602356502581662206e-02
3.139636858395775110e-01 -7.572019823978504149e-02 3.606669885581924806e+00 3.850855028607900743e-01 1.333409832309162893e-02
3.923325787074224968e-01 3.486740003799569387e-01 3.313365295880072114e+00 5.339705385195611109e-01 -1.316211231148547434e-01
3.065498009735301843e-01 -2.399500435146341426e-01 3.786857045241398101e+00 2.702389395128321214e-01 -9.402350482142949120e-03
3.238909319051994640e-01 -2.589293920338728294e-01 3.830728018025086890e+00 3.597401996584935757e-01 -3.011094004658953355e-02
3.193621184511409306e-01 -6.655784817417340071e-02 3.611917835342628891e+00 3.287164131559585090e-01 -6.944771644179070780e-02
3.118982277063774289e-01 -4.051756391211202013e-01 3.905575330544004409e+00 2.660107804590564617e-01 1.159905582319514794e-03
3.122225201026038177e-01 -1.185053886537251328e-01 3.696720794319622083e+00 3.465847370109673697e-01 -5.704171041128206637e-02
2.732567086377711840e-01 -4.839880010216472961e-01 3.946586783518962527e+00 1.353974672241632093e-01 4.205802773915831572e-02
3.110298204677561240e-01 -1.746924012510414070e-01 3.718747558536922515e+00 2.962386963299640241e-01 2.553124685496625107e-03
3.019747644523774199e-01 -3.799941864928672031e-01 3.933141065762557620e+00 2.470436713229515469e-01 -2.987846932135233141e-02
3.144662002258484246e-01 -1.755812313130864499e-01 3.675026155123952698e+00 3.697768508167450507e-01 1.183506813128336332e-03
3.082690926358653827e-01 -2.233807755763778102e-01 3.773209856434510456e+00 2.584215672271396591e-01 -7.592789225785285395e-03
3.210135510415068061e-01 -2.788121504483474511e-01 3.860748798656068015e+00 3.379984208979114335e-01 -5.176182885582590598e-02
3.361489061559534419e-01 -5.143663026890299417e-02 3.689364166132586664e+00 3.384992840968553685e-01 -7.024612481060911462e-02
2.742876965940566070e-01 -3.531198885018780875e-01 3.833556182454763039e+00 2.305481247092570074e-01 3.312686158347739884e-02
3.093724036679747491e-01 -1.181102666141558288e-01 3.584884747095278712e+00 3.751393461310650879e-01 1.841303254946621837e-03
2.892231833065746494e-01 -4.095006330880911483e-01 3.926608581440851342e+00 2.113480975949550422e-01 -4.124845505715755978e-04
3.224134409503452425e-01 -1.313641458215260016e-01 3.698910756505501940e+00 3.100903966097740549e-01 -2.719391296762620897e-02
2.880702455469498768e-01 -2.548704923098663033e-01 3.767815142781774984e+00 2.099828428515873591e-01 -4.520366001780620410e-03
3.338572258449957753e-01 -9.680933664169683039e-02 3.673626241028817407e+00 3.445816067745641753e-01 -4.180976318380810741e-02
2.906295295201661855e-01 -3.239819159557003614e-01 3.865304220245045830e+00 1.974280335358420124e-01 -1.612114636386308489e-02
3.166960211524113000e-01 -2.244082838838216687e-01 3.717318148622939855e+00 2.800564355174163245e-01 -3.243230598067799175e-02
3.054751842792585714e-01 -8.905273095644775094e-02 3.664717346048057323e+00 3.387324142164720442e-01 -2.590872562280913810e-02
3.400840903295339057e-01 -3.314509266233029577e-02 3.598689837101270328e+00 3.565258687687862249e-01 -7.684703048238133993e-02
2.871426955321821350e-01 -4.000947234406624364e-01 3.904524193931520504e+00 1.827610684746263647e-01 -3.238914625095673516e-02
3.105007791304553733e-01 -3.062799004381037138e-01 3.862125838866540040e+00 2.669151184416632128e-01 1.823205878690429063e-02
2.869773328455132999e-01 -3.761758252605951203e-01 3.857910231337725815e+00 2.374202087459742760e-01 5.111001271525857093e-02
3.407116411948954982e-01 2.861171330791646358e-02 3.589290374402271944e+00 3.811469976484573308e-01 -5.468888932492861621e-02
2.891850668243886591e-01 -3.344028829499356981e-01 3.833382022216185625e+00 2.168805390379817399e-01 1.660029672503862339e-02
3.004191738631844522e-01 -2.870270778211060358e-01 3.800939602714153764e+00 2.262784762689860618e-01 -1.485200530699166965e-02
3.322313961973482610e-01 8.912845819880652054e-02 3.526544466143713308e+00 4.064420844513003672e-01 -3.612718290828111078e-02
3.275867446213603373e-01 4.047561335388333292e-02 3.521769137136396388e+00 3.984569825810655441e-01 -7.722400573125554057e-02
3.109943135366959321e-01 -3.574433813955961159e-01 3.823743128068572084e+00 3.111712183399157339e-01 1.945459333849137995e-02
3.062410986717535866e-01 -2.191967256421561705e-01 3.708841005846382988e+00 3.872680063009651952e-01 -1.619498013632477904e-02
3.077777537052630574e-01 -3.520651538646071277e-01 3.913545724388321378e+00 2.420722099304178920e-01 3.810750632005222016e-02
3.108506855951848613e-01 -1.361808727580376133e-01 3.631320550587547658e+00 3.102551217206335199e-01 -4.495962488964502790e-02
3.174010717830993977e-01 -1.307451724319662612e-01 3.704325529374003168e+00 3.379751920890746164e-01 -5.933245832213329685e-02
3.200191562926292255e-01 -2.452696489986955497e-01 3.804624307335754185e+00 2.938817680909657781e-01 -6.447901950720598407e-02
3.096025587692339265e-01 -2.753536842692244080e-01 3.824512225747859873e+00 3.011356174819964648e-01 1.611078219878145368e-02
3.235487586713735597e-01 -1.896520486241381198e-01 3.813327271142073815e+00 3.814382689948401239e-01 -3.570817211883416109e-02
3.089065810622429464e-01 -2.600386807652470544e-01 3.795282419545896513e+00 3.193519062901876149e-01 -5.881009634092536353e-02
2.875984625802137651e-01 -3.175277594233671397e-01 3.802072435009685059e+00 2.600075153826166829e-01 3.163149664457337584e-02
3.371900427746072348e-01 4.449729081819961407e-02 3.546401061741217386e+00 3.679231241511086714e-01 -6.539240261380734054e-02
2.773239188943902866e-01 -2.837021037916275246e-01 3.799063163942533627e+00 2.084594765171743080e-01 1.921390510099523982e-02
3.094247917666884673e-01 -4.107953344533720741e-01 3.896579799083102369e+00 1.979386086213317242e-01 -1.666390668499988931e-02
3.003432058075416466e-01 -2.951489328986459659e-01 3.779608004733571835e+00 2.415929253001369015e-01 7.846043806020407130e-04
2.721226961703095970e-01 -2.749552192892467661e-01 3.759817227479410828e+00 1.694042389911846191e-01 2.694988868860180575e-02
3.195118258305353343e-01 -3.203213721390121282e-01 3.892598788286385947e+00 2.922146666699140805e-01 -2.918556448318017360e-02
3.038147677095536792e-01 -2.421981019282993808e-01 3.767596122489376587e+00 3.040168474785435171e-01 -5.879554930291956694e-03
2.890779400481586769e-01 -3.296005542917925246e-01 3.873018230013466123e+00 2.351735476077858877e-01 7.492383470849371674e-03
3.310441007454426043e-01 -1.100000150323535569e-01 3.734817072733311871e+00 3.377727042441968641e-01 -6.369758367329571291e-02
3.000326833019837380e-01 -2.251477428896883071e-01 3.772584521060950102e+00 2.824095172967195366e-01 -1.422099321138799860e-02
3.092172002469660286e-01 -2.675917027786483549e-01 3.758882454663795780e+00 3.108369656218969990e-01 -8.902630844391233936e-03
3.126788806635354412e-01 -1.190450127486381848e-01 3.655239204038581047e+00 3.224887781665172204e-01 9.498159051811866371e-03
3.153976817969713076e-01 -1.065623691684379065e-01 3.679958660269715409e+00 3.061156491790807954e-01 -6.361555458094475535e-02
2.902440177963021561e-01 -2.869036767671454546e-01 3.841070236827958340e+00 2.580894278232270245e-01 3.505148473727244529e-03
3.168522195395797048e-01 -4.519032566767605674e-02 3.583350820779000134e+00 2.969901730211518820e-01 -7.268384933420066196e-02
3.235862602228960494e-01 -1.330014892304748897e-01 3.679654494725104197e+00 2.753619478646948115e-01 -4.094495484397793483e-02
3.131256616243280888e-01 -9.111617263164042968e-02 3.654378629598182826e+00 3.212062884696671450e-01 -2.642407529080019121e-02
2.827132825160834639e-01 -3.479607070943110392e-01 3.855385224605137662e+00 3.156207443747531816e-01 -6.010131524139204762e-02
3.139898647337364679e-01 -9.813668631270208720e-02 3.624001351157524198e+00 3.321658878994150910e-01 -8.415672662976624030e-04
3.258777953175816533e-01 -1.826761736487106380e-01 3.712404599148409812e+00 2.787214015796676270e-01 -2.421876624672163192e-02
3.156960686348456169e-01 -3.209603951747996842e-01 3.851997147379687014e+00 3.139612801670769171e-01 -6.897712746371808396e-03
3.013946573638318638e-01 -2.829427433401509595e-01 3.813745436601817751e+00 2.738816536822910042e-01 -8.946320656042994895e-03
2.735962663521506744e-01 -3.903808406621094851e-01 3.899923069238578233e+00 2.186174333979317430e-01 1.820437886938554295e-02
3.088534174510390029e-01 -2.521737943293745898e-01 3.721592729175094760e+00 2.831963076977326299e-01 1.712483351462600056e-02
3.198285243566893477e-01 -3.005400965674713265e-01 3.810345206878168689e+00 3.336808634258452422e-01 -1.951991883314992821e-02
3.067131229007881155e-01 -3.210105022398640484e-01 3.783460541487784212e+00 2.328693591714518507e-01 3.888834805969327429e-02
3.252069768408127892e-01 -1.104056709639814893e-01 3.686215630520996989e+00 3.306055385539757863e-01 -9.015351627705509019e-02
3.074272144801700746e-01 -3.642242729205744101e-01 3.868386837940498868e+00 2.790876961088132324e-01 -2.374362826283170358e-02
3.081532085671268018e-01 -5.924820169027732175e-02 3.647594266567568688e+00 3.450189682582582851e-01 -8.212797279161079822e-02
3.190554399845788591e-01 -3.435300038193421779e-01 3.918506220541629670e+00 2.312722135851656424e-01 -1.441234504485734008e-02
3.176250858786331399e-01 -1.176791868651900358e-01 3.691738568172223456e+00 3.734126885723620393e-01 -2.892583122128412551e-02
2.876196132154701379e-01 -2.733324620043176001e-01 3.743437389229862244e+00 3.012543189071793526e-01 4.808026343028531935e-02
2.912970994560335480e-01 -1.584020950611998435e-01 3.692248231928290103e+00 2.697833999310838005e-01 1.304961819043688048e-02
3.358566925015520899e-01 -2.740212338450299656e-01 3.827296987800000494e+00 2.745924884270258270e-01 -7.217060871431835167e-02
2.994897700267097340e-01 -2.313946766207820582e-01 3.754428602987184949e+00 2.852263394682374442e-01 -3.554958481071711363e-02
3.233935054293638478e-01 -2.361359921273522844e-01 3.817324784889960743e+00 3.365264885873091583e-01 -3.586129242950750196e-03
3.140350408022662965e-01 -2.629576853868145214e-01 3.857170108732764113e+00 3.093374104425763438e-01 -1.282337463424589388e-02
2.757729823836296834e-01 -3.094318995271313488e-01 3.830426941602385504e+00 2.387635025771062680e-01 2.449981341362181958e-02
3.107099054435064067e-01 -3.640100896629634014e-02 3.658627774304900271e+00 3.043749627506643907e-01 -3.725774842267822601e-02
3.152998001999741673e-01 -1.051689016454116637e-01 3.650702282021714762e+00 3.425269146535866449e-01 -4.919587767627084385e-02
3.119066518846878022e-01 -2.004968843309458959e-01 3.715166580683914255e+00 3.115675457602537501e-01 -1.412068736670539504e-03
2.903036484118893812e-01 -2.287445678234511226e-01 3.766200523476895601e+00 2.304246580814513778e-01 -6.461821846272540470e-02
3.057142028597630845e-01 -3.289563656775962297e-01 3.913571554312335277e+00 2.865836316510352311e-01 -1.591463921078811738e-03
3.311587340991675177e-01 -2.738918050934943671e-02 3.636649216177260335e+00 3.607137705033484631e-01 -5.280555524824232655e-02
2.813961605606702387e-01 -2.317424191968090463e-01 3.679878504535500916e+00 2.663956031014543258e-01 2.126581502977833299e-02
3.030686958020387678e-01 -2.133530520214785564e-01 3.775602748578849255e+00 2.897587149535439943e-01 1.141525637191550743e-02
3.091937641809024973e-01 -1.624991183491854840e-01 3.707072034617043599e+00 2.573671786865537325e-01 -1.995688424278747874e-02
2.917279569041295040e-01 -3.573562166488416514e-01 3.821648523682190657e+00 1.643787267341206559e-01 6.176715560571784461e-03
3.564090665797422508e-01 1.230650150607648097e-01 3.494172389189887262e+00 4.069909227487603087e-01 -4.817309554121085302e-02
3.255369092783814144e-01 -3.926704123054577944e-02 3.593332040782878156e+00 4.175706642653327361e-01 -8.055690966080732152e-02
3.402420944223781274e-01 -1.945167750973482435e-03 3.616915723104360492e+00 3.063953613166992551e-01 -9.329370175491176476e-02
3.194847436796976470e-01 -2.576061553605224486e-01 3.804758294904995175e+00 2.680761150030861462e-01 2.020617058589036646e-02
3.072790217310528149e-01 -2.126995964990567312e-01 3.743762273117047457e+00 2.715024880589820278e-01 6.962907102652306744e-03
3.396572342212453854e-01 1.705547604804171641e-02 3.574058132366550122e+00 3.558661821233924938e-01 -5.998894404962457766e-02
2.865299048669683879e-01 -3.088937282729699030e-01 3.839677102898342298e+00 2.501578249928441133e-01 1.390685891199459727e-03
3.139487097840520380e-01 -2.681730194392027977e-01 3.839753686618476713e+00 2.381733073323316630e-01 4.195663411094868733e-03
3.014570412003655386e-01 -2.723963498452366405e-01 3.765513228376327071e+00 2.320555896479408742e-01 -2.356537253421709527e-02
3.098817491068943109e-01 -1.948986765484481132e-01 3.759770906506225252e+00 3.129206056976696626e-01 -2.599300082317165805e-02
2.857289277153404750e-01 -1.622037857064826949e-01 3.676664635703912332e+00 2.743065843164599338e-01 -1.730344978044302817e-02
3.180317874383032928e-01 -3.206140923794659203e-01 3.878115750609172352e+00 2.992953161740072865e-01 5.684785765443962045e-03
3.117370449227979678e-01 -3.109887995446912190e-01 3.857858994059716995e+00 2.823171746629289380e-01 -1.909807903566859699e-03
2.938005547393816586e-01 -3.263300668309107588e-01 3.891173466553047966e+00 2.019752462824683792e-01 -2.185858110747947863e-02
3.153527214239603138e-01 -1.733748765667492975e-01 3.764179315800118886e+00 3.543032222626933403e-01 -1.363967503248946292e-02
2.988085331380931353e-01 -2.622903817399867554e-01 3.767601195503645251e+00 2.821463585089526438e-01 2.708187989232049495e-02
3.202327812891078707e-01 -1.527730756025169334e-01 3.738650504656081175e+00 3.864625436415480841e-01 -3.794904843913168846e-02
3.228366561735243612e-01 -1.049100356171929899e-01 3.621366736662193109e+00 4.047860970050517482e-01 4.469349102403874507e-03
2.786484450639013510e-01 -3.233212230802259834e-01 3.789336351604335906e+00 2.150306378681126618e-01 1.612605263298103400e-03
3.372195092741065992e-01 2.699735238452256533e-02 3.593426952138858432e+00 4.116295931482852888e-01 -4.789945300156665808e-02
2.899707401423133324e-01 -1.465484540499268629e-01 3.664069233236338707e+00 2.487192562002005225e-01 -7.645564337289737465e-03
3.026215120152014326e-01 -2.432676002995752262e-01 3.745186805657703566e+00 2.809294405672710937e-01 -2.882910578514339545e-02
3.385549393988332989e-01 -1.771384822354998834e-02 3.598995699138850757e+00 4.354874155178172224e-01 -1.038319503628534063e-02
3.349231333936283916e-01 -1.657412725034169143e-01 3.720962582694789855e+00 3.392955179341282657e-01 -6.855694860168673466e-02
3.103708236012837629e-01 -1.430646858006869582e-01 3.706949926308400478e+00 3.481778848790581526e-01 -2.640792664588989536e-02
3.348216889648714667e-01 -3.228880971479185930e-02 3.687589794500906848e+00 3.555677616292858834e-01 -9.732637387322665146e-02
3.390697918678386991e-01 -7.472891200500722531e-02 3.636382606504183546e+00 3.423269157461843459e-01 -5.774732173191483853e-02
3.299419402194038176e-01 -3.286111035761621335e-02 3.643143299461797824e+00 3.663846617779179526e-01 -7.463846130530917000e-02
2.974264944868061367e-01 -1.587530033464842061e-01 3.665941654391890125e+00 3.092620219935979797e-01 -3.912447333656926193e-03
3.129970639755524364e-01 -3.009587297075736467e-01 3.840602576636789056e+00 2.893415400791817249e-01 -4.889897979764228769e-02
3.082384389571548589e-01 -1.908639330557673486e-01 3.790730180591746823e+00 2.875199698663645220e-01 -6.692237932126857136e-02
3.104851929523682608e-01 -1.822104503946499476e-01 3.738637553241273892e+00 3.579457817517376350e-01 -3.036132453933085978e-03
2.887604881978738103e-01 -1.828661279589127719e-01 3.697762043052263525e+00 2.606061960869605620e-01 2.119005858472819762e-02
3.107906659000054805e-01 -2.215289210698829225e-01 3.789199066977431141e+00 3.232176947229830621e-01 -1.858189513535804527e-02
2.910641979002673296e-01 -1.750005745180439054e-01 3.720537190901344271e+00 2.902591616530761920e-01 2.262672285029614441e-02
3.381790990440709521e-01 -7.295909364545569153e-02 3.693000215303832157e+00 2.950135718985132938e-01 -5.039702811927965209e-02
2.971390481978894993e-01 -2.867677893995710381e-01 3.844549907903918040e+00 2.856295875747745239e-01 -1.537013650369218817e-02
3.274325613498639265e-01 -2.257267273654275930e-01 3.757374607231092956e+00 3.232720266641970763e-01 -1.398072069196662492e-03
3.392434837742952514e-01 -7.230316862134865408e-02 3.699222057675350950e+00 3.622080042132581612e-01 -2.842698919968196861e-02
3.218458770220188336e-01 -5.868516054023595330e-02 3.668519900187532379e+00 3.599419799681013998e-01 -4.683819093518731824e-02
3.120632580429451020e-01 -1.887290530603110139e-01 3.693493150630636546e+00 2.920346795718095079e-01 -1.584468019004753661e-02
3.294203093527236503e-01 -1.482870844921514719e-01 3.722295792152039873e+00 2.827028481469823773e-01 -9.946154560176419593e-03
2.952498478329105280e-01 -4.403707812497448248e-01 3.934375202224065227e+00 2.370321939524175359e-01 3.324636937026806405e-02
3.439786926607755202e-01 -4.735931647252154819e-02 3.655998523953203794e+00 3.529525149569578968e-01 -4.414706004537938266e-02
2.819553932540805885e-01 -4.777515607166203937e-01 3.983988866241438220e+00 1.577629177378838121e-01 4.928130215900024258e-02
3.458146397384520565e-01 -1.988140870831042045e-02 3.592019153003956244e+00 3.949831601008057524e-01 -4.261298823571131600e-02
3.099296637100208418e-01 -2.123693196186702825e-01 3.783450721330706035e+00 2.518490946399696284e-01 -6.568664061399945298e-02
2.860798505308765893e-01 -3.464638646682376422e-01 3.836371867920925105e+00 2.260854390643344536e-01 -2.295087175264200891e-02
3.145114634992994262e-01 -2.663104064757108591e-01 3.794664746550551637e+00 2.986260395747144525e-01 1.569016191362981871e-02
3.181243755966281506e-01 -1.351708953062570606e-01 3.734831994410269917e+00 3.035558567865241919e-01 -4.505271448310405741e-02
3.170517357909422573e-01 -1.569168314163271738e-02 3.592153951314547289e+00 3.372380976244154782e-01 -3.700812439605720428e-02
3.115578315090881678e-01 -5.280425512118132325e-02 3.645605675673142532e+00 3.823650759205654559e-01 -1.810482112524747916e-02
3.562396793992289035e-01 -1.914277552352515455e-02 3.613961909011741191e+00 3.566833938834765294e-01 -7.357962608500631663e-02
2.860547514080535869e-01 -2.336322573282340054e-01 3.717908493331655961e+00 2.984162258486506847e-01 -1.283805893548289542e-02
2.762760548357932056e-01 -3.458678336596628933e-01 3.843419913857919479e+00 3.084729877371766849e-01 8.981326891307404164e-03
3.272608870416237048e-01 -2.332301297246954785e-01 3.823529230401232493e+00 2.931349868862981323e-01 -3.324874734561310968e-02
2.940783774503062942e-01 -2.861153591215818137e-01 3.774948049549518903e+00 2.427710620558144183e-01 2.679409948164949984e-03
3.028630271456093093e-01 -2.185020295833360049e-01 3.783529799787615389e+00 3.385859304795560965e-01 -8.168852175456230158e-03
2.806377523563912124e-01 -2.296433995958669372e-01 3.785721258116606869e+00 2.505879897612054985e-01 -1.917249331077780505e-02
3.357268815147270158e-01 -1.004402811232189829e-02 3.653314376687068599e+00 3.589374985253421801e-01 -7.471358445225378953e-02
3.290523784120340522e-01 -2.010701676666375448e-01 3.752712036339775903e+00 3.464549035649647224e-01 -2.887354829757374231e-02
3.199828870934267600e-01 -5.791084686427201700e-02 3.612649410187625421e+00 3.637182217621527935e-01 -4.654024114600215090e-02
3.014765000546108520e-01 -3.188479778752756344e-01 3.835618012338161353e+00 2.554045308239150658e-01 -3.023227746016658724e-02
3.517857546900625687e-01 2.103172547564895190e-02 3.645794891379532388e+00 4.512642618850182252e-01 -3.592700603174293905e-02
3.158857412349999061e-01 -3.029451021100754704e-01 3.854258054910835174e+00 3.079941452752437137e-01 2.495966199114213122e-02
2.808782012126845862e-01 -3.810103904843761269e-01 3.813316173216789728e+00 2.630325087406320539e-01 6.286362772915325692e-02
3.116817930970735562e-01 -2.069962467326835753e-01 3.767091331672161036e+00 3.639732082343650754e-01 3.624290723504466905e-03
2.948850202087653916e-01 -2.949280192344201357e-01 3.814466629718993751e+00 2.461484361028930257e-01 7.591943736365204358e-03
3.177161272707911821e-01 -2.307864996839004423e-01 3.791459790169959820e+00 3.148900834670854687e-01 -2.562136048570414285e-02
3.226693800993326589e-01 -1.069568120594433513e-01 3.594212959499310855e+00 3.824480365278077332e-01 -2.506736397572172093e-03
3.388080390955858778e-01 -7.876135172698535414e-02 3.687809394377853600e+00 3.338876628511232569e-01 -6.347531091077525389e-02
2.718623144231003264e-01 -4.913183522830921190e-01 3.962372532273808368e+00 1.560274936609400420e-01 4.298301355953514091e-02
3.179992489474443573e-01 -2.197145528564330430e-01 3.766394089098224374e+00 3.244308153959276630e-01 -3.970801560254068330e-02
2.812249475314825276e-01 -3.273578859789480489e-01 3.860381259458427916e+00 2.397174357025773639e-01 -3.073258063681274382e-02
3.081057886136343571e-01 -1.626387243569819563e-01 3.786050712559459797e+00 3.365733068506194803e-01 -6.565943373103191871e-02
3.141446859930651092e-01 -2.414344174609876492e-01 3.813276445114517799e+00 3.241337637575779085e-01 -6.892912489414083910e-02
2.932787128905366414e-01 -2.694266002680993921e-01 3.794242543807481383e+00 2.738884865222939724e-01 -1.812974799190422009e-02
3.297642519202189648e-01 5.324536757901150719e-02 3.538824156144845023e+00 3.416483681727335298e-01 -4.940746109046115914e-02
3.217728189986427956e-01 -1.560302727191657524e-01 3.697962140721149815e+00 3.783703416795047847e-01 -4.328999507318911227e-02
2.966288951912873229e-01 -3.352323287689699671e-01 3.825653644305514689e+00 1.804383322441648341e-01 -3.014142018050308333e-02
3.190048329197075483e-01 -1.590339516666740005e-01 3.676711985536597282e+00 3.161167075519814018e-01 -5.011466835134867348e-02
3.087823429770999994e-01 -3.435720592436899978e-02 3.610435070662645352e+00 3.787431235647419903e-01 -4.653939519631365013e-02
3.011552285718176458e-01 -2.401713418384875398e-01 3.792074381699669594e+00 2.148887376091723478e-01 -4.346308060779984633e-02
3.411971795777842265e-01 -1.471322786305171160e-01 3.721926292452340856e+00 3.636192214173324944e-01 -5.540219890173055106e-02
3.116003158897520109e-01 -4.411077185238242160e-02 3.576971074296752207e+00 2.876694259234556239e-01 -5.801921775939135328e-02
3.576046651556320510e-01 7.259604173629180535e-02 3.564697693076373852e+00 4.074402738755131259e-01 -2.516308440207642300e-02
2.695811904154449268e-01 -3.935539687699232125e-01 3.812853889460503964e+00 2.402899906512526995e-01 3.439505710646868775e-02
2.902880548364963342e-01 -1.902396228037884773e-01 3.702187834058423999e+00 2.916884617509623023e-01 1.221180527981893804e-02
3.207814417446326338e-01 -2.290352677967401607e-01 3.743443040471607475e+00 2.878620889440657860e-01 -2.449504973854156956e-02
2.670887021762562985e-01 -4.520309412825174178e-01 3.901053269253192290e+00 1.135679406562702110e-01 6.335597844263857192e-02
3.241924317866292649e-01 -1.094775444032906192e-01 3.662650737638955878e+00 3.068781180687782384e-01 -6.655048605178350007e-02
2.969186943262536738e-01 -3.390683179759363397e-01 3.860526223635139420e+00 2.926309631911432896e-01 6.501653083509162726e-04
2.824663365350835731e-01 -3.499985090426404599e-01 3.893807044635560821e+00 2.513465123813417579e-01 3.197171469586471658e-03
3.007744636797816673e-01 -1.281742918030216449e-01 3.649061871682658609e+00 2.356052285131982893e-01 -2.779117057963290116e-02
3.191582971703939564e-01 -9.329474268248105773e-02 3.695802047805238022e+00 3.135595212334835735e-01 -3.558186858286230964e-02
3.095380323922427013e-01 -2.508673529547155723e-01 3.782380954370753390e+00 2.826221910763421774e-01 -4.430906993603216798e-02
3.120375131406847302e-01 -2.449920125577989272e-01 3.768830289902753261e+00 2.968446844540856278e-01 -3.342668465372817393e-02
3.269952399849733182e-01 -1.188596121125811145e-01 3.766644369670871573e+00 4.009643020192968366e-01 -7.054128145486548984e-02
3.314512881818367784e-01 7.029053238474278209e-02 3.538427345845495786e+00 4.137913165810200855e-01 -6.341359689764292096e-02
3.112746808291800282e-01 -2.609732529958933567e-01 3.836223501763564414e+00 3.162812227420042088e-01 -2.902467466360674972e-02
2.943347331160812153e-01 -1.899453673121634378e-01 3.698534136468114575e+00 2.485402761514282077e-01 2.481757820215219762e-02
3.670922268397217025e-01 3.121694039468519977e-02 3.621364285764061108e+00 4.358296784124152667e-01 -5.262723630748092352e-02
3.102906963742703694e-01 -1.754441943998507891e-01 3.743545646981898400e+00 2.211687002217432862e-01 -1.133149847506736627e-02
3.040010004862845339e-01 -3.322069512671009806e-01 3.862846387382314450e+00 2.114523008786469149e-01 -9.027835144366619033e-03
3.173066666152596915e-01 1.239210692790350399e-02 3.573564061002353132e+00 3.003287308860117522e-01 -1.074784139565565511e-02
3.080752628468889642e-01 -2.800438298302631024e-01 3.877133739646640986e+00 2.151985859193510930e-01 -4.484404019173227757e-02
3.062786375420809559e-01 -1.734860862623605060e-01 3.757279631626504024e+00 3.653194057293509545e-01 -4.327767498263252605e-02
3.052490531325325884e-01 -1.113777811140275326e-01 3.702000170511128729e+00 3.002821208147315457e-01 -8.708121390823889141e-02
3.159449277352004426e-01 -1.711679789238357008e-01 3.706430348610485925e+00 3.006183412026722790e-01 -4.613080191388804069e-02
3.441081677050849552e-01 -3.290647180911981939e-02 3.599286550914023497e+00 3.554967877345786564e-01 -2.271198719786137257e-02
3.210494786610659235e-01 -8.196571524007405241e-02 3.638118443302375216e+00 3.735281135997646218e-01 -4.961977130147553205e-02
3.155587264166270223e-01 -1.293963596881864409e-01 3.705013383537254512e+00 3.599434680938342068e-01 -5.145289899854947613e-02
2.706811769439813053e-01 -2.776506892407435978e-01 3.754498160452298450e+00 1.764903861896773007e-01 7.755858714884940330e-03
3.186097993889854263e-01 -4.222874129159863432e-02 3.694077214434680734e+00 3.486833137972840113e-01 -5.286825559845804989e-02
3.223731522324868037e-01 -9.865315127804133444e-02 3.654940815484947425e+00 3.261579498256201304e-01 -6.443455864791340637e-02
3.450387201213966359e-01 1.313434498232576297e-01 3.485062258531815171e+00 4.743989514299579158e-01 -8.762950248994379188e-02
3.089701270523600440e-01 -1.799379756721037338e-01 3.676141227472846662e+00 2.175838460983678668e-01 1.334210146315499817e-03
3.081367042802415912e-01 -1.802456848541904577e-01 3.709938926598682851e+00 3.007613488150259196e-01 -1.605798426380513483e-02
2.959515652260392704e-01 -1.563359714397667966e-01 3.777334305972503969e+00 3.243556457227425027e-01 -2.961950716385078342e-02
2.911229902218393506e-01 -8.627343766151136795e-02 3.695022887747291040e+00 3.028199184532575083e-01 -6.502217156663608888e-02
2.855567274201368244e-01 -2.976930463803850735e-01 3.811833977096347414e+00 2.124930714310891700e-01 1.103123346171745213e-02
3.292864041881742865e-01 -1.800944238252245033e-01 3.749076071389122689e+00 3.260809844411205471e-01 -2.864575466530741230e-02
3.414452077305939470e-01 -2.044275787104734288e-01 3.753274056702635697e+00 3.413658433834063088e-01 -3.347276755502133494e-02
3.000488205825501131e-01 -4.137657787282681965e-01 3.928185896262871069e+00 1.952141568423038653e-01 5.474267255142450245e-02
3.234918269647625300e-01 -8.332584872342246873e-02 3.632243581168725921e+00 3.025358048097328001e-01 -4.944479051666776648e-02
3.304680139808783834e-01 -4.504268375632505816e-02 3.608925438307784006e+00 3.794510743961235222e-01 -1.835584531180679477e-02
3.153741176110786970e-01 -2.603441362244425794e-01 3.814298075852498915e+00 2.568912268758121731e-01 -1.006180545283587302e-02
2.975928967150904825e-01 -3.790247573832068451e-01 3.982557342194252836e+00 2.248604833487140298e-01 2.238289751772624264e-02
2.874499413325974917e-01 -1.046063090555445774e-01 3.653350395095767755e+00 3.212954755456087219e-01 -4.945001242641116485e-02
3.240841197295739051e-01 -1.238619259341298406e-01 3.703134213848706668e+00 3.524729627641314811e-01 -7.427033113866758629e-02
3.186114914365331674e-01 -9.773377581981572415e-02 3.673773360607901939e+00 3.126765271707964144e-01 -4.916524803893293494e-02
3.265517022169912575e-01 -1.118511382853110137e-01 3.676721395662887026e+00 3.005894791219804740e-01 -1.805385129467079741e-02
2.989426736476902824e-01 -3.586197569623440495e-01 3.869258293782409375e+00 2.172812434193180375e-01 2.395125525905297120e-02
3.324727662454121102e-01 -1.058324307587398400e-01 3.652192380060931942e+00 3.547146757653061311e-01 -3.315831619922551821e-02
3.033611347332574315e-01 -2.081115517958117556e-01 3.784797409842703075e+00 3.056290803733888728e-01 -1.995160094568913800e-02
2.931499392178138486e-01 -3.426443428882338660e-01 3.877784643476152482e+00 2.598591819549717075e-01 -1.108620290128495278e-02
3.117591098718149878e-01 -1.728287724870290198e-01 3.753732808432765466e+00 3.066679844907618246e-01 -1.912684209817692646e-02
3.141613683447026517e-01 -1.881301384817004041e-01 3.719518693701194589e+00 2.688547388788744552e-01 -2.229491659410730992e-03
3.298389612403969107e-01 -1.635377739946745068e-01 3.743459866536062552e+00 2.713387551686554655e-01 2.048483981900398043e-02
3.266427992274473779e-01 -1.617536996019358631e-01 3.751938341878633398e+00 2.748256302662637207e-01 -3.681730154343852701e-02
3.254251398599402045e-01 -2.010512133925195233e-01 3.762336094269217224e+00 3.342842107744892211e-01 -5.945598198438598742e-02
2.839078516019244436e-01 -2.517364310177260256e-01 3.752324183622915310e+00 3.005687269089251101e-01 -2.277322528095198848e-02
3.247998083333761832e-01 -2.319620380159704565e-01 3.793774585962487844e+00 2.807380775624814251e-01 -1.699173194090083938e-02
3.179362675711470687e-01 -1.838802210440169116e-01 3.781280901220353208e+00 3.201008000617096561e-01 -7.686601354877320436e-02
3.231649621049247356e-01 -1.568981879233252996e-01 3.722234241307972979e+00 3.100440242915285527e-01 -4.924730891469679406e-02
3.512674250429322909e-01 1.187600369348850993e-01 3.584272994453447936e+00 4.242075054781777044e-01 -1.105249192980326811e-01
3.323662640748017427e-01 -1.572958051757549769e-01 3.766882547142875737e+00 3.688385821207399440e-01 -2.128821986294136132e-02
3.304186836187407161e-01 -2.042888346619689544e-01 3.741250784954578190e+00 3.131749738257461613e-01 -2.218975212263847585e-02
2.838400352282428596e-01 -3.276420060755934616e-01 3.846219393884422910e+00 2.390826867015111157e-01 -1.273367224470284623e-02
2.981088085438898805e-01 -7.614522907604177882e-02 3.654440882377860245e+00 3.237406571165506453e-01 -3.917066417374214654e-02
2.863452647129055006e-01 -2.714858581731158238e-01 3.826086728923154823e+00 2.349817120628946987e-01 -5.286982732115416000e-03
3.284520047521263808e-01 -1.206042319538460916e-01 3.714487619174694721e+00 3.718847233401197938e-01 -2.959294140117050415e-02
2.943231510732410294e-01 -2.899031779392637342e-01 3.817573196959643589e+00 2.979955171946387371e-01 2.669562674772872277e-02
3.590436413129748372e-01 1.610550013250932611e-01 3.487393655790777203e+00 4.774245977789659534e-01 -1.005320372723760014e-01
3.058311984827519758e-01 -9.822071927082551279e-02 3.679152685462707684e+00 2.446385881273308860e-01 -1.784880150968833762e-02
3.204765557092282835e-01 -7.052627573810973938e-02 3.691030365283332948e+00 3.638011655981675530e-01 -3.504758972641332931e-02
3.147775037562663414e-01 -3.560689299435899624e-01 3.908572810431982791e+00 3.131453091715257764e-01 -4.061149352175949523e-02
3.395224020207886495e-01 -5.618321797811146046e-03 3.626629854007286546e+00 4.515800322301719016e-01 -1.904287219749830479e-02
3.128986571761743773e-01 -1.882107578905186651e-01 3.727793529002541018e+00 3.372440848517110901e-01 -7.365518469253491685e-02
2.670975036786141787e-01 -3.886046785606955822e-01 3.877802995390165819e+00 2.149958778498305412e-01 2.228477434227838644e-02
2.972592080192850705e-01 -2.641031502496138939e-01 3.810648445369515080e+00 2.765140084319506752e-01 2.095724663743661273e-02
2.965110553356278822e-01 -2.683833691677249278e-01 3.823090794266104098e+00 3.021024174954610175e-01 -2.051642954642156694e-02
3.261747768351525578e-01 -2.559718479320184925e-01 3.837719752361681280e+00 2.746750460550489992e-01 -4.051121387180685318e-02
3.256948633496069556e-01 -9.382239699395011900e-02 3.603037284384526640e+00 3.394803677272011377e-01 -5.149638407112188537e-02
3.094248372742556263e-01 -3.487467667782722103e-01 3.914479485455224950e+00 3.077328616556284646e-01 7.809770682262448527e-03
3.345773058167205161e-01 -2.946416590085600140e-02 3.646605213922560207e+00 2.760365354344501143e-01 -1.087415157761504325e-01
3.197573235078004505e-01 -1.047588704376963414e-01 3.689721837139044780e+00 2.963911470359715250e-01 -8.190775066958687345e-02
3.102894828204232347e-01 -3.775113858047661752e-01 3.835847682133303849e+00 2.528196734713840654e-01 3.535684032913571223e-02
2.953109502400178554e-01 -2.116337605772794228e-01 3.699132960089337452e+00 2.392576276896655196e-01 1.284445921065842031e-03
3.305606186875852393e-01 5.797648200850709366e-02 3.543828536734834334e+00 4.103611399809617977e-01 -6.379200459844384941e-02
2.896911161493925801e-01 -2.259805060261858012e-01 3.800063125743509129e+00 2.449786115126296737e-01 1.167678187171551640e-02
3.120946575328845674e-01 -1.591311407971157665e-01 3.785593119000178142e+00 2.727603148065898542e-01 -3.410017301424358993e-02
3.238499240243593036e-01 -6.219330105075310255e-02 3.636116699337484270e+00 3.524308136217291221e-01 -4.797777616544687818e-02
3.111202776835412243e-01 -2.344195945762661548e-01 3.716034780371880064e+00 2.828402713734176621e-01 -3.418432862829476337e-02
3.042886257065840483e-01 -2.847644549638510547e-01 3.863170809375430892e+00 3.125307672060946285e-01 -5.071999622796494189e-02
2.978425428729949975e-01 -2.217810731412247771e-01 3.835622932390007289e+00 2.519700648891602390e-01 -5.825881534381804894e-02
3.207468585964881602e-01 -1.400779735718275243e-01 3.674433695069776018e+00 2.541991816184547837e-01 -7.053995273325369686e-02
3.002912684026836643e-01 -2.936213939581815979e-01 3.804406163791571149e+00 2.592514221540482833e-01 -1.116182313290682397e-02
3.282512752794507493e-01 -1.359517321828315750e-01 3.659955892142527034e+00 4.068549375398023416e-01 -8.176219956753792706e-03
3.157567214198353511e-01 -1.939667406365718494e-01 3.726258424235238564e+00 2.797780237487916266e-01 -1.216526148011144379e-02
3.112600806449338231e-01 4.214666218963569744e-02 3.558921839921748376e+00 4.173365248488798418e-01 -1.735296207134834345e-03
3.246572089529443095e-01 -9.928076404907971997e-02 3.687803916065434340e+00 3.619051663641723593e-01 -4.582350520740558625e-02
3.366393334229900725e-01 -1.091622765443292509e-01 3.691564515568969362e+00 3.776754615645133706e-01 -3.171473901911749799e-02
3.201809258952592052e-01 -1.683894736817667104e-01 3.726821032620394547e+00 2.627173272797493908e-01 -2.717216083603430504e-02
3.069123137562272952e-01 -1.205497857889408497e-01 3.681782907035049845e+00 3.341745797072731561e-01 3.527156700093210528e-02
2.799233893479443624e-01 -3.657569840466234901e-01 3.859332419538143544e+00 2.823158126763726794e-01 4.910553808702925599e-03
3.187155653790973986e-01 -2.092304546156192879e-01 3.753312609932628163e+00 2.292099911828489600e-01 -2.222782583880538593e-02
3.401736417634522724e-01 -1.059254671811085818e-01 3.688828934733079379e+00 2.873978015922430407e-01 1.892325441584857479e-04
3.097909299105417458e-01 -1.377057727668186127e-01 3.640920720715813186e+00 2.891738474723232755e-01 -3.454922437531331506e-03
3.042133904907714514e-01 -3.735327199784323482e-01 3.831390915188710444e+00 1.678950157178129843e-01 1.157404567364783698e-02
2.892173743616848203e-01 -3.325426113564614039e-01 3.904118464452952075e+00 2.146049832529446089e-01 -3.180479663414600977e-02
3.458431719076356381e-01 -9.089736702394246581e-02 3.699758690621062662e+00 3.393942845296096800e-01 -5.254257282993057832e-04
3.271814294197188389e-01 -1.458662181326098595e-01 3.731603112546894696e+00 3.096140665970602557e-01 -4.402363747548519723e-02
3.082348158790755299e-01 -1.879849097600899688e-01 3.765761272397906811e+00 3.339764127746543410e-01 -3.221939199158687511e-02
2.979912210101438030e-01 -1.829984447303814876e-01 3.734631821890586956e+00 2.483525437982236350e-01 -2.836364948696172908e-02
3.324774969787285261e-01 -1.918299818124407363e-01 3.747988310564140946e+00 3.056738525862418010e-01 1.014355972950126486e-03
3.453457030188043508e-01 1.156963594745594737e-01 3.481353900020701442e+00 3.512187056632036231e-01 -1.121689395196238601e-02
3.090698723217578103e-01 -2.885372072553394895e-01 3.815479565138815587e+00 2.313666618618196169e-01 -3.048839898056995498e-02
2.861993177116525788e-01 -3.804855681583598770e-01 3.900350635975095237e+00 2.447047768682495406e-01 3.834093033391891558e-02
3.331433236920922636e-01 -3.660244774086107711e-03 3.606624853963042998e+00 3.350043409314246157e-01 1.057150753930836268e-02
3.008860024640680475e-01 -3.954268312638354321e-01 3.859203764348027033e+00 3.062741386487135009e-01 3.479557774803342107e-02
3.089774642306088448e-01 -1.709059262668275181e-01 3.753261963282281233e+00 3.241345767888414997e-01 5.612929222412126051e-03
2.912626682806527256e-01 -4.307583626674152399e-01 3.871769765012363251e+00 2.252447902170152394e-01 -2.262084462969009280e-02
3.293818450334446979e-01 -2.685472824466170194e-02 3.612985587200243209e+00 4.113311763888629069e-01 -9.518898573588023548e-02
3.061946240599411340e-01 -3.255438240276043449e-01 3.846091748975279501e+00 2.205367151178058149e-01 -4.142131791011750136e-02
3.083369967410173329e-01 -3.300353655970172384e-01 3.900320960239717749e+00 3.352179031583878421e-01 1.735341613886227929e-03
3.333734779807595583e-01 1.243340785802711235e-01 3.455161817113960865e+00 4.142018040171762672e-01 -6.236120637274054218e-02
2.944767783950916207e-01 -2.093881532582147764e-01 3.743935209071042269e+00 2.811495602305907893e-01 -1.069885272291517045e-02
3.105291827609386046e-01 -1.507975676316881675e-01 3.631479433277038815e+00 3.375901887205159935e-01 1.065073718195010122e-02
3.179744693975682379e-01 -1.518460871634850495e-01 3.724566306913300817e+00 3.013084903344473431e-01 -4.699452873192072611e-02
3.123973865211078227e-01 -1.014118992875177871e-02 3.543878004288290917e+00 3.119381700439244343e-01 -3.615356375443957992e-02
3.147269029101378846e-01 -1.591885286613856643e-01 3.716708858901272894e+00 2.849308588859576497e-01 -2.208601922005478876e-02
3.364057952544571850e-01 -7.070317822571986488e-02 3.697172133365582258e+00 3.293003029976891982e-01 -4.782192360513745633e-02
3.358605903937811332e-01 -9.850063974490788632e-02 3.718953701990888927e+00 3.313320234262059905e-01 -6.529720944783069803e-02
3.228154353907706775e-01 -1.240295564296832048e-01 3.670116692620659649e+00 3.502920916115792038e-01 -1.290784104351686695e-02
3.023007679570455242e-01 -3.071970966301723616e-01 3.835459602832227866e+00 2.343497512189880172e-01 3.160705454960906213e-02
3.231071219069495126e-01 -2.884413897635144663e-01 3.834964457917321212e+00 2.922120400030897569e-01 -1.818079241961731082e-02
3.018585666512707544e-01 -3.142139225873497033e-02 3.615374153194577111e+00 3.687901063790878231e-01 -5.734487633792834105e-03
3.276944161167191227e-01 -8.047313301380339123e-02 3.694399856549061223e+00 3.989536670300655730e-01 -2.387601655963735026e-02
3.015140032114391189e-01 -3.175802903238219010e-01 3.919719373087616088e+00 3.107880132403452733e-01 -1.353829302980748099e-02
3.079722722645863997e-01 -2.568482235790818802e-01 3.808684624273774411e+00 2.439117015998401861e-01 -1.595061420528672003e-02
3.070899258071173032e-01 -2.064646169559450906e-01 3.785377601084434218e+00 2.811942794363214149e-01 1.284361031590927626e-02
2.957381260520740573e-01 -3.740897379456477601e-01 3.879465648969183000e+00 2.337084205543072390e-01 4.009386110855010787e-02
3.147986419278822057e-01 -2.404586962033526398e-01 3.781401176454906921e+00 3.601033675985258475e-01 -8.490508411780207931e-03
2.870724557055450155e-01 -2.541239432769497597e-01 3.809554056583116743e+00 2.617165749083754656e-01 -2.556163591697367937e-03
2.930132488870321739e-01 -2.686044874966339036e-01 3.836023604309553026e+00 2.677296737708821373e-01 2.175238155949717894e-02
2.672277456225309877e-01 -4.926505359790002148e-01 3.953351707195493336e+00 1.449504118980640965e-01 2.601592758730036231e-02
3.226811288060612570e-01 4.040231498887345007e-02 3.544051184939810195e+00 3.255941481948882443e-01 -8.870580836063425567e-02
3.219511037046035029e-01 -8.601233243801051365e-02 3.641499762539830432e+00 3.601293920003945104e-01 -1.621816299411207515e-02
3.082639224206760176e-01 -3.483735240473363470e-01 3.866856709711025353e+00 2.244987615344433418e-01 -1.207871987216651601e-02
3.152247331015567422e-01 -1.293737448179475558e-01 3.650187876712775115e+00 3.051568484155129379e-01 -7.492800598258402001e-02
2.797395957050003434e-01 -2.135110272617173344e-01 3.741348274835611942e+00 2.950925173875487140e-01 -2.327161743754697920e-04
3.079164705120593926e-01 -2.883161848093255819e-01 3.844899919034772129e+00 3.288847126470858528e-01 -1.984123617264894890e-02
3.042859621278635185e-01 -2.825546425449614318e-01 3.807245206259950887e+00 2.640253175945890818e-01 1.541372785298922125e-02
2.993616868011449994e-01 -3.571367108995356920e-01 3.851919550318843477e+00 3.021488311548994332e-01 6.869876318100159862e-02
3.004704181195345103e-01 -2.846728766355884344e-01 3.813732408156556009e+00 3.530345276741256866e-01 4.744204820616880480e-02
2.928779237502954214e-01 -2.707931683622614716e-01 3.818926850420500507e+00 3.297637823023219505e-01 1.325507445672463244e-02
2.925900413595218241e-01 -2.388585519541044644e-01 3.723952762822410278e+00 2.812568789665180202e-01 2.530277502925954575e-02
3.033764099773384459e-01 -1.939277082138486097e-01 3.771686346463702044e+00 2.340042867886831246e-01 -1.352789736440857329e-02
3.018078346081013441e-01 -2.370632878709991176e-01 3.757774406924112132e+00 2.103978244789886931e-01 -3.642336345902389555e-03
3.456734156660177804e-01 7.731050171867895338e-02 3.562038794588628932e+00 4.002671950604137496e-01 -4.650128226785116975e-02
3.253854743843576647e-01 4.421722159761276583e-02 3.531180080359931583e+00 3.249984954086066469e-01 -1.685501483932928118e-02
3.112136494504587070e-01 -4.522069758622418445e-02 3.609469835676062388e+00 3.674308911611159356e-01 -4.001801046038941378e-02
2.995416329085971441e-01 -3.588754503885793756e-01 3.910034877153460986e+00 3.318190256140007288e-01 -1.292023376954364033e-02
3.007551759162426230e-01 -3.171670811089600805e-01 3.776140144898062712e+00 3.227375537457776167e-01 -8.150757031716780038e-03
3.258246411977905876e-01 -1.794439699492154650e-01 3.703406308751325593e+00 3.132369724442043979e-01 -4.642799534893641417e-02
2.953371139588389926e-01 -2.139774484740314953e-01 3.771656893450670456e+00 3.021773186439440373e-01 -3.597206061428539353e-02
2.892691374554676731e-01 -2.487843421144408929e-01 3.756636413419248921e+00 2.879979019530413131e-01 -1.281902419184731412e-02
3.136169471705196887e-01 -2.653051613694296096e-01 3.845770902856860740e+00 2.965242127375407599e-01 -1.407559453351946502e-02
3.111140839002062841e-01 -1.793850820877404550e-01 3.771152042553462813e+00 3.455794833922029019e-01 -3.175578169211420998e-02
2.798416966571623532e-01 -2.310147411890023372e-01 3.781016772116405189e+00 2.946178173393195210e-01 -8.444194162980521359e-04
2.910393129143787339e-01 -2.988725315375195257e-01 3.828489685767408002e+00 2.417013198480995051e-01 -2.714925451052834296e-02
2.999307406060675030e-01 -3.255075953200546879e-01 3.848224820679577718e+00 2.213060771052922371e-01 -6.735512611898536103e-03
3.283412194616560642e-01 -3.853463120258537877e-02 3.612626955852473287e+00 3.689178718655984901e-01 -2.627536162831877950e-02
3.013490703453446939e-01 -2.649436285583505191e-01 3.812936706727034775e+00 2.468253270808122568e-01 -1.814993697599722247e-02
3.205505944515168459e-01 -1.751831032262143317e-01 3.747323582386451690e+00 2.727459207097545080e-01 -5.637114605368837017e-02
3.211138634756456889e-01 -9.277065150841959373e-02 3.684738469562090835e+00 3.497723917975231744e-01 7.030433163019159798e-03
3.201863365264154826e-01 -2.543013969638335814e-01 3.781050650916066846e+00 3.256736447947463642e-01 -7.264288385337706877e-03
2.917233438363440179e-01 -3.708859407534802477e-01 3.907413375413264500e+00 2.738230765400538336e-01 -2.954024180297933067e-02
3.342979126227180187e-01 -8.362587004583864336e-02 3.670115205770496214e+00 3.251741784611786867e-01 8.257393239902132906e-03
3.266178474803164700e-01 -2.011709643050525465e-01 3.775820064121569786e+00 3.034124071237657150e-01 -4.179067926761659280e-02
3.077421307805861539e-01 -2.705019154155670624e-01 3.779897181601543199e+00 2.927214538787866194e-01 5.449636682865528770e-03
3.322833094008391108e-01 -1.165120932803761084e-01 3.685461415675006958e+00 3.289914417852488615e-01 -7.352288551993868548e-02
2.747232386131381876e-01 -3.246776679035195956e-01 3.878065536484646358e+00 2.410438658500687059e-01 -2.691213326641098483e-02
2.964361432895277204e-01 -2.387550679508492757e-01 3.768177978556785490e+00 2.341441645489180656e-01 -1.252749794664896957e-02
2.878191342476719705e-01 -3.477605086125538092e-01 3.826053375775028798e+00 2.946354486598516398e-01 1.712580007602906157e-03
2.919455806773595952e-01 -2.573798315579650664e-01 3.818946714116598695e+00 2.153667519678382214e-01 -1.900602019223611439e-02
2.747953175402027548e-01 -4.285839238109723226e-01 3.878772020024895184e+00 1.838802303607161848e-01 2.324908714371494087e-02
3.168487358191499070e-01 -1.516502207386521694e-01 3.721775011094966779e+00 2.707403974410125813e-01 -2.617069935947700932e-02
2.879460021605725895e-01 -1.592273352296863231e-01 3.661930112977056950e+00 2.090555291445915509e-01 -2.859323332008408165e-03
3.519821517866641991e-01 9.289789103784230895e-02 3.524906790738586260e+00 3.783023668855275967e-01 -6.619571520924526220e-02
3.011079033497339186e-01 -3.909482339588805089e-01 3.899800847942817672e+00 1.509611327291076888e-01 7.082404070715514477e-02
3.018582334589898775e-01 -3.123217541132388697e-01 3.821158468449592949e+00 2.853554666548743235e-01 -8.006095915348201281e-03
3.125686422072377346e-01 -1.622013312684938979e-01 3.754130959769398590e+00 3.091383959921362723e-01 -2.105204574488146740e-02
2.734456477607034031e-01 -4.420848407811365233e-01 3.919449463381790455e+00 2.275950865337694196e-01 -2.443703145780425426e-02
3.306251914496879385e-01 -6.410192258146665822e-02 3.605516387700705927e+00 3.522065861145990961e-01 -3.111155060070571604e-02
3.196247327852307918e-01 -4.062235696311262967e-02 3.581985230929554120e+00 3.406461306014453849e-01 6.153731228140363330e-03
3.250467972811922346e-01 -2.797807846713408764e-01 3.833595881996421095e+00 3.702043606473885973e-01 -2.583246618022933330e-02
3.322799213157838771e-01 -1.343419398634887463e-01 3.685746041005015350e+00 2.704433497991848845e-01 -2.369534433408057583e-02
2.989134313157166822e-01 -3.294424016113067788e-01 3.817282626023877246e+00 2.746790065057069796e-01 1.688127735286970230e-02
3.209802483096999559e-01 -1.677368873664562277e-01 3.721601448501835829e+00 3.161395227450977119e-01 -6.221982529948502649e-03
3.241237333095515760e-01 -1.624574659616058459e-01 3.761634269521754614e+00 4.143058520934157496e-01 -1.945244505882066932e-02
3.137765528812492266e-01 -2.069339243854174115e-01 3.787112726590022405e+00 2.857143872468897450e-01 -6.950773770709635369e-04
3.207325693549321621e-01 -8.837732779949680761e-02 3.632884200776475669e+00 3.278370636381328640e-01 -3.071201934267547146e-02
3.223091273408404955e-01 -3.186580257021083551e-02 3.623873031781664089e+00 3.959790278932957541e-01 -8.864297462911729930e-02
2.959787456333413669e-01 -2.015955977774778196e-01 3.750721519016819716e+00 3.048509190268721136e-01 -1.350886451757740518e-02
2.965563699390220131e-01 -1.686007127109415693e-01 3.801339770214912317e+00 2.858194754538852522e-01 -2.294308437436555492e-02
3.461621486120233793e-01 -8.613173055369884035e-04 3.520988519324909749e+00 3.379139460341900603e-01 -3.549349706698570750e-02
3.169519778325132764e-01 -1.654791765096448042e-01 3.702747156081532154e+00 2.806774823352017889e-01 -8.068586056996561451e-02
3.168349826682775872e-01 -1.605488257143000974e-01 3.721361570369578597e+00 2.945302803160121385e-01 -5.843778338466069228e-02
2.909471188544425768e-01 -3.420343436599891929e-01 3.849220173325665240e+00 1.957769383388816564e-01 2.257739715618573006e-02
3.218462241796060108e-01 1.077974413993389169e-02 3.618167911256692904e+00 3.610035543275778025e-01 -1.181371146543084422e-02
3.214838341755330564e-01 -6.883548538868507205e-02 3.644176757754294727e+00 3.419899349009506984e-01 -6.495204477059342285e-02
3.031760945766335258e-01 -1.495342943651445100e-01 3.696997134863396095e+00 3.424416791763686962e-01 -3.964088698504951436e-02
3.079125479962527279e-01 -2.789220406193127499e-01 3.868822998086220544e+00 2.800416526651809956e-01 -3.790448501063797132e-02
2.684565691074645710e-01 -3.538140201302170107e-01 3.860828501205037178e+00 1.753884242482345313e-01 2.479739661635858156e-02
3.202275415538713421e-01 -8.601705663717419681e-02 3.702894471793493736e+00 3.073333288906501815e-01 -4.260189399273724142e-02
3.036274517037880760e-01 -1.586585852779479611e-01 3.686556475677046585e+00 3.217091217077484022e-01 -9.756498767257204552e-03
2.873171487598774054e-01 -2.041000613017264764e-01 3.730170062453652235e+00 2.640432268843098673e-01 -3.320963884290648038e-02
2.810344215494758324e-01 -4.133686113850308375e-01 3.806212476079969598e+00 2.785116366559811096e-01 5.384206353269632706e-02
3.273551539321029047e-01 -1.709404665117756350e-01 3.746995016980795512e+00 2.781113260269278409e-01 -4.526566635619949652e-02
2.749440589993984441e-01 -3.032998345684890795e-01 3.789289274500327043e+00 2.896827255124764244e-01 4.136672635985094715e-02
2.995864648411944442e-01 -3.177301842742573657e-01 3.853388289214676909e+00 3.756191673241492945e-01 -1.125509956249171051e-02
3.444312823434291237e-01 6.619386414714782674e-02 3.552432861543927345e+00 4.436781791411975595e-01 -6.725333198097370457e-02
3.238539957626569432e-01 -7.430795743147561305e-02 3.697793698535554618e+00 3.986766526741329364e-01 -2.857323076307392157e-02
3.243365594798966467e-01 -1.417486647609781936e-01 3.713695068111439124e+00 3.170398644760478724e-01 -6.393595085956696455e-02
2.899580516250253037e-01 -3.460570132815110056e-01 3.866119139654589087e+00 2.336373926693388614e-01 -2.798181576255985917e-02
2.999267918553585877e-01 -2.512592794518911377e-01 3.775269924422364642e+00 3.028996295425447904e-01 1.889958424027049846e-02
2.821893723708723822e-01 -3.123537498655447608e-01 3.819299662046435451e+00 2.030831881303789277e-01 2.601657346379029553e-02
2.831567387423535864e-01 -2.937670492831871427e-01 3.767930101366343987e+00 2.728974021006383976e-01 3.161806077929792125e-02
3.455908984954044194e-01 -5.188958559065010023e-03 3.588737777666051176e+00 3.932827744477001009e-01 -3.941101391040337243e-02
2.915094941493865943e-01 -2.856521572384941310e-01 3.849585752471010203e+00 3.038511824196201139e-01 -2.592586426933565780e-03
3.196751587155124974e-01 -1.708085467457658158e-01 3.729846377514228095e+00 3.495361969906244370e-01 -2.407501951278587932e-02
3.073456969468630895e-01 -2.593781858235597038e-01 3.807598945478886332e+00 2.552181647547577814e-01 -3.523142750970094210e-03
3.229519467482878659e-01 -1.619494029355265374e-01 3.714487820299589238e+00 3.349492606768124658e-01 -1.728780317395997926e-02
2.711954299498804399e-01 -3.928256306831982014e-01 3.925553345980350883e+00 2.450373142248941649e-01 -8.105432260401345540e-03
3.360879279775049189e-01 3.774729674337617968e-04 3.613470187089522057e+00 3.526631730322141722e-01 -8.057521736763212372e-02
2.883168952950480590e-01 -4.628442176525474072e-02 3.554538734165773928e+00 3.009842867360472130e-01 9.694176615413722248e-03
3.175263879037003023e-01 -2.317056888104261636e-01 3.827024688942128883e+00 3.055279157063099937e-01 -3.553739586805948480e-02
3.260410283852264168e-01 -8.517616455874954529e-02 3.649661310877537090e+00 3.564283443788540673e-01 -1.486717958867016763e-02
3.070489622352554071e-01 -2.166678938692247758e-01 3.736904679050983891e+00 2.460603095745257929e-01 -3.942350199351475626e-02
2.986733911151124854e-01 -3.471479337315112046e-01 3.796792067507334334e+00 2.395854686827449398e-01 4.180756768805965473e-02
3.142305589048432490e-01 -1.946860623581430083e-01 3.757570534624793179e+00 3.130674653286042997e-01 -6.741639190754088184e-02
3.105113024467231475e-01 -2.167638149728126906e-01 3.778196574442469036e+00 3.136862303558835552e-01 -3.927011090721253816e-02
3.077942253861912225e-01 -1.577831575733857350e-01 3.718175299747660034e+00 3.027935460656408506e-01 -1.469744652321993555e-02
3.070455583890256412e-01 -3.398762197811706076e-01 3.882636860635379605e+00 3.742469615105401548e-01 -7.564918626537076030e-03
2.972098002289250140e-01 -2.623601124018869468e-01 3.828591793958952660e+00 2.216265411801636165e-01 5.391716342892070163e-03
3.275313104930030472e-01 3.874985910892552593e-02 3.522162879957577708e+00 4.012031352299091913e-01 -3.663372798532731067e-02
3.047578812744087262e-01 -2.559933473795131809e-01 3.843162001628031010e+00 2.863639230413883019e-01 3.909008239615166524e-04
3.738469773059493462e-01 1.089808129752911636e-01 3.553981693438606815e+00 4.682421778113072253e-01 -8.951609096131071808e-02
3.090967460445809278e-01 -1.514838507302983528e-01 3.725054176782490067e+00 3.244239583084561618e-01 -1.782683563160761958e-02
2.770444755846547813e-01 -2.619622898628363727e-01 3.734762477623411403e+00 2.764143397113408840e-01 -2.462019817488145940e-03
2.835994788371117292e-01 -2.995140948943850745e-01 3.848464098926624555e+00 2.951873558402797193e-01 -1.582866711135778870e-02
3.042628311066256086e-01 -1.104004108332102968e-01 3.640934927069781946e+00 3.004346253128319932e-01 -5.604884074793005377e-02
2.897977195583925081e-01 -2.032816427455627351e-01 3.731870665974025059e+00 2.066684588587813787e-01 -7.489208818186835794e-03
3.160276868003963346e-01 -1.144583957030388954e-01 3.691907090283582438e+00 3.704231594417549678e-01 -7.315975730834695101e-02
3.069637350385808761e-01 -1.983468754637698617e-01 3.780757028462919500e+00 2.761156552442304846e-01 -1.125709017038642804e-02
2.948303729220115854e-01 -1.969763802038933531e-01 3.702542469463907970e+00 2.572389142587475086e-01 5.572774366569627907e-03
3.038996925372101643e-01 -2.137818904949929655e-01 3.794383660975984451e+00 2.967066654943814608e-01 -4.222388616463124134e-02
2.891621126764340466e-01 -3.034622258543818174e-01 3.828382477112402427e+00 2.765850572284740405e-01 5.583688777240840978e-03
3.137601663512574190e-01 -1.049314448072203032e-01 3.762962697831730541e+00 2.800210158491122647e-01 -4.277635723303440524e-02
3.041212498559058841e-01 -2.297738257972114229e-01 3.753899200120814683e+00 2.754007064204440081e-01 1.198915436526754030e-05
2.856520274392744252e-01 -4.247374650422088282e-01 3.890324595651119655e+00 1.997472226059560374e-01 3.166535574021560329e-02
2.879286903349420612e-01 -2.280718865665948836e-01 3.719953669240771088e+00 2.185936967630577599e-01 1.568150252806121275e-02
2.982763337201743692e-01 -2.881018390826480813e-01 3.831109833399711118e+00 2.760119922769437850e-01 -2.876706524063819131e-02
3.147305705234605955e-01 -1.820092587657171634e-01 3.757730762019887205e+00 3.165290860367117043e-01 -3.457173763793728455e-02
3.030925028026056900e-01 -3.317103287639824871e-01 3.851592955919484140e+00 2.829860312149230506e-01 2.565932826926685048e-02
3.146103259546023656e-01 -1.074821287638561551e-01 3.713238895229241887e+00 3.324579260013002524e-01 -5.005789868760267963e-02
2.862273702025440181e-01 -3.024374783942007094e-01 3.824040369882601542e+00 2.572922042333728454e-01 -3.642070082430151623e-02
3.450104790917963293e-01 -7.252710882064523912e-02 3.660420934351623412e+00 2.941577465914314571e-01 -6.075735433849471095e-02
3.315709562374154484e-01 -1.214229438979096687e-01 3.667926235047838546e+00 3.172583457734787227e-01 -2.473639015370260319e-02
3.363015961534581155e-01 -2.319843411002906475e-01 3.776612299447711152e+00 3.266089317230546074e-01 -2.707616701202317233e-02
3.143064957677076943e-01 -1.515740173151133852e-01 3.707733396380664903e+00 3.551160929595456595e-01 -2.414001311571552233e-02
3.178374770118590487e-01 -1.453178087876785263e-01 3.762006427467081693e+00 3.930339219781706084e-01 -5.833129776278871831e-02
3.111504333267318678e-01 -2.896555268301300723e-01 3.854133131509671628e+00 2.741164524844135753e-01 1.413411556428055549e-02
3.106686960281522802e-01 -1.363801250362016715e-01 3.698928223198982845e+00 2.846700205531441652e-01 -5.304082562886210106e-02
3.093754729142997872e-01 -3.321106004816483104e-01 3.846429905642121838e+00 3.287600750369356062e-01 -1.180815152270358465e-02
3.085702381355113766e-01 -3.574115295949455984e-01 3.894171511433834887e+00 2.498812050300330267e-01 -5.012271730437251049e-04
3.038525639086235297e-01 -1.748038547586404645e-01 3.743512596104560775e+00 2.955151513111135553e-01 -2.526392248618717154e-02
3.169326396374474442e-01 -2.281286317219810844e-01 3.813436960463934877e+00 2.219009540950070414e-01 -4.718901970770805754e-02
2.974070578169692447e-01 -1.316641189546343682e-01 3.633575244587717190e+00 3.130955562129698055e-01 2.078064177402935003e-02
3.036959462029264478e-01 -2.087130600385492252e-01 3.765391478961181093e+00 2.974196318777465042e-01 -2.410809525723082297e-02
2.946904840936623304e-01 -1.890818695375183212e-01 3.728443488537854122e+00 3.217116033098126326e-01 -4.751316597331266267e-02
2.999329099880224669e-01 -2.153639991258338160e-01 3.748678344210100821e+00 2.621097672799428402e-01 -1.061930875746665455e-02
3.553480558067315109e-01 -4.353892787920585206e-02 3.664275689034194095e+00 3.877049076855473841e-01 -8.703426861548443916e-02
3.168870187444714492e-01 -2.455811967061236889e-01 3.752287075106827796e+00 2.818763832924959245e-01 1.235215664618047673e-02
3.141781133065309484e-01 -1.758098003180401103e-01 3.739422614265147882e+00 3.321508945889626863e-01 -1.654917706340252453e-02
3.097726753798266675e-01 -2.222708989026017101e-01 3.785673975795108781e+00 2.946358201163309931e-01 1.380851002312089883e-02
3.044240285726808604e-01 -2.786011682986400673e-01 3.792936231945364334e+00 2.848537980874029096e-01 2.140237597020124005e-02
3.057191246154066788e-01 -2.606748040277657719e-01 3.847929827432229999e+00 3.038352955307217496e-01 -3.794871433533180717e-03
3.088268982888487946e-01 -3.022075415870463244e-01 3.873878339883678912e+00 2.003792485949889013e-01 -7.801531827695142030e-03
2.878672764215599589e-01 -4.111788553471950047e-01 3.908457531081344971e+00 2.070937561547866457e-01 1.303101406720514124e-02
2.931946208019718947e-01 -2.477194658599875254e-01 3.790010572114467458e+00 2.629314241281686670e-01 -6.426934632294847155e-03
3.082474551295890097e-01 -1.251880479358656317e-01 3.751095867072118395e+00 3.895757590286759164e-01 -3.127864781308864472e-02
3.152247723308231886e-01 -1.277280256172313999e-01 3.724380289822292411e+00 3.496264432339379891e-01 -2.450670234487390547e-02
3.221449774372488473e-01 -7.000935874005770332e-02 3.622342201957809760e+00 3.795989756442834651e-01 -2.542085341773675511e-02
3.126840203822817132e-01 -1.584287096514172266e-01 3.708567183054970240e+00 3.458241765280939406e-01 -1.221992515399469501e-02
3.359477775187580395e-01 6.866312083904563268e-03 3.568908803015685027e+00 3.864529420237182711e-01 -5.213419593513563682e-02
3.100987462190323285e-01 -9.006673871100595585e-02 3.642379458028552008e+00 2.690655867750100239e-01 -3.285768525984401195e-02
2.910849946380588693e-01 -1.347208897738379207e-01 3.636971804590770407e+00 3.026710711670259624e-01 3.484807431943751088e-03
3.503172132916330672e-01 -1.362093207742206824e-01 3.708571213876620920e+00 3.821830250985490673e-01 -4.435341928843151288e-02
2.996897870036832057e-01 -2.080996771851900962e-01 3.732408025033083110e+00 3.119953828937339635e-01 4.200098458162630430e-03
2.897973401246142777e-01 -3.567032056624330205e-01 3.932149901240715284e+00 2.543904293017358320e-01 1.509015752466556261e-02
3.117207913878596304e-01 -2.514934590230794020e-01 3.807131467787185919e+00 3.068169540650698690e-01 -4.891047463216252611e-03
2.581957613047189959e-01 -4.587709538823579458e-01 3.962476539090112215e+00 1.478538192459389888e-01 6.319778849442492241e-02
3.139230811404503108e-01 -1.944995215634635066e-01 3.759766639768080232e+00 2.577536766171507066e-01 -4.032591045543770097e-02
3.154371775506077946e-01 -3.446758239608244123e-02 3.649660417341375584e+00 4.346576711154989114e-01 -4.383091070987147481e-02
3.023489568589700638e-01 -1.657455128970943825e-01 3.674180241973750594e+00 2.812064104887679883e-01 8.890346913175552895e-03
3.310492668470616517e-01 -1.281758297742095487e-01 3.699435579550101938e+00 4.084889211743460979e-01 -2.321204151919406544e-02
2.941827072960471745e-01 -3.433380353849673772e-01 3.889910797659890118e+00 2.091420171849904253e-01 1.919540732035455652e-03
3.120407918876066944e-01 -2.415127590221464726e-01 3.729758718322354394e+00 2.232398798636834880e-01 -9.348397931011748208e-03
3.062411922702931721e-01 -2.949441909479594837e-01 3.807172590131252754e+00 2.636042170485980440e-01 -1.917712036571637621e-02
3.111260753613622754e-01 -2.269943973299431983e-01 3.745990601359958205e+00 2.819747905891359929e-01 -1.410938283768421037e-02
3.210474901751366184e-01 -1.895835100810124574e-01 3.780758937514877349e+00 3.242627116464818493e-01 -9.917497514806701553e-03
3.293873450313412610e-01 -9.004434299573030320e-02 3.684917438593377614e+00 3.201644211716442867e-01 -5.709813416169946809e-02
3.057656512057992382e-01 -2.128751899549573001e-01 3.707569896778194707e+00 2.555433045767108169e-01 -4.404897109626244173e-02
3.283697381735288245e-01 -2.493208605487341467e-01 3.791039698073790376e+00 2.486924775503487894e-01 -3.867254954253687704e-02
2.974921482366810754e-01 -2.865735948196965199e-01 3.799979549529732381e+00 2.972557772071746651e-01 -2.665488854760595522e-02
2.964860214851582354e-01 -3.422044621923558405e-01 3.863584771898346482e+00 2.597325591378000786e-01 8.750838995520981989e-04
3.527560858835328550e-01 -2.871260868986154347e-02 3.645552116422025701e+00 4.025757082026052980e-01 -7.270948409073139940e-02
3.180038213473941333e-01 -2.421598290457706582e-01 3.799727399787731663e+00 2.422183746335501708e-01 -5.771218064199046954e-04
2.883617042832349320e-01 -2.041441376578608524e-01 3.721166429061006919e+00 2.637480244239946425e-01 9.092080397130650193e-03
3.161012703298299864e-01 -1.573935923789042124e-01 3.714177800239095273e+00 3.503483986995973298e-01 -4.481066169619345174e-02
2.947082505057116997e-01 -2.955238871245808863e-01 3.809976307696578246e+00 2.535570817812955458e-01 -1.582388656850687927e-02
3.070364603346267818e-01 -1.771348278820592259e-01 3.782899968386412404e+00 3.610638579180358021e-01 -2.195503092899481201e-03
3.032724688880404917e-01 -1.721029742125623208e-01 3.741653426530261672e+00 3.926509182573794110e-01 -6.533920714091873139e-02
3.025135426670036431e-01 -7.773429829450578810e-02 3.607226079938286034e+00 3.243833999193878048e-01 -3.188081431320880649e-02
3.344537475267309046e-01 6.803061810449578806e-02 3.526892370876907989e+00 4.263629657251426508e-01 -8.450446085108062610e-02
3.268621724083523583e-01 -2.646582727595645501e-01 3.826263648591156752e+00 3.200841655645670358e-01 -4.200009507035658285e-02
3.161701332088052707e-01 -1.789290682434546143e-01 3.780932849483169544e+00 3.521402870483754666e-01 -1.997916871619761364e-02
3.104905635051867230e-01 -6.738585095652022128e-02 3.662309158611229964e+00 3.207373097779978588e-01 -3.105515728000279863e-02
2.875845489350991602e-01 -3.445456574698092522e-01 3.876962670352722462e+00 2.613730645930525398e-01 -5.758450961584896804e-03
3.417472541327715718e-01 5.928013384110252665e-02 3.508927855532125495e+00 4.092554251287103817e-01 -6.227797134929726613e-02
2.877569155272982071e-01 -3.306491909268897134e-01 3.842683051267486327e+00 1.979387182702276038e-01 -1.132817006578900818e-02
2.959749260702508877e-01 -3.181015052099827045e-01 3.810308669674535853e+00 2.656568579572264333e-01 -5.035793779194948361e-04
3.008178286151281244e-01 -2.057297950631180039e-01 3.750613038432022428e+00 2.552849511097759483e-01 -1.971378436964272771e-02
2.963316866417964324e-01 -4.160849629341697997e-02 3.569472692961814797e+00 4.121867066824404513e-01 -3.179897496500711657e-02
3.056004722682779673e-01 2.023534461323006628e-02 3.572854457523443550e+00 3.066293562964554908e-01 -3.892274205718973534e-02
3.274817384670569709e-01 -1.058513858521284573e-01 3.689919235690131583e+00 3.515780425103809392e-01 -3.908821858686601508e-02
3.348178670395970391e-01 3.006599688153431191e-02 3.540550888925371176e+00 4.684096139896390398e-01 -7.254280555277511922e-02
3.043843748619171063e-01 -1.252946363822836917e-01 3.706077941520049102e+00 3.217319798932743447e-01 -4.117053792873867635e-02
2.895495360546705421e-01 -3.463703580982641639e-01 3.842382903020343576e+00 2.643333967913214511e-01 -3.715813986305133848e-02
3.145856168627693128e-01 -1.117564018543761306e-01 3.697082940377193871e+00 3.937335342680706174e-01 -9.121930724527686773e-02
3.187728605999490261e-01 5.738430964623009167e-04 3.544862793842156190e+00 3.430889787984665595e-01 -4.062940921028534991e-02
2.983343288530901360e-01 -2.390256475560514626e-01 3.749947908206733072e+00 2.817608439512631069e-01 -2.140872216853569043e-02
3.479590624892553996e-01 -1.262526168331754572e-01 3.747243848513680309e+00 3.539506319211996321e-01 -4.393010995973185145e-02
3.063239774918812830e-01 -1.689670115589540222e-01 3.688425581115657881e+00 2.825366081437720167e-01 -1.339554411112326739e-02
2.940431084198227851e-01 -2.087113037475238631e-01 3.791539006379481602e+00 2.242468680342304677e-01 1.738330877767465046e-02
2.814995823353003690e-01 -2.682180710049429373e-01 3.778669969307881793e+00 2.371476317391733868e-01 4.484992929151657148e-02
3.076809623439157870e-01 -2.000316658005232839e-01 3.727067141105241621e+00 2.881220208204564592e-01 4.767900474972788794e-02
2.998108300842060592e-01 -1.758550206234424929e-01 3.744573778880583514e+00 2.998223834221812600e-01 -2.835643942025085212e-02
2.922569097122570403e-01 -1.901199998993972629e-01 3.728425096855204401e+00 2.836025387132339315e-01 -2.594151564188712511e-03
3.195688510523781445e-01 -3.106968525846156570e-01 3.839455894150220150e+00 3.005571529933561137e-01 -2.129493996527737076e-02
3.164175261190873001e-01 -1.786172705268603556e-01 3.744048798358325492e+00 2.824585551353906432e-01 -4.310620540200368195e-02
2.790719243766297541e-01 -2.577194450280181348e-01 3.732994522437700802e+00 3.207687275851188180e-01 3.844897120171694715e-02
3.049547442891663018e-01 -1.491029956233348996e-01 3.721566067116059973e+00 3.347858235336879096e-01 -1.101335593837149580e-02
3.295828979166509631e-01 -4.067527034016082954e-02 3.668384140456440790e+00 4.207963344832010288e-01 -2.542548105363124505e-02
2.769128493690672932e-01 -3.432474819055434390e-01 3.815987259034378187e+00 1.875908184181730720e-01 -2.085961345958656232e-02
3.060126605024392488e-01 -2.660821997630643532e-01 3.755408119107983111e+00 2.553982483335175968e-01 1.230701546335238178e-02
3.067139828661422096e-01 -2.034347158128358424e-01 3.746864933720408963e+00 3.127717914389117060e-01 -4.733028143778154895e-02
3.194760209739635481e-01 -1.672738880913034187e-01 3.753832782685170955e+00 3.233155213989239996e-01 -2.594746535245530741e-02
3.113304787697393494e-01 -3.138765081003526691e-01 3.901229678922818245e+00 3.530314937007009157e-01 -3.106013436692529883e-02
2.944320127056335723e-01 -2.161841834092916859e-01 3.716070739265868283e+00 3.182467046445991987e-01 -4.959319322905277744e-02
3.253632867154199748e-01 -1.544448568743577721e-01 3.662846065490239056e+00 3.303814201658930028e-01 2.248836384861348237e-02
2.750178125890302416e-01 -1.589652288625107990e-01 3.694080055681316921e+00 2.859086702207770947e-01 1.056978512500175715e-02
2.968501632592378536e-01 -2.788961212932530853e-01 3.838854704016641861e+00 2.682042860787722249e-01 -6.807006277489761198e-03
2.790148203896667956e-01 -3.970223786570568625e-01 3.839642022748721129e+00 2.236671734678029322e-01 5.213081473933541335e-03
2.979838199807161581e-01 -2.710328948895278089e-01 3.735424628501996747e+00 2.686008221224974735e-01 2.589473775970397434e-02
3.108067302837219104e-01 -1.482954945121034429e-01 3.705796949366785498e+00 2.674366459242663585e-01 -4.271586289458505215e-02
3.099683346599774181e-01 -3.183097084592290682e-01 3.878475664047688287e+00 2.945725233636589113e-01 1.650042742374769472e-02
3.282904571271521021e-01 -5.155288572901359223e-02 3.640424931169163436e+00 3.211539691454765588e-01 -4.050848657528469121e-02
3.417723680829359845e-01 3.020412859198924604e-02 3.527958027849654066e+00 4.469553658976898602e-01 -2.948451122083247181e-02
3.103158239697725862e-01 -2.879215270146334715e-01 3.815603102795401380e+00 2.743520007891183110e-01 -3.090036985312736781e-02
3.179728752515179613e-01 -2.526474721461733908e-01 3.806482333458638401e+00 3.105323939521897336e-01 -4.972112904090277008e-02
3.266661035839174554e-01 -1.924760693835021463e-01 3.703598462999533769e+00 4.128921059192517395e-01 -2.341206753190587866e-02
3.371725265804103588e-01 1.636773944028718786e-02 3.561797360256178102e+00 3.693997122475264905e-01 -2.834322061078129590e-02
2.842597999556951138e-01 -3.483211289583359460e-01 3.873540865118999310e+00 1.773474813044877141e-01 3.617155789930232013e-02
2.987968386979816815e-01 -2.610881106684137531e-01 3.819542747310835651e+00 2.475697716906404833e-01 -1.776769397490930019e-02
2.839397078485060844e-01 -4.323343409370900559e-01 3.907046785779756615e+00 2.708010326262803025e-01 2.566227839883787262e-02
2.954144537032457052e-01 -3.060919401577222310e-01 3.858991065802217069e+00 2.362503124035561508e-01 -1.053045488421973375e-02
3.147348336095072141e-01 -1.001915745156639614e-01 3.688942112404195228e+00 3.613517562970138264e-01 -1.079928898557958733e-02
2.945536447699095284e-01 -2.573669162707059588e-01 3.750259573140470870e+00 2.672914060995288943e-01 -8.541420217063017822e-03
2.885355487415910414e-01 -2.642793343675590156e-01 3.816759139773546750e+00 2.626773626788001526e-01 -4.305355032342546295e-02
3.194521333459140466e-01 -1.373578036454322637e-01 3.742428698538310172e+00 3.638125813096803607e-01 -2.624615536873812702e-02
2.864016304478438357e-01 -4.780142246615979307e-01 3.956697928742874737e+00 2.578267804050685674e-01 1.886810033577074330e-02
3.390605878687303898e-01 8.119389068304300183e-02 3.535697388342338598e+00 3.981542710465618695e-01 -1.129313169220053648e-01
2.984351144201619066e-01 -2.414767630377931129e-01 3.834347323422989895e+00 2.540420988971056060e-01 -2.624810556312165075e-02
2.939709372868846149e-01 -3.218946852907196288e-01 3.876303204590910045e+00 3.027033123490904809e-01 -3.292949917931412007e-02
3.140321568241359884e-01 -2.361709514045814973e-01 3.742162352029044126e+00 2.820694064164267489e-01 -9.426569974609649155e-03
3.206106104841493498e-01 -2.295898931082809014e-01 3.751231482737577672e+00 2.971351199683171518e-01 -8.664990384678129820e-02
3.407664415345073028e-01 -1.230256525467166573e-01 3.720497523218330382e+00 3.279458813688128638e-01 -5.049329307979710108e-02
2.957985022656352547e-01 -2.392395346947553125e-01 3.815087516752441399e+00 2.401247645644496165e-01 -3.764203292007248930e-03
3.049554889918632550e-01 -7.269743605547446252e-02 3.657622392919017251e+00 3.800323199497159798e-01 -3.914029740022746673e-02
3.133730359439672042e-01 -2.479552755070976167e-01 3.876569202605876896e+00 2.705648312616282802e-01 -4.842891241071119179e-02
3.014323824866794732e-01 -1.842670516533166380e-01 3.741378121874863183e+00 2.679818128893598494e-01 -2.036253425518787935e-02
3.070889372194187672e-01 -2.360892941187344718e-01 3.761649012092315392e+00 2.756096815807339562e-01 -3.371401138082040505e-02
3.062227183541196274e-01 -3.064632355953200160e-01 3.856732217269509544e+00 1.936952710691414725e-01 -1.848891841162456778e-02
2.987676859029534948e-01 -2.179623545797705342e-01 3.711288526204089333e+00 2.843004386204424638e-01 1.211996175868222669e-02
3.231883315016727543e-01 -1.374954147788557679e-01 3.661323596629654897e+00 3.526709870241632183e-01 -5.114836964172055078e-02
2.855200751544680893e-01 -2.459458628159069682e-01 3.730125662564564237e+00 2.038992602157232159e-01 -6.399607655248923388e-02
3.398371337691158400e-01 -5.317799667925726670e-03 3.569919941921845474e+00 3.887441915670298287e-01 -5.721407829746338186e-02
3.398610242805692461e-01 -1.557254966378349703e-01 3.732328592228842723e+00 3.705284582672550564e-01 -2.058865140598634819e-02
3.015025322648950956e-01 -1.684295233227174338e-01 3.719049511661531415e+00 3.275887325716252962e-01 -7.459891923608104672e-03
3.163016430050437644e-01 -5.600217602980690074e-02 3.602778143605050776e+00 3.128839552802804014e-01 -2.106770599460336402e-04
3.062212679277340754e-01 -2.932184028002043363e-01 3.850273292290943505e+00 2.759170165296433996e-01 -1.941995121142573583e-02
3.332007895555286758e-01 -6.142233856125983715e-02 3.730034894275754631e+00 3.419126262634046287e-01 -4.753640637038832745e-02
3.591357950919844000e-01 1.515397605987462148e-01 3.465871781411270725e+00 3.666628999884539164e-01 -1.021774233709601132e-01
3.119875337600848675e-01 -3.672148646700783559e-01 3.853785365294269738e+00 2.682693657263655607e-01 1.716681086318479210e-02
3.433246776927001420e-01 -2.193856155628026716e-02 3.632358081374074565e+00 3.895008064773058942e-01 -7.396139286303952953e-02
3.016083487093239035e-01 -2.907400837983900033e-01 3.813957547949089033e+00 3.012617370923945104e-01 4.436645213438068780e-03
3.012125524838521473e-01 -3.820321603947157141e-01 3.875498177959525226e+00 2.663760618315516027e-01 -1.532526485906735708e-02
3.156291951463498502e-01 -9.284420802744690338e-02 3.648158019164168042e+00 2.895046371519882644e-01 -4.538569236190632961e-02
2.875575897138406001e-01 -2.604873735149854097e-01 3.846444552833763630e+00 2.194037911611039504e-01 -4.610462851533347201e-02
3.276416626664374054e-01 -3.357226172466308556e-02 3.608692070161717336e+00 3.630115408930557064e-01 -4.483661323303556739e-02
3.322968744875411384e-01 -1.633278303780216212e-01 3.764272455420725638e+00 3.209018591729340120e-01 -3.800964688193744084e-02
3.127537020083924757e-01 -1.748103803265692036e-01 3.684330795140619674e+00 3.352994031416006715e-01 7.515306865424981053e-03
3.467605609612887663e-01 2.748145736429766228e-02 3.582515119161929995e+00 3.820860988304964900e-01 -5.926849197549904219e-02
2.734005471563120682e-01 -4.264548185612530018e-01 3.898495817545553521e+00 1.845360592533640265e-01 3.690926897044545518e-02
3.077173854739803094e-01 -1.079816312946030171e-01 3.667396528975139791e+00 3.444334868115094817e-01 -1.545523133302222768e-02
3.046031534981568645e-01 -1.041097463422491626e-01 3.706804827786593481e+00 3.437538475829525209e-01 -4.850834977293096151e-02
3.661434520164123518e-01 5.863870228227392734e-02 3.572822480926968414e+00 4.426986459221377013e-01 -9.281931824028927247e-02
3.317839696055507326e-01 -7.423655270020977637e-02 3.680167134703133947e+00 3.744424813893058590e-01 -5.033988235325335264e-02
3.381668303444274604e-01 -2.789836912277980363e-01 3.857174506288682192e+00 2.517901538562730135e-01 -4.142622720736062469e-02
3.336089286609811300e-01 -5.905819660675125371e-02 3.654460760118843243e+00 3.368977234430042822e-01 -4.737075026457854277e-02
2.860519615840383945e-01 -3.594383420126560647e-01 3.897574407995857637e+00 1.824386624315318117e-01 4.938964428955611163e-05
3.134410089033762281e-01 -2.361097099596065896e-01 3.757324082628527240e+00 2.425444873944064827e-01 -1.337040596622658672e-02
2.731726773545356535e-01 -3.468514033187484191e-01 3.808221473732371187e+00 2.737344710093109201e-01 3.356643815515019530e-03
3.431359773857909912e-01 5.240221258629180340e-02 3.574859776532095523e+00 3.916519847918990549e-01 -7.252849624120083494e-02
2.936486866758462599e-01 -3.622420931921658260e-01 3.871265943919402375e+00 2.421790976369058157e-01 6.885426982579203811e-03
3.372259795820527484e-01 -1.831174988325719455e-01 3.750748743953467468e+00 3.258291850594035033e-01 -6.584338045065218914e-02
3.127869251462774280e-01 -3.030741165460995035e-01 3.892640350598528087e+00 3.258494215518543125e-01 -2.936183598433660114e-02
2.979704355059344945e-01 -2.471349114816309978e-01 3.774180023631365177e+00 3.352766432078943537e-01 8.681066526357047661e-03
2.851000671835959288e-01 -2.348286101082100452e-01 3.758855860093833989e+00 3.252828373553097729e-01 1.572059444066718770e-02
3.019549170002446270e-01 -2.625071719084774990e-01 3.778097339112445052e+00 2.967013229065345037e-01 -2.049591479751135606e-02
3.235820054635618614e-01 -1.401785233403564368e-01 3.692788221863889220e+00 3.353093776435611684e-01 2.522152617089878923e-04
2.971148408404551411e-01 -2.722099939901452270e-01 3.806091906467265584e+00 3.123354317126309510e-01 -3.834206933928451660e-03
3.146542680890740962e-01 -1.708622247669203120e-01 3.774271352212536179e+00 3.489855284271773939e-01 -3.847568647948466924e-02
3.074099437114605760e-01 -9.674547189661368563e-03 3.560924203381491626e+00 3.171292378298607439e-01 -1.671391771758937161e-02
3.088182241827204244e-01 -1.710294627394375877e-01 3.773789206334635438e+00 3.326031007669748574e-01 -2.826544702087040520e-02
3.135510765570651004e-01 -2.158737530069798349e-01 3.755958482537567367e+00 3.446612733497432246e-01 -4.759028214535088175e-02
3.141205343864034161e-01 2.977778567107167151e-03 3.543374420363252231e+00 3.893775390956555893e-01 1.686987161788579270e-02
3.230800633105118114e-01 -9.565628091278491341e-02 3.668379892358557548e+00 3.719159346819795875e-01 -1.230922167914965878e-02
3.191373397654015953e-01 -8.721763343448016292e-02 3.642225581155803305e+00 2.633270993085883305e-01 -2.050053357119555053e-02
3.164600200350463077e-01 -8.837915774887988851e-02 3.663940394964849911e+00 3.110281773427229224e-01 -1.656069912510242312e-03
3.061028739786238462e-01 -2.929789783308109907e-01 3.783398337681151968e+00 2.931449011757386591e-01 -4.290216460203566395e-02
3.140247673223727221e-01 -1.215741229304002635e-01 3.711106837180024431e+00 3.530169475257688427e-01 -5.510193358212059009e-03
3.047572229673751187e-01 -8.998977116150903843e-02 3.677695999571894525e+00 3.549803346765585399e-01 -2.156798244674845710e-02
3.226167231434408089e-01 -5.830973928008718887e-02 3.660294823143993348e+00 2.844730308564237253e-01 -5.348928379185441395e-02
3.098944070604117695e-01 -1.838132525728253530e-01 3.740551158757378314e+00 3.180712221378781401e-01 -1.762136853065081332e-02
2.815642017432020694e-01 -2.109495597726056548e-01 3.748236723268361992e+00 2.308830826038580641e-01 -3.355303727621856275e-02
3.490572329308989086e-01 4.141344913173333753e-03 3.600595469970910845e+00 3.469119977455898396e-01 -6.422425378809383523e-02
3.324665283163745766e-01 -1.410152813859633647e-01 3.759489900992921019e+00 2.921328414588334477e-01 -2.125734661519224772e-02
3.175716024521650915e-01 -1.408599085749315805e-01 3.728785396448599965e+00 3.834591555312545919e-01 -6.135134774722800222e-03
2.975269570577961376e-01 -3.198087604851381771e-01 3.829715829810623084e+00 1.914192245502284728e-01 5.052347385545843950e-02
3.189655381412807023e-01 -3.792114577140826004e-01 3.897698021077726782e+00 2.116610700994721872e-01 3.338826331013448889e-03
3.161497815124788002e-01 -1.592602057734866516e-01 3.706181238931219646e+00 3.284892392145075668e-01 -2.816667979680596151e-02
3.198755678955921278e-01 -2.105296596361282691e-01 3.766411527377074187e+00 2.962315820032079272e-01 1.855096060363279134e-02
3.082444378820163866e-01 -1.168697863576609319e-01 3.652554538091583147e+00 2.626151015181349968e-01 -4.555172407425078784e-02
3.105332295438447687e-01 -1.825787390343278083e-01 3.731464685080815968e+00 3.075361199060533957e-01 -4.906228418630084048e-02
3.034786027302162625e-01 -1.338157970154035814e-01 3.707590146803784403e+00 2.921322526078938830e-01 4.765889241898156603e-03
3.105868529783737952e-01 -1.084633870668613442e-01 3.670605522831480005e+00 2.920604287153831802e-01 -4.081061669220178295e-02
3.108254607823535132e-01 -2.743778952174258379e-01 3.813054597685075819e+00 2.478569883909814142e-01 -2.398923855901144778e-02
2.851785454881376469e-01 -1.968843304221269963e-01 3.712766141734312075e+00 2.961575824477916674e-01 -4.137985185581736884e-03
3.206199955273221769e-01 -1.470729306312421880e-01 3.755226673241860436e+00 3.728611498545636449e-01 -2.851631330107862877e-02
3.003155608777808294e-01 -3.164438321356683459e-01 3.800618882403373533e+00 3.019570907699847262e-01 -7.815121557246194894e-03
3.039922786228773099e-01 -3.125995417857262981e-01 3.820319102209158046e+00 2.483331194066636383e-01 -5.668280398060030617e-03
3.252928306050279494e-01 -2.956581526122395998e-01 3.824214650693793960e+00 3.254228786071005630e-01 -5.214613602532738174e-02
3.007737567252822264e-01 -1.826392274599114851e-01 3.751454892760875737e+00 3.588744188721515460e-01 -1.502723373964277853e-02
2.986330804687128970e-01 -3.333625637321113722e-01 3.777634490193011452e+00 2.423978418745364460e-01 -2.041644340059013338e-02
3.474740875120881922e-01 -3.108450404145370050e-02 3.673240208050067679e+00 3.217649037398230272e-01 -9.140834273703886403e-02
3.027747214177063384e-01 -2.793132088931918333e-01 3.796856149618962117e+00 3.244488484675491780e-01 -4.402680943901496335e-02
3.070524748038488960e-01 -2.961760857329834296e-01 3.807808065047963986e+00 2.823961246946158354e-01 -2.762733456243277735e-02
2.753153672079443059e-01 -3.754622760055602582e-01 3.848397730145951101e+00 2.110144858334414009e-01 6.323566228635382758e-02
3.150530753608861145e-01 -3.175453913424579055e-01 3.826449464800846023e+00 2.809622453484389992e-01 2.549311289564888325e-02
3.182034433074696356e-01 -2.378121056288841628e-01 3.790384856181226336e+00 3.006673429131753172e-01 -5.855852894588450819e-02
3.036672127071656790e-01 -2.399665862735990696e-01 3.710595246912115286e+00 2.956399590548570155e-01 5.994334819196879202e-03
2.959314875806117184e-01 -1.953558299599417736e-01 3.693774408942489984e+00 2.897435861628730458e-01 1.259456994943081859e-03
3.180159919747501673e-01 -2.940971297189458600e-01 3.800576271504649384e+00 3.144086996325332062e-01 -1.402999055332016312e-02
3.118825373252230859e-01 -2.306927265380218639e-01 3.767541988894322902e+00 3.176389545294351913e-01 -1.560577950222793303e-02
3.191375482884665771e-01 3.789066695520971334e-02 3.539915677621422230e+00 4.157687104499400155e-01 -4.793838065561471795e-02
3.222604105050757561e-01 -1.601618157114675089e-01 3.737234813722360993e+00 3.206870423659649583e-01 -9.473908309254357174e-02
2.880705655644684726e-01 -2.284692262747224645e-01 3.732618865843631006e+00 2.536808847190145655e-01 -4.070649639395043651e-02
3.685315940792304734e-01 -1.044672537075289620e-01 3.761311115912240766e+00 4.290993740686197544e-01 -8.523695540310081975e-02
3.134008821071589956e-01 1.522488333943127492e-01 3.414505383044634801e+00 4.545049093358650150e-01 -5.599022476104923568e-02
3.129027445559143805e-01 -1.026115677729139003e-01 3.682318581624897114e+00 3.406924530721260336e-01 -5.721852984860549551e-02
3.156903106679569970e-01 -1.466745620736246147e-01 3.685882312104361347e+00 3.094140247973571345e-01 -1.898281388843486850e-02
2.965433462003180809e-01 -2.631735935384407199e-01 3.784203861405032843e+00 2.694837645051004205e-01 2.447147878698375384e-02
3.164831488818464766e-01 -2.429068740318761632e-01 3.745551702053568910e+00 2.560538558573973722e-01 -9.069404352446311379e-03
2.613137924102314491e-01 -4.180253751752003866e-01 3.861500918050018605e+00 1.894194245527348330e-01 4.057724973633405896e-02
3.179527765048063559e-01 -1.816453667497347491e-01 3.719949449914313089e+00 3.194627021475332507e-01 -2.294198672435000808e-02
3.334442741046076963e-01 1.383559580307359982e-02 3.576398740268833532e+00 3.493496817890947015e-01 -2.492660013947045616e-02
2.830589166448901906e-01 -3.463575803490284155e-01 3.807612982571861870e+00 2.064515744341569869e-01 -2.146186717067346400e-02
2.973279220779409537e-01 -3.239315717101666214e-01 3.812909793750632659e+00 1.805140483939032259e-01 1.863908192555247673e-02
3.012356782593451632e-01 -1.990452400641965491e-01 3.712230301820023115e+00 3.030040776138552827e-01 2.108598980864806113e-02
3.510406084915787539e-01 8.477969458562786831e-03 3.578058738124478388e+00 3.938851830251389741e-01 -3.887139824266515331e-02
3.189932134115118223e-01 -1.393830442582368045e-02 3.546281133035412481e+00 3.270571413540984684e-01 -3.006511015405123610e-02
2.932618606450195231e-01 -3.131507603783522109e-01 3.816989317083567368e+00 2.446736827956332017e-01 1.613555401315452248e-02
3.031681237752146818e-01 -2.949867342044488749e-01 3.852652672240561404e+00 2.537428850081535625e-01 -4.806178643313946744e-03
2.754103353287410960e-01 -2.573922742296318456e-01 3.738320652965114288e+00 2.344032431945052841e-01 9.548866436569188390e-03
2.963038762404164861e-01 -2.082824149687946269e-01 3.794185858726189853e+00 2.171495224516844513e-01 -1.006143431708955704e-02
3.203774546301962345e-01 -7.539737600979760923e-02 3.618127244113807262e+00 4.026168040917738056e-01 -2.058788285348406299e-02
3.344634299369285690e-01 -1.594339679033650869e-01 3.823197272935002999e+00 3.442402550446334031e-01 -6.162076352878772395e-02
2.921420983912483837e-01 -3.186535779369924493e-01 3.791972856580203111e+00 2.058595470298281715e-01 2.898346681925768886e-02
3.088530111436791903e-01 -1.763698244115441682e-01 3.683981039795959589e+00 2.950917163379699892e-01 -4.929418017618171499e-02
2.893762127769463621e-01 -2.902139698643790844e-01 3.799345954916632628e+00 2.770871136976452709e-01 -4.189378522226588908e-03
2.961381435263705786e-01 -2.404714537381493211e-01 3.751984472747607935e+00 2.213410528726136028e-01 -4.298059902271091082e-03
3.275192233473868675e-01 -2.662396400662940810e-01 3.766233981503031458e+00 2.091781084678771829e-01 2.263555541045356861e-02
2.903138564239276520e-01 -3.215170735140769898e-01 3.820102212389564045e+00 2.720533086639824738e-01 7.619703703686134776e-03
3.066467407816860224e-01 -1.759696668627924176e-01 3.693618454465875001e+00 2.951698175790672951e-01 9.826865534553809803e-03
3.131063346927042135e-01 -1.793510105504943775e-01 3.715562213496917732e+00 3.048854846483872727e-01 -3.968778091533867181e-02
3.187374914398898307e-01 -2.283880116317613118e-01 3.792537856239942773e+00 3.873533285887564293e-01 -2.727151025601369516e-02
2.788432480101614153e-01 -3.700321231455129256e-01 3.865624473404886796e+00 2.105706029438929039e-01 -2.318916194794499661e-02
3.382784245592494465e-01 -1.945514975181427964e-01 3.814006331792882509e+00 3.108529597226137864e-01 -2.604414892330825931e-02
3.213574669912638293e-01 -9.931454666677408394e-02 3.705391996347827899e+00 2.986526407574509601e-01 -3.440567741534623220e-02
3.002747819385748751e-01 -2.991512996089356058e-01 3.852877536034200467e+00 2.629615660549555756e-01 3.252296943464441648e-02
3.283919375557459719e-01 -6.743145467198488618e-02 3.676837972442915436e+00 4.167648555415341960e-01 -7.297009047150204708e-02
2.991115698333000061e-01 -4.017972698815438504e-01 3.926035948484606131e+00 1.649223974416220984e-01 -2.293431579406122328e-03
3.003373334470811895e-01 -2.796432594609165045e-01 3.865822700838262183e+00 3.574963178082997128e-01 -8.085460062667601533e-02
3.267333103329195798e-01 -1.222822424589984081e-01 3.649725790797314851e+00 2.808787351905187579e-01 -5.470899120975402513e-02
3.069882401633590718e-01 -1.879323730423197447e-01 3.763740950515376049e+00 3.288135189609986964e-01 -2.155549116508239521e-02
3.251256246584779408e-01 2.713342076860165465e-03 3.568150720192682979e+00 4.045215126885610135e-01 -3.102814209911093635e-02
2.753582548358313731e-01 -3.616459426673427346e-01 3.821950877225297027e+00 1.964690683208114019e-01 7.928853140947270811e-03
3.129089821916606340e-01 -3.108049554306548945e-01 3.793337147540592369e+00 2.973416027386696636e-01 -3.232572170523058744e-03
3.289422306768960969e-01 -6.540530513879788677e-03 3.577439352822896712e+00 3.880330045131697991e-01 -7.786769119550185358e-02
3.025245803131321187e-01 -3.238360797394748136e-01 3.833254573288922273e+00 2.262951864891535880e-01 -3.579509128358273479e-02
2.903753237010046617e-01 -2.001305732647282176e-01 3.748935477381109660e+00 2.447040233100147288e-01 2.847331872842511630e-03
3.294717826056585142e-01 -1.430623528305116077e-01 3.689610943233860851e+00 3.427681423225232837e-01 -3.386580662684577497e-02
3.089238974030186213e-01 -1.023037224960317570e-01 3.704560878665469570e+00 3.498037092594894482e-01 -2.225716601418247301e-02
3.199090584098515655e-01 -1.646704696089037745e-01 3.718387528947053600e+00 3.422745532857109363e-01 -2.061478103719549190e-02
2.882272547110079630e-01 -3.579858263599788870e-01 3.882039043088601815e+00 2.022741921540764098e-01 -7.319171693835342662e-03
3.378496669796948182e-01 -5.421525227809177727e-02 3.570080468626696035e+00 3.123866240738845113e-01 7.803284854374463279e-03
3.301491446978450650e-01 5.034618177660041272e-02 3.524537055304140853e+00 3.848783357064969324e-01 -5.811146484673281737e-02
3.217592998416287653e-01 -1.236555477546144310e-01 3.697358196895094373e+00 3.395626673067497214e-01 -3.577342873921593447e-02
3.195151238842726116e-01 -2.599271954694940545e-01 3.772006618732327343e+00 2.476677947198994700e-01 6.417024778726132528e-03
2.918701607210087978e-01 -3.212425861372757985e-01 3.828164500079688004e+00 2.158497589737959632e-01 5.486377244897810285e-02
3.196451719087751719e-01 -8.235535677273318755e-02 3.624038657689943488e+00 3.763505465200914779e-01 -4.249466595980458394e-02
3.568541512573647490e-01 8.949506810635649012e-02 3.555332637947815400e+00 4.499320670721173587e-01 -1.036410749573891399e-01
3.160578905320129972e-01 -2.231714334493829777e-01 3.816016391956718490e+00 2.547170315529257989e-01 -3.443925043060740154e-02
3.017810586941790385e-01 -2.622772092426467472e-01 3.712006102773924621e+00 2.629824668224464146e-01 -2.018029414288521201e-03
3.031118762528183241e-01 -2.867584099279124610e-01 3.820550342861282367e+00 2.766478397782838883e-01 -5.469099290536066915e-02
3.188198287507833517e-01 -3.641294785856259431e-01 3.887581931859948714e+00 2.622066181300447552e-01 7.846727996145934358e-03
3.062084742893154687e-01 -1.064422229365078187e-01 3.667337305400187208e+00 3.164016292924293761e-01 -3.299724142988912090e-02
3.223477316601724429e-01 -1.053595932718767447e-01 3.678543414927171629e+00 2.811195243695443491e-01 -3.346669694768740488e-02
2.870400012841211046e-01 -2.989457635881871966e-01 3.792901218842332778e+00 2.695349819715708861e-01 -6.373108021815156177e-03
2.969018092710482004e-01 -3.869679507818029607e-01 3.908258387846123671e+00 2.665256903961396584e-01 -4.249125492481646560e-02
3.261620526132652520e-01 -7.772005089157446589e-02 3.598135406073931897e+00 3.050133078834385558e-01 -1.937269177700666478e-02
3.006338723954938286e-01 -2.341928167185134968e-01 3.776029493755424848e+00 2.856248018333755745e-01 -6.835684900111829547e-03
3.134856494599950749e-01 -2.029102377489501174e-01 3.774073935164942828e+00 2.380571597526308092e-01 -2.095171788669133311e-02
3.018680398378950636e-01 -3.735815887798234480e-01 3.855188948308128083e+00 2.998497820244321321e-01 3.858673821543746191e-03
3.047938390274094189e-01 -2.316673549910368002e-01 3.707595605018238594e+00 2.976151152588477622e-01 1.806706370949112336e-02
3.194571040308240573e-01 -1.630214972833254616e-01 3.691450271253517545e+00 3.022247254440252884e-01 1.055607867661654403e-02
3.079819458150647171e-01 -2.372293568159822841e-01 3.792280628434564260e+00 3.054560012483852893e-01 -9.397038867170906529e-02
2.865637769374837496e-01 -2.716862794512072132e-01 3.743561394512851859e+00 2.745350332659787229e-01 6.919799586672104041e-04
2.875270540537354091e-01 -2.822415823682233871e-01 3.773099794623190117e+00 2.869104503733758693e-01 1.282121200760944282e-02
3.184322006131289906e-01 -1.247346028466733425e-01 3.670574819896194274e+00 3.028079898790516089e-01 -4.216837568129461200e-02
2.868985430260083680e-01 -3.629925507107648053e-01 3.922406890696371384e+00 2.729112747285858953e-01 -1.132780964986984662e-02
3.179332519968924853e-01 -7.860348518702001130e-02 3.670975782049877179e+00 3.805380247956725581e-01 -5.065204658432975737e-02
3.016063428063555096e-01 -3.714571463741110913e-01 3.959344067608364437e+00 3.140366813450888306e-01 -1.935031568634855426e-02
2.894585779769113243e-01 -1.285562058290539156e-01 3.655415618687579027e+00 2.820112552561920838e-01 -4.783888401038792482e-03
3.221627412827441916e-01 -1.508478636809207907e-01 3.676135021847374951e+00 2.920066641638507376e-01 -3.101396607370221839e-02
3.242942618527097087e-01 4.824274092471186881e-03 3.550239986691944960e+00 3.394266643361008029e-01 -2.189707905726503284e-02
3.192256359628814488e-01 -1.842616659096960041e-02 3.639588711003505228e+00 3.128451837403350977e-01 -4.546741515439501474e-02
3.088701786766490098e-01 -2.779634032467083737e-01 3.839442215018311622e+00 3.274833484181389198e-01 -2.381960471292541431e-02
3.309925965687203764e-01 -2.601439651166098099e-01 3.786740965127614711e+00 3.022859559618419345e-01 -1.491185753502794267e-02
2.941229940436529411e-01 -2.542250436365216526e-01 3.784345701812990459e+00 2.527323984607379170e-01 -3.973768853825533631e-04
3.291704702627116230e-01 -1.091651667559278699e-01 3.698645588318164368e+00 3.402679245706988209e-01 2.282668791014366011e-02
3.369788188797295803e-01 7.219686192947404046e-03 3.591088934260759924e+00 3.956816005755401933e-01 -7.214065938546480872e-02
2.975494559974605213e-01 -2.979470629730661679e-01 3.757527081287296067e+00 3.281775214509843330e-01 -1.565399981556358719e-02
2.922416321931775030e-01 -3.957026123710922216e-01 3.957283677198320415e+00 2.007345859402109578e-01 5.046823110499792236e-03
2.865785782731319897e-01 -3.742855287055941726e-01 3.925622946843860817e+00 1.950895282438684375e-01 9.368167780074355966e-03
3.321178002113888694e-01 -1.266248649419246530e-01 3.690114056478680293e+00 3.675603208774385067e-01 -3.232781004740842984e-02
3.087385531344730150e-01 -1.171053655649216818e-01 3.725115479259792917e+00 3.303749184438725672e-01 -5.609316051585712393e-02
2.987099033389056801e-01 -3.182537657885983196e-01 3.846398367147093822e+00 2.235551205307545752e-01 -1.802781417130226022e-02
3.061096962290558721e-01 -2.116840414559300332e-01 3.786069032338774232e+00 3.248788033879608794e-01 1.693343228195363231e-02
3.034304265631722619e-01 -2.571279725284758566e-01 3.767544921183268336e+00 3.158729718622144134e-01 -1.496308192307649679e-02
3.413851536331430903e-01 -4.875189180646874454e-02 3.623971029152414314e+00 3.578122613462060841e-01 -5.891032835389126143e-02
3.131112849170086254e-01 -1.770440876278845665e-01 3.723346918649812043e+00 3.796261175986094250e-01 -2.148833905995756882e-03
3.497394561660052692e-01 1.129037469601852223e-01 3.471731519631071183e+00 4.351768899784764777e-01 -4.320398699469146786e-02
3.367546254839565156e-01 -5.387398168473384041e-02 3.644214542691204706e+00 3.542660293668496441e-01 -7.956788127893134333e-02
3.091675777643134726e-01 -2.238135579073080028e-01 3.792799592458280245e+00 3.413243061692645686e-01 -1.763169021498485478e-02
3.146365518232723257e-01 -1.232762027299910690e-02 3.627617449415811546e+00 3.157923264857777079e-01 -4.245591632768992013e-02
3.087172366945684088e-01 -1.444018048747106875e-01 3.746539676326253065e+00 3.174378071994942707e-01 -8.893478424802845478e-03
3.392180961136773698e-01 -2.369217324919084822e-01 3.834919792888115353e+00 3.999633385972317101e-01 -2.554049930242266800e-02
3.094861775072166865e-01 -1.616370451916953888e-01 3.679677370793366098e+00 3.274402104931657953e-01 1.236627798172344750e-03
2.982248244129615533e-01 -2.868928190612574647e-01 3.827371650142425086e+00 2.218902775660156201e-01 -3.807836552670216396e-02
3.036239663136881539e-01 -3.446811339072008984e-01 3.881921906908149200e+00 2.976055919363267410e-01 -1.366209898167534097e-02
2.715237381676439687e-01 -4.655436190822374032e-01 4.007448641440991999e+00 1.732555888243728637e-01 1.125568175145679611e-02
2.924909939043143225e-01 -4.589201972673916385e-01 3.966264867419080797e+00 2.025772260882413023e-01 2.484831242727425157e-02
3.176354011873823713e-01 -2.922894604708628497e-01 3.840118997135646417e+00 2.600812469340181843e-01 -1.833098276924831696e-02
2.828874804648138785e-01 -3.698369028375484424e-01 3.869658852797931203e+00 2.240079038939437606e-01 3.465373411198876402e-02
2.961850295678078449e-01 -2.715790658920671508e-01 3.776875124103665993e+00 2.319343123895633851e-01 -2.717696528259240518e-03
2.916866811988986785e-01 -2.770638148797471834e-01 3.816046640760938136e+00 2.951015005057354701e-01 -1.252535174798855011e-02
3.057631050292215491e-01 -2.784533447408850115e-01 3.802182814377669473e+00 2.355789242701250008e-01 -2.360301388215429660e-02
3.402225196345237124e-01 9.209031829436892247e-02 3.520253634597179548e+00 3.739287591075757811e-01 -6.263802308512073092e-02
2.994527724672939040e-01 -3.111081629595869869e-01 3.830012266650648201e+00 2.554955473553416345e-01 2.674290708376332940e-02
2.838756851197299369e-01 -3.478181422952186796e-01 3.777854117935353528e+00 1.538782717818976131e-01 1.803611752683859093e-02
3.037571096569107176e-01 -3.206130858751684576e-01 3.834487181787463950e+00 2.433328336909992839e-01 3.472420796596507875e-03
3.475328684422896997e-01 -1.971211990197381525e-01 3.727781515365315990e+00 3.536343466251934964e-01 -1.826870003481666227e-02
2.951780517581603092e-01 -4.079748117152126596e-01 3.891691263268139078e+00 2.367567085824928697e-01 1.895946228536279574e-02
2.913181557020524948e-01 -4.078350605809433205e-01 3.877096034227078380e+00 2.475491094095700340e-01 -1.246019424395994595e-03
2.912221020669623073e-01 -3.581097479941711681e-01 3.854475744776405310e+00 2.271034459790489124e-01 2.227283646693688224e-02
3.078069108454166702e-01 -1.595136498358953325e-01 3.685072137113234447e+00 3.453806374970490034e-01 -8.475938400069385481e-02
2.740086585934241037e-01 -3.378733030539192717e-01 3.819140405343276257e+00 1.945641220004691307e-01 9.386042993637537524e-03
3.119663035183069533e-01 -1.875842839208535229e-01 3.723594730530798813e+00 2.629533914457368171e-01 -9.674105824357959182e-03
3.532463618719440812e-01 1.353229714171708120e-02 3.652009226355384275e+00 4.449015994130290919e-01 -8.570702334128868505e-02
3.042729005542563203e-01 -1.162585116362868792e-01 3.698455456462311997e+00 2.249756500164544204e-01 -1.914460229434290783e-02
3.295180228400528266e-01 -2.059430453292050711e-01 3.786504470570817293e+00 3.514962759631196643e-01 -5.009709175638964868e-02
2.849157540994266546e-01 -3.293632915578215137e-01 3.883245294360287758e+00 2.839606470961258400e-01 2.240529939113984625e-02
3.488837889451389396e-01 -5.144720223859483577e-02 3.681699949743078903e+00 3.182134726312609296e-01 -8.287957687451616429e-02
3.090892194805714976e-01 -5.588993666733738097e-04 3.592103654579155148e+00 3.508443155904364952e-01 -5.434626352425557527e-02
3.251026431903160097e-01 -2.315696929143704064e-01 3.780786558237059225e+00 3.476854816194328568e-01 -2.809608583571246432e-02
3.030914426936906492e-01 -1.775681772264670055e-01 3.749447532755547652e+00 2.602640800384684594e-01 -5.818888303666663875e-02
2.888882516690213231e-01 -2.589278648618671963e-01 3.749841310835720254e+00 2.812571782631616002e-01 3.467653218176321162e-02
3.018082078644087618e-01 -2.017191687824524404e-01 3.749618782819379881e+00 2.534895374131094226e-01 1.666533093491103304e-03
3.301808488981924916e-01 -6.546366370047643213e-02 3.609401131188167078e+00 3.073153394323430709e-01 -1.875021303936228942e-02
2.742517881611299391e-01 -3.429823902303570926e-01 3.849208475636637594e+00 2.718267295153508067e-01 -1.307746502132333365e-02
3.092995149723669623e-01 -1.785357508346621380e-01 3.728628606340277152e+00 2.479732918736626823e-01 -4.698205411915101076e-02
2.980002228998972491e-01 -3.233139193800604327e-01 3.849142823023217641e+00 2.125740083573132988e-01 -2.973682093086139205e-02
3.074671022944829302e-01 -3.072791328786503295e-01 3.785149532708066200e+00 2.308964719798872189e-01 1.042081232445735313e-02
3.076475434339365767e-01 -3.155263177360568827e-01 3.831698513727653577e+00 2.045385920972149774e-01 -4.628413663252676363e-03
2.901713118755201437e-01 -4.382836095952401534e-01 3.936371233582021123e+00 2.334467458003181006e-01 -6.577053425259845806e-03
3.009316766321630809e-01 -2.559676563506704250e-01 3.746072910121670319e+00 2.328210547172843981e-01 2.284197994474663346e-02
3.289998493610987174e-01 -1.395523697524667095e-02 3.574418166605329628e+00 2.492066741027788579e-01 -6.105911498213327515e-02
3.173184874131570465e-01 -1.217495103564846248e-01 3.722958785685821947e+00 3.234523834939694864e-01 -6.371228500993590671e-02
2.750844508749932249e-01 -3.864506889334167195e-01 3.836551533306731709e+00 1.555270228531703824e-01 8.434895029380551357e-04
3.113694858950371569e-01 -1.474345372749814032e-01 3.702517793601981744e+00 3.682529682374457991e-01 -2.363030822371834858e-02
3.827500776337565136e-01 8.338055678367814472e-02 3.602563180521105135e+00 4.469478465573110681e-01 -5.439564999582110344e-02
2.902820967540100661e-01 -2.490093909146342543e-01 3.770122931701917590e+00 2.202292654806379535e-01 -1.804252621783210275e-02
3.244309212026712519e-01 -1.178161303875602250e-01 3.641720095140612568e+00 4.529625528682025282e-01 2.555794506911169411e-02
3.015216786229229506e-01 -3.329242293703683631e-01 3.909767252007466887e+00 2.305009688881303476e-01 2.768544112038904409e-02
2.615668114146834644e-01 -3.240950411601307701e-01 3.820799646603619593e+00 1.866873306915980968e-01 2.050060188908582257e-02
3.275853825960987065e-01 -1.426099363534637232e-02 3.658010287790022907e+00 3.320578296921811168e-01 -7.141966662600773841e-02
3.139392712496185123e-01 -1.297862993117096797e-01 3.742807922176830449e+00 2.982291289070425067e-01 -2.902389961457441103e-02
3.347328165013984669e-01 -7.689443191496735108e-02 3.630871553213796954e+00 3.569928105916208572e-01 -2.332306371743212564e-02
2.701294422670811324e-01 -3.130576018856930931e-01 3.795253669064317492e+00 2.403060942846741987e-01 3.564039389871712094e-02
3.280145266386785829e-01 2.533659932870160891e-02 3.546138840156478178e+00 3.990684565592876876e-01 -2.220682470145735055e-02
3.009365225198606386e-01 -2.586834737874076917e-01 3.825279478149215429e+00 2.156950651467754443e-01 -2.978366212660132906e-02
3.203025774252128421e-01 -4.698005600924146097e-02 3.588983459875949578e+00 3.410877368460167869e-01 -9.864070428187602518e-03
3.038965238748227438e-01 -1.532704261413563307e-01 3.713868763137269102e+00 3.078723320283073273e-01 -9.906887058931505147e-03
2.719747263374581725e-01 -4.104935458607884002e-01 3.911857050197409258e+00 2.481910024292323658e-01 -4.709459195727749153e-03
3.311127560594875896e-01 -1.003933799110541258e-01 3.701909109224601035e+00 3.628581877626240182e-01 -1.930224570785377125e-02
3.026383946735022867e-01 -1.026184358844895450e-01 3.659849041000033054e+00 3.030715785169224574e-01 -2.488470093369962374e-02
3.023020872702547046e-01 -2.208135032899649075e-01 3.797757954531229885e+00 3.293304974338497337e-01 -6.071481706344884072e-02
3.188257972058189393e-01 -8.423732314620907546e-02 3.644950279801644211e+00 3.142151187807332713e-01 -8.721143203616193995e-03
3.133952658787766410e-01 -1.813057169694261006e-01 3.771124675305371543e+00 3.381997926627707263e-01 -8.955608842960391391e-02
3.042209177529927033e-01 -1.149550191510265024e-01 3.674307193045175168e+00 3.013216972615064271e-01 -3.238645517273611163e-02
2.991096887028534268e-01 -3.331812451395074759e-01 3.844509853858493198e+00 2.473961912438327748e-01 -2.242680207446952345e-03
3.006128926985090488e-01 -2.763618522258648458e-01 3.818414895482739269e+00 2.187014457215751273e-01 -3.625176005620551339e-02
2.803435322352657022e-01 -2.499345165456352269e-01 3.776263813594741503e+00 3.184687159238488441e-01 6.044222563993921493e-02
3.393959434184614099e-01 -1.255940851435602412e-02 3.574741554357274698e+00 3.686337998833920104e-01 -2.632034705821127002e-02
3.207311430751344505e-01 -2.375328175055756441e-01 3.748538174312942672e+00 2.398049219981746305e-01 -1.801374318104150343e-03
2.826682620711885585e-01 -2.709723173655987916e-01 3.799954271722804755e+00 2.395327673222300835e-01 -2.458190194747287161e-03
3.224211646662427100e-01 -1.980121839165630837e-01 3.813945813836686405e+00 3.432528940069138335e-01 -9.086442705927960661e-02
2.926242182756275678e-01 -3.449901651968547700e-01 3.859967593731272739e+00 1.909722711086447866e-01 2.554135669950084730e-02
2.967549056283333986e-01 -3.045440101323941828e-01 3.850595402463561800e+00 3.004612097724130848e-01 -2.007116883448302469e-02
3.121531658088076422e-01 -1.990408241484726837e-01 3.752697180330013094e+00 2.533219364095615767e-01 -3.096956006431601099e-02
2.975828482672259190e-01 -2.992586076604453194e-01 3.833772258855034920e+00 2.914480195354398617e-01 -3.122206858731711721e-02
3.194772031802418644e-01 -6.023565559786947521e-02 3.582962534764532414e+00 3.793631487844680850e-01 -3.706403222886563154e-02
3.236201584013866928e-01 -2.412514556507542041e-01 3.819066765054995649e+00 2.844322897207750556e-01 -1.359781789785974304e-02
2.930050117964109746e-01 -1.597022960886562704e-01 3.696551174278421836e+00 2.593229619806077801e-01 2.905066886480741489e-02
3.382211349296859737e-01 1.434412858054669171e-01 3.470900633155120207e+00 4.433466720159391361e-01 -9.523318379954962692e-03
3.063409444591780328e-01 -2.068722243059006594e-01 3.745912545956533890e+00 3.471787907613347324e-01 -4.920378570662542472e-02
2.902577195202017402e-01 -3.533056009528855457e-01 3.869948811547772927e+00 2.966050559626201011e-01 -4.525680403258466877e-02
3.274068147030287368e-01 -1.137700674817808122e-01 3.665410751659954780e+00 3.193754329810646886e-01 -2.655694254393071302e-02
2.978039508386902123e-01 -4.563651468729423843e-01 3.927197630278899787e+00 2.912159553037119153e-01 1.572388543207667647e-02
3.028787207982004959e-01 -2.532929406020565932e-01 3.811635762427705743e+00 2.882213440441278030e-01 -3.436033212596572434e-02
3.120661313901822442e-01 -1.643438615504385358e-01 3.680562129013346340e+00 3.667637954661903676e-01 -1.505658947709344331e-02
3.363430684788637492e-01 -2.346612408142803585e-02 3.600461154593492363e+00 4.059367439823733381e-01 -2.720072512407191792e-02
2.758786920322547354e-01 -3.153130765238950084e-01 3.865495119447184713e+00 2.384066662173993101e-01 2.176029112752644185e-02
3.163359802210150562e-01 -2.361247545220061528e-01 3.801795083831272848e+00 2.864651163142973300e-01 -3.505594979502180131e-02
3.014076518863050280e-01 -1.671612652418860145e-01 3.729982490657842931e+00 2.791859352456084187e-01 8.183724540829459201e-03
2.949186206554061940e-01 -1.965745972344234704e-01 3.779552655731575506e+00 3.080052040949657899e-01 -6.174583206605013808e-02
3.122529862088469499e-01 -1.813705786425005295e-01 3.733412414674358359e+00 3.016815104364565792e-01 -4.718773507094518871e-02
2.846333006848865699e-01 -3.979086710958008588e-01 3.896419801203872435e+00 2.925108770572300565e-01 4.507543474646348580e-02
3.204463923389933022e-01 -1.868164459646894926e-01 3.685740260071693974e+00 3.603929206802659602e-01 -3.257105406750226105e-03
2.955536182053795646e-01 -2.380806549242840409e-01 3.711096452606559737e+00 3.128750516342069798e-01 -1.681825884221762810e-02
2.700869906687006772e-01 -3.356032132263875312e-01 3.833772551647573135e+00 2.045885357355790024e-01 2.622722579857066083e-02
3.239639217695310935e-01 -2.044715265023262230e-01 3.756615337415424083e+00 2.652389188320473656e-01 -3.933055875563643000e-02
2.880465473267341814e-01 -2.663928523838835494e-01 3.757508731095371424e+00 1.397908041208782981e-01 1.205544496377696298e-02
3.173990440981963035e-01 -3.914412792569157973e-02 3.634167932201967766e+00 3.839122052333729385e-01 -5.022133515610725102e-02
3.213106010985344874e-01 -1.237553653958469585e-01 3.716227721934242112e+00 3.796876004806650773e-01 -5.341675059214884974e-02
3.022656676523941544e-01 -1.879049687231636456e-01 3.730493163433911352e+00 1.739029778429874717e-01 -4.570212229531206427e-02
3.104109275328756357e-01 -2.235412397135898843e-01 3.794907958416240845e+00 3.050996454798768909e-01 -4.695891384876293290e-02
3.250236439675593947e-01 -1.959546649883495695e-01 3.676531435676020365e+00 2.746881555521665241e-01 -4.338258257778915619e-03
2.877527607449291702e-01 -2.612509268698279818e-01 3.783774312376306348e+00 3.034833273881344384e-01 -3.050149428788477210e-03
2.940446557785413861e-01 -1.560320144050004187e-01 3.713394793900209212e+00 2.678233963174891930e-01 -2.583647245158818967e-02
3.122663222310584907e-01 -1.036094962910406037e-01 3.621857244418470678e+00 3.108455811578381134e-01 2.237877935606274668e-02
3.145237597075505875e-01 -7.064284283460639524e-02 3.629836843481178743e+00 3.166161708504735550e-01 -2.302379225219510980e-02
3.138721667023198769e-01 -1.172532851644769863e-01 3.654916775110313765e+00 3.183179756029267393e-01 -2.030082808941741784e-02
3.135686769963405007e-01 -7.055361117198775955e-02 3.627194905254694568e+00 3.801830934705709431e-01 -7.274705178776550221e-03
3.015520395829449085e-01 -2.354237090298449686e-01 3.736391084176928779e+00 3.116770349599197742e-01 9.329111225832652232e-03
3.449994051670387529e-01 6.031886197247229853e-02 3.560042989614710329e+00 4.322839026518270344e-01 -8.474917718361887897e-02
3.234755077341471829e-01 -3.540835675070290178e-01 3.914332102842430938e+00 2.037635962111892241e-01 -1.122681643788209227e-02
3.256880160056164208e-01 -1.050222209752100788e-01 3.699582401487529371e+00 3.305318980914037086e-01 -9.645673039647757741e-02
3.366622058605527323e-01 -4.824072024079306686e-02 3.586071067196790363e+00 3.582114466729572344e-01 -3.373673148166626834e-02
2.920677769238842481e-01 -2.349080737960097531e-01 3.769453788793857729e+00 2.659703232191860667e-01 -1.842201630032300891e-02
3.206888649194471475e-01 1.023791585542617316e-01 3.536432688283954739e+00 4.065589973098218124e-01 -5.767932376222326823e-02
3.209156515208159144e-01 -6.733532833702875198e-02 3.660305034627925114e+00 3.531674317808308761e-01 -6.472032971198474205e-02
3.031790742051032050e-01 -1.136094265044046148e-01 3.617786119439122317e+00 3.392751748180026228e-01 2.251693854937136460e-02
3.174341679477093447e-01 -2.187098426993986655e-01 3.744195371087966961e+00 2.234947285817585061e-01 3.389949089568085328e-03
3.036585268498930290e-01 -1.635127456769377707e-01 3.708555788299796152e+00 3.039612451279708472e-01 -4.667078896165742508e-02
3.014453284406948819e-01 -2.923927034875633546e-01 3.796527592141256235e+00 2.485848322231797303e-01 -2.045981398001954152e-02
3.199230393710463249e-01 -4.385455505173543878e-02 3.630347593648730609e+00 3.283654554803159265e-01 -5.153804299400915195e-02
3.359896964505361683e-01 8.755300608965510545e-02 3.537220513359526919e+00 4.352148023406960387e-01 -5.583719893662076467e-02
3.257337415885532272e-01 -7.871443965955210453e-02 3.652880832897059893e+00 3.312940092484739085e-01 -8.921185833122177722e-02
3.410260994450679539e-01 9.533132725152188014e-03 3.579897416757268580e+00 3.520546051245383445e-01 -8.398545941502466583e-02
3.290720717179442256e-01 -1.462864004898868919e-01 3.717608564967653795e+00 3.486512863164555887e-01 -2.672105028915058855e-03
2.789775943004318970e-01 -3.438043830316462879e-01 3.850099441980472825e+00 2.214585021304660284e-01 2.716507092677187402e-02
2.924484519418120709e-01 -2.766837335722981406e-01 3.808274866980801754e+00 2.679287665048089573e-01 3.090194828975786553e-03
3.124369424400929574e-01 -3.846405249916126090e-01 3.914715879190604042e+00 2.788840756630364126e-01 -2.336883198351243085e-02
3.096865765975637674e-01 -1.496691727668401362e-01 3.658488725324227531e+00 3.383220700223236177e-01 -1.162818150714357499e-02
3.327514340969821571e-01 -1.024598993972958560e-01 3.656540469265640692e+00 4.034762469299156273e-01 -3.458613617665655393e-02
3.113113208302645818e-01 -1.926866578898231985e-01 3.773509017088870099e+00 2.478242185227943206e-01 -6.913450256455010157e-02
2.790100257281142304e-01 -3.208163855496756200e-01 3.747379058739409796e+00 1.539542037013415798e-01 9.829862975244546552e-04
3.257413014116929406e-01 -2.495401566070489241e-01 3.846532259558260947e+00 2.765639209082551564e-01 5.077335976779576154e-03
3.154659498047547306e-01 -3.021481542743327253e-01 3.892719033134574236e+00 2.942458115849654332e-01 -1.160890915089030778e-02
2.805408834174550337e-01 -3.760746411197510852e-01 3.898766365428919745e+00 2.021521771900442466e-01 3.782290018911887985e-02
3.090986571008542683e-01 -1.322893076047924610e-01 3.691150583425789833e+00 3.420004720798244247e-01 -3.646284023816666331e-02
3.114349913962856098e-01 -1.399778484991817673e-01 3.717005639257931815e+00 3.008493052971583093e-01 -1.694449575828074761e-02
3.349952072835442607e-01 5.434355769317126411e-02 3.539548278831246897e+00 3.906354814638768880e-01 -3.454805219320997850e-02
2.863982514832380533e-01 -2.888612021776195138e-01 3.848537237523752541e+00 2.140375341669449316e-01 1.684753386520308760e-02
2.924460065555847810e-01 -3.223176892007397210e-01 3.821552851436214038e+00 1.994149729111914793e-01 6.526588407121669544e-02
3.320662975820130036e-01 -2.056744523562151761e-01 3.796952462826168606e+00 2.858530390195208604e-01 -3.680907614104027281e-02
3.102690961042755546e-01 -2.005131720829624598e-01 3.741706063165283425e+00 2.764823270504525032e-01 8.427893829739248333e-03
3.281000221746584455e-01 -9.763432961872156590e-02 3.680864669398030475e+00 4.271995676245233797e-01 -3.271763131927960672e-02
3.250828726820885195e-01 -1.990605316371739653e-01 3.761969557950801679e+00 3.198616109260372653e-01 -1.823515153643509579e-02
3.071334745839123248e-01 -1.491113790945625683e-01 3.712088986321263384e+00 2.830763944833424306e-01 -2.091803045402693476e-02
3.571385649095361603e-01 1.161849135155835766e-01 3.505848182733560137e+00 4.441199868672752737e-01 -8.679055959305659318e-02
3.208722658441887088e-01 -2.649540099912488511e-01 3.785046022640721652e+00 3.313756596769346086e-01 -7.956911062273761340e-03
3.277396451536699895e-01 -4.593338259476525964e-02 3.608828295875511571e+00 3.816979460378243094e-01 -5.093791269227597451e-02
3.094725993000827513e-01 -2.774177195285281727e-01 3.822560427507056602e+00 3.373935781333078920e-01 -3.105724077092767571e-02
2.976169402415428378e-01 -2.346646106409603361e-01 3.692665605789647643e+00 2.172030862842640464e-01 -1.691436918940220774e-02
3.384944619085774598e-01 3.894774429696865048e-02 3.584014608335622576e+00 3.604641378905144022e-01 -1.188261586741257841e-02
2.883080736826272306e-01 -1.663972536159536719e-01 3.712091532086036150e+00 3.001217935249830826e-01 -1.897855984001538265e-02
2.894808754605353029e-01 -1.887123173031536316e-01 3.743560082261399025e+00 3.210635634807785244e-01 -4.015628821297171497e-02
2.730795862540544294e-01 -3.809911260605587380e-01 3.835210262337502396e+00 1.983160000284288627e-01 5.650420671135251288e-02
3.047067636754534070e-01 -1.843895539859815025e-01 3.664714014268995790e+00 3.059494312153595019e-01 -4.534502277242749568e-02
2.920076021476099015e-01 -2.481376036312458733e-01 3.755704337493861900e+00 1.937357602384596755e-01 1.929032171131513096e-02
3.102239531392102512e-01 -2.016361400242385749e-01 3.766484322935097939e+00 3.641987711853443277e-01 -2.632301058457485118e-02
2.788580120910824078e-01 -3.503331589446965766e-01 3.815907254348296362e+00 2.364680305702498153e-01 1.712329294517880851e-03
3.112390638771608820e-01 -2.990651161101464117e-01 3.823661748814982886e+00 2.847338813143986957e-01 -2.853174704728046740e-03
3.468955674576935655e-01 -1.793651550612851142e-01 3.733772431106743284e+00 3.670320415619471310e-01 -2.745301588879611038e-02
3.445691864602538068e-01 -1.744655901250489471e-01 3.769438894662699990e+00 3.732131981950297939e-01 -6.419956109959706891e-02
3.008960277178758802e-01 -4.242270055202672641e-01 3.904678412590152359e+00 2.322305968660387521e-01 8.682586022881169999e-03
3.140504337148460889e-01 -3.206320403778098460e-01 3.889279264073708386e+00 3.006799862341166807e-01 -1.050128778589839475e-02
3.180977320889614157e-01 -1.000319740334789792e-01 3.673013585624089306e+00 3.406182828296703269e-01 -2.345784647467676759e-02
2.744607167461604047e-01 -4.012571509862127295e-01 3.895567348490565518e+00 1.725390037752605465e-01 1.574682485468410775e-02
2.905352725459395824e-01 -2.975710597309966787e-01 3.831430810592773462e+00 2.921667356401227988e-01 1.970447445950645679e-02
3.104581190551204961e-01 -2.665036843946221312e-01 3.773836838632124824e+00 2.454414988678068066e-01 1.451530868386981601e-02
3.258407209780322389e-01 -2.417142302995078096e-01 3.805733741604578224e+00 2.969299741331671849e-01 1.042712518251245543e-02
2.981234766643384160e-01 -5.069918152268100275e-01 4.001628029446136381e+00 2.205026534369122215e-01 3.387643465546184840e-02
3.369903174773293264e-01 4.956556236751957778e-02 3.588974841860666842e+00 3.854717055034723727e-01 -3.714046562079836855e-02
3.370979715537819610e-01 -1.125380422369116340e-01 3.640593147639078708e+00 3.511064532552758966e-01 -1.922779201057209231e-02
3.107883912737957610e-01 -2.813366339699146512e-01 3.814329294846147800e+00 2.268618002650376608e-01 -3.323547739908505605e-02
3.130933638314724599e-01 -1.766734756020141850e-01 3.726813730826784798e+00 3.497891167232216048e-01 -4.293267018608905999e-02
2.804231510479593403e-01 -2.644924694882329619e-01 3.736982997853542265e+00 2.218187251905004431e-01 -3.785129886941626665e-02
2.999028331196028629e-01 -3.827838348614924779e-01 3.957019500931685752e+00 2.305162527596104904e-01 -2.420801729733947777e-02
3.077338822761416792e-01 -3.974220463236888268e-01 3.881832683933438055e+00 1.903458973942525889e-01 -3.539502642555635362e-03
2.902346359358817240e-01 -2.997267481828806979e-01 3.827174516661693282e+00 2.069896650555354545e-01 1.351182247788089777e-03
3.014203197078489938e-01 -1.500754935526471545e-01 3.707137366723622929e+00 3.713740390523639356e-01 -3.561668974958281247e-02
3.227579890062238221e-01 -3.455358108029346620e-02 3.568864909092517301e+00 4.044595158501939069e-01 -5.380242684401786990e-02
2.763211598605582187e-01 -4.571910522138556976e-01 3.903367558447015551e+00 2.451436942942613606e-01 4.361984100399164677e-02
3.070893965823626726e-01 -1.575537404294921617e-01 3.651135366939807447e+00 3.781191234508409771e-01 -4.806889851229192989e-02
3.276820619642366594e-01 -3.179738771737017355e-01 3.858795116086399801e+00 2.915897458385557361e-01 -4.909525241798926021e-03
3.168114801092940525e-01 -1.727048007036245669e-01 3.757142372361571336e+00 3.017129191365187646e-01 -1.595112329753842900e-02
3.321765611209611113e-01 -1.129991469973784524e-02 3.611675828816439449e+00 4.298132537038361622e-01 -5.516604998306491592e-02
2.970464769672240268e-01 -1.420081213536083520e-01 3.689994457880764411e+00 3.094543279315261630e-01 -1.353449219241390292e-02
3.152047262406564854e-01 -1.029575227844590768e-01 3.717544539194546971e+00 2.909525008143207248e-01 -4.375949235140512428e-02
3.010619953814468452e-01 -3.340922395958747515e-01 3.829289331542572228e+00 2.193628207677698061e-01 3.006618543810977984e-04
3.136486477253365712e-01 -2.083379067231551085e-01 3.726044163477773896e+00 2.693846658798004778e-01 -7.177252122465086967e-03
3.148820473879238024e-01 -1.312915237043647543e-01 3.700746924544273675e+00 3.829450944956092062e-01 -2.699190069256057409e-02
3.072433963825730863e-01 -1.462166111352218578e-01 3.690671664535397412e+00 3.539128504781216544e-01 -5.991023641949134310e-02
2.541808945381111018e-01 -5.066643640524239878e-01 3.967979079971454937e+00 1.518123370215564982e-01 1.998012382534546799e-02
2.689292022974018037e-01 -2.780220108669575474e-01 3.787200875437289227e+00 1.789284577137186805e-01 -1.088575305028541967e-02
3.202691103943017259e-01 -2.370885703779228582e-01 3.791887579812596609e+00 3.485548281868067755e-01 -4.039643541481519051e-02
3.189223831711920920e-01 -1.422511828730678163e-01 3.728138557648863483e+00 2.872619715682208086e-01 -1.196861095496853933e-03
2.748788609116574189e-01 -4.063267824826900521e-01 3.859166371355467362e+00 2.658053982395904291e-01 8.340104267581124886e-02
2.989007968987006936e-01 -1.810970404613723717e-01 3.719395276522674099e+00 3.111255531493525295e-01 1.229250455188353464e-02
3.364317677153478847e-01 -1.554899360613862525e-01 3.790777068186144128e+00 3.957631163997312740e-01 -4.434994025505880483e-02
3.053732804963030789e-01 -3.028195406983948956e-01 3.832298514791340871e+00 2.473837821422226191e-01 1.406059339683518594e-03
3.310214214304336156e-01 -6.629571928129809888e-02 3.693596247477873185e+00 3.705081643000630032e-01 -4.566716204366583209e-02
3.124276626039630411e-01 -1.135377704837238905e-01 3.713529991886081127e+00 3.274840096792992483e-01 -7.678021753964114904e-02
3.288537166509202248e-01 6.330154930335164971e-03 3.619374518611511604e+00 3.457254189340857042e-01 -5.623055081940400712e-02
3.144151015055072218e-01 -3.076488282360223536e-01 3.870708659278440322e+00 2.894671653711415882e-01 -1.288494248548937605e-02
2.934536023584821685e-01 -3.848425974617941669e-01 3.936194340410190229e+00 2.208340801347093152e-01 -3.777771857587162996e-02
2.966596375001407382e-01 -2.507466467100503138e-01 3.778054387933612368e+00 3.027219071910516313e-01 -5.153339421865263913e-03
3.349447236696516117e-01 -2.581927777278192337e-01 3.781685544828472523e+00 3.128660761606024132e-01 -4.271589041676413651e-02
3.162569902044122805e-01 -2.011552255043959903e-01 3.707703580710214997e+00 3.539327712638855039e-01 1.624479408627459848e-03
3.098885822911334742e-01 -3.143025480108499470e-01 3.906339353753663701e+00 3.007143511904456501e-01 -1.199565681272626860e-02
3.251838673714216310e-01 -4.535970370170452903e-02 3.651574362290482600e+00 3.736068034714299380e-01 -1.318065781355775429e-02
2.862506192465569255e-01 -3.012543006296677928e-01 3.813382044428331064e+00 2.298548769672448533e-01 -3.366094630091330704e-04
2.952991429490104958e-01 -3.875943413811018257e-01 3.941837416923672066e+00 2.265106785312826221e-01 -5.518505740078241684e-03
3.138786259769499321e-01 -5.443554960544794152e-02 3.630041978417419379e+00 3.454307295994027971e-01 -3.702403830426787695e-02
3.142513462957253201e-01 -1.333331116800161587e-01 3.680963769070076719e+00 2.959833347428453831e-01 5.315886312035306149e-03
2.984674973240956652e-01 -2.693683360297934870e-01 3.838263374801184735e+00 2.939737450863075807e-01 -1.756545292720382290e-02
3.005068744389798319e-01 -3.336819869898569046e-01 3.888925457085448123e+00 2.461849653294787554e-01 -1.492029597472847163e-02
3.201967412582836237e-01 -1.232341324666050147e-01 3.671186859802097135e+00 2.641970072997959496e-01 -3.804093897376933930e-02
2.863838930538094019e-01 -2.879486892944231879e-01 3.853756883185828208e+00 3.232294294421300673e-01 -7.802397502910118909e-04
3.265004844085235836e-01 -4.236560740514185019e-02 3.707974796237964998e+00 3.885355632547258242e-01 -6.856555282677062602e-02
3.294711163621490413e-01 -3.632377939257014354e-02 3.599976157546731503e+00 3.734878457764068127e-01 -8.357702821467721810e-02
2.857358358875782267e-01 -2.873287578256176755e-01 3.780937669056678274e+00 2.786871787828605340e-01 -9.496186584916164325e-03
2.743322457934151970e-01 -4.167377569964295647e-01 3.898444556028991759e+00 1.935448713433227941e-01 2.692503234033155265e-02
3.341207747860326371e-01 -8.508612435380083494e-02 3.700865958215453499e+00 3.719456501784561553e-01 -7.291753510131987470e-02
2.871372832977718836e-01 -3.625995184758436518e-01 3.832761135301735678e+00 2.135367061134707534e-01 -6.786889246038679824e-03
2.769440161161839664e-01 -3.633331127091906088e-01 3.828383942397628914e+00 2.710147203699961871e-01 4.062876757855438808e-02
3.170656561125534956e-01 -1.630936813255489115e-01 3.711584714578489486e+00 2.608265307796564514e-01 -4.133981151150229599e-02
2.951489244019175340e-01 -1.996480983012490773e-01 3.735692785412024985e+00 3.057791340905612332e-01 3.611874492730615671e-02
3.005444297839595658e-01 -1.881130864030595151e-01 3.805987466547373188e+00 2.900278177517653377e-01 -7.235558371065521632e-02
3.546895720346958658e-01 1.667407019369496202e-01 3.438259194089456461e+00 4.713678965923297493e-01 -6.713742289992062628e-02
3.131850264337672773e-01 -1.423397110290925693e-01 3.704990928021012486e+00 2.738400369697543413e-01 4.947430060116428385e-03
3.132617199429897914e-01 -2.701941486024914130e-01 3.841749624480786718e+00 2.508386977076031976e-01 -1.627738640257412814e-02
3.016900531565995802e-01 -3.479991475646799781e-01 3.895735487442550049e+00 3.047115957949534937e-01 -2.836111613502764750e-04
2.953224125327667537e-01 -2.328430528699944324e-01 3.720276519388111325e+00 2.526567138561833237e-01 8.225983494454053302e-03
2.981666616284090465e-01 -2.936942861710413188e-01 3.826125181617957338e+00 3.267376422516437562e-01 -1.481268380455339276e-02
3.107163908860706703e-01 -2.757213228890735279e-01 3.797142723901336225e+00 2.299585805635753488e-01 -2.864153732456380802e-02
3.349762362764681645e-01 4.098594064219561461e-02 3.552809884594063661e+00 4.419981032997821746e-01 -2.871296392438286646e-02
2.714017084481221143e-01 -3.512823571182399629e-01 3.887768225234867980e+00 2.850282091334495616e-01 2.556732281451295011e-02
2.977807324466424932e-01 -3.567908355944771626e-01 3.925835747216888549e+00 2.841713741887733624e-01 -2.247987530075824802e-02
3.222222322890882507e-01 -3.144463520647415855e-01 3.846588564480220906e+00 3.139130370655855429e-01 4.523944131551126124e-02
3.173908087983330906e-01 1.223829095876465684e-02 3.553928958074607625e+00 3.915879631839641051e-01 -4.636736622189648049e-02
3.012153694714079233e-01 -2.455316770669443427e-01 3.780125824273189217e+00 3.022323509377382589e-01 -1.826681338573791016e-02
3.067704389325177639e-01 -1.882054257688782761e-01 3.760779370058886961e+00 3.012893848868722912e-01 -7.886310223142525833e-02
2.922500447154144920e-01 -3.291240018898937691e-01 3.849665732329645262e+00 2.036431709745975538e-01 -9.689138638187372657e-03
3.176572180540379597e-01 -1.358232886819288054e-01 3.744751815014535357e+00 2.717092802290483333e-01 -3.839957649536964585e-02
3.118987169178144558e-01 -2.708534000741320558e-01 3.799304476982127365e+00 3.022113126869814259e-01 -2.403928569185007080e-02
2.823567647421196258e-01 -2.413461232520159871e-01 3.757595310869480176e+00 2.336009619383165037e-01 -4.463131337390688347e-02
3.201606837976171405e-01 -1.929243097242362703e-01 3.746337127518518884e+00 2.776764566608009299e-01 -6.934263145745592216e-02
3.029856229382795751e-01 -3.363131059848222804e-01 3.883681058982946688e+00 2.048331379015041198e-01 -1.074313912687065165e-03
2.904071771458874851e-01 -2.407269745042121545e-01 3.793474992137190416e+00 3.127489849177962911e-01 -1.765261634204158547e-02
3.048197874995202672e-01 6.325660968637424053e-03 3.524464014339253382e+00 3.599987523865767480e-01 -1.835436923696037032e-02
3.067436963254194238e-01 -2.454319208159013166e-01 3.778766872367581797e+00 3.001970697672782240e-01 -5.535125812553080837e-02
2.900059799781367076e-01 -2.160573740621369865e-01 3.765579580703536156e+00 3.304078821783774100e-01 -1.991674252235157289e-02
2.870290073088287430e-01 -3.050878220476469505e-01 3.825090465347959601e+00 3.076603201977400337e-01 2.864248722080846646e-02
3.075285493059779496e-01 -2.403524310771029127e-01 3.782880276112476903e+00 2.347435947198917849e-01 -6.361457754274486842e-02
3.169006033293732538e-01 -3.354782086967811883e-01 3.933591226057350454e+00 3.222010176613271382e-01 -1.138481676120742594e-02
3.282590160789229383e-01 -8.116479490896597038e-03 3.568182244800521374e+00 3.631934387048764146e-01 -5.402694559092226234e-02
3.280878549155367141e-01 -1.043922133794722706e-01 3.733707219740492356e+00 3.312831627271484725e-01 -7.989994390235677368e-03
3.163673521503341801e-01 -1.708837082562919552e-01 3.729888575333609957e+00 3.262419283216037025e-01 -6.289768617089314118e-02
3.228805683444310182e-01 -1.564146814754216186e-01 3.727923730542600289e+00 3.667252758208466856e-01 -8.079354513329248255e-02
3.173874342614348976e-01 -2.980478903259097256e-01 3.852757752345698172e+00 2.161125827476885752e-01 -2.088139427590156305e-02
2.981661922691334343e-01 -2.582336079412183572e-01 3.796325243754868684e+00 2.919685402973527522e-01 -1.928264320621527264e-02
3.081597508426838772e-01 -1.782762953145274054e-01 3.733549192146389029e+00 3.224919469155610452e-01 -4.801142141026285698e-02
3.532403140611176107e-01 5.152940175587863991e-02 3.546491152729458474e+00 3.828210897381741917e-01 -7.363223418177236579e-02
2.754044402891554499e-01 -2.854546215721682767e-01 3.786165891003224981e+00 2.382489503033302924e-01 -4.888641287616605005e-04
3.314384432525209756e-01 -7.244012137349184477e-02 3.662512974633082230e+00 2.984865129934747285e-01 -6.224714495733865705e-02
3.331595679571488500e-01 -1.049337037823445673e-01 3.727964135496101505e+00 4.052771173861897669e-01 -6.637163898924165750e-03
3.017579299720581920e-01 -4.859817364275604845e-01 4.004207053532414129e+00 1.676011669686020833e-01 3.647283865756612009e-02
2.869155526135013234e-01 -2.892877913970841597e-01 3.804409579000735508e+00 2.320972605305165748e-01 -4.508098802593084320e-03
3.240447586374796685e-01 -6.174308230475770987e-02 3.620257538145505549e+00 3.215347693193932321e-01 -2.003501646953946558e-02
3.114138453344247881e-01 -9.278278943464063344e-02 3.703721732368270736e+00 3.171327242741517893e-01 -1.169260595119215457e-02
2.849820071391057086e-01 -3.716951651606247853e-01 3.884846268306577421e+00 1.372450020597973108e-01 4.476456649606292554e-03
3.327981235919146852e-01 -8.481690286684055724e-02 3.695647543870635765e+00 3.645938118157123764e-01 -3.826100985532998600e-02
3.349445779489772512e-01 -3.241376631528058994e-02 3.601524474174762513e+00 3.608610609995352991e-01 -4.320402422046268343e-02
3.141872612004019127e-01 -9.143791024125205724e-02 3.607448074964148432e+00 2.873700762308726286e-01 -4.550742715811254002e-02
3.118054226210647539e-01 -2.124565026987985383e-01 3.798055535703274810e+00 2.588321986272700270e-01 -1.782704186025690918e-02
2.716988865059728475e-01 -3.952419296443397401e-01 3.887192729755410525e+00 1.517337849832647856e-01 3.489312748208903137e-02
2.838802778989247266e-01 -3.383970732826343530e-01 3.788038970953004902e+00 2.215806952007126074e-01 2.233024400436146861e-02
2.786170141422711355e-01 -2.923223417778672006e-01 3.823789728024623358e+00 2.553578864198425835e-01 1.434540891145510803e-02
3.252214814577303326e-01 -1.759179820539213124e-01 3.762610437620942605e+00 3.392707905685448666e-01 -4.227251267219776787e-02
3.383886904360199344e-01 -2.176380996017571179e-02 3.593608085732800550e+00 3.741778835800347314e-01 -5.269207121613423556e-02
3.423469266087306728e-01 -1.185197739054886512e-01 3.688163450247646580e+00 3.875111916449505700e-01 -5.844068970039185268e-02
3.007937684780970788e-01 -2.229965703237447583e-01 3.733592801341025780e+00 2.480863098305317593e-01 1.667996284184727895e-02
3.024463490966368129e-01 -3.104224495766517711e-01 3.841556567008631795e+00 2.666009054220858654e-01 5.802568877469209407e-03
2.909455892903486940e-01 -3.954398537390791391e-01 3.872809376951857008e+00 1.796082185503696804e-01 -1.131397080362062102e-02
2.962730896318263585e-01 -3.144653125539598193e-01 3.864959887621019607e+00 2.899084833332742916e-01 6.195361429859089220e-03
3.386302161122843879e-01 7.525422830722450218e-02 3.559798515255458540e+00 3.792205948785858927e-01 -9.409640022598732279e-02
3.128633184121067945e-01 -1.188014319544446057e-01 3.702949434741353851e+00 3.997501635646573126e-01 -2.768079999096334856e-02
3.149659575032072723e-01 -3.036985011509480969e-01 3.823816373059447660e+00 2.972266137994666879e-01 2.707727111557704791e-02
3.189623096049369888e-01 -1.318478519781874914e-01 3.702110352405393989e+00 3.939595309629947972e-01 -3.724302951878894624e-02
2.923611749934013071e-01 -2.663358363456845290e-01 3.739549956418144472e+00 1.508938794910188175e-01 -9.082804770245849618e-03
2.988844947739432989e-01 -2.780368810861352236e-01 3.814818143378729154e+00 3.183106256321664995e-01 -6.690437173474160851e-03
2.956080237940847955e-01 -3.479983365463207856e-01 3.900537171299676587e+00 2.474676298789403872e-01 -8.401174616913500287e-03
3.065539114154540168e-01 -2.635167233340545700e-01 3.836845564497035621e+00 3.115333469876754857e-01 -1.738508877946770559e-03
2.943636326287074056e-01 -2.434324185075233682e-01 3.768670312031370706e+00 2.945342736411127316e-01 1.314235164405003903e-02
3.208049640762480892e-01 -5.737365042431097351e-02 3.587826171364294492e+00 3.167108142521674607e-01 -1.761201399314104438e-02
2.989490047401971995e-01 -1.522133959750394672e-01 3.728485689048653295e+00 2.536156823638596736e-01 -5.126234781987129563e-02
3.143492654747869763e-01 -1.928132021443906552e-01 3.694260436498593592e+00 3.132538877330411919e-01 6.428057008936061134e-03
3.173618438865631886e-01 -1.639976337571611431e-01 3.707551344626266232e+00 3.146223553286501273e-01 2.169405106325969501e-02
3.277950898671180280e-01 -1.271481503474585217e-01 3.705429739452271942e+00 3.526232236530806308e-01 -4.181157930331015626e-02
2.847973693060951716e-01 -2.768624665388667028e-01 3.840578487052662471e+00 2.219468978449126439e-01 -3.021855450459784431e-03
3.278028982254851398e-01 -1.079517272113703213e-01 3.685062503349093355e+00 3.180877636674203091e-01 -5.905217700323131536e-02
3.170192568812809086e-01 -9.660447466410032602e-02 3.676686268342783670e+00 3.102245507432551119e-01 -4.295217408143596483e-02
3.006248050936107252e-01 -2.318616390028860885e-01 3.765380744189799511e+00 2.341745384452331435e-01 -1.471046517563588500e-04
2.982848669147381004e-01 -2.039439936889566041e-01 3.648381982271280410e+00 2.957202253813759896e-01 2.073085380078307921e-02
3.174848134135436206e-01 -1.853475619960407439e-01 3.780994072136997453e+00 2.848542367637676986e-01 -2.802218289365415727e-06
3.129128791008376487e-01 -9.176326208540803997e-02 3.673625869441417446e+00 2.981049540129637743e-01 1.768921205400221172e-02
3.215057248715956773e-01 -1.539398831642367071e-01 3.737484693950775316e+00 3.445001592614104768e-01 -4.047354099887431195e-02
3.061477569599602155e-01 -2.789566817485175099e-01 3.813202149400754415e+00 2.393387114993887343e-01 5.882161794498914908e-04
2.899832768017866491e-01 -4.846892355344859515e-01 3.918020193029422060e+00 1.678671355956266875e-01 3.564107330773386151e-02
3.086735400983965372e-01 -1.690282321732123061e-01 3.725597390467069836e+00 3.515392598275967062e-01 2.604704187865889559e-02
3.349111815240211065e-01 -1.365119058115652484e-01 3.690026554739385567e+00 2.382291524140539574e-01 -3.613334391295853348e-02
2.879305662565571078e-01 -3.696445261951841199e-01 3.827359722890951499e+00 2.889554792547158746e-01 1.562681552316727909e-02
3.205501670681748516e-01 -2.200042407814353229e-01 3.718192899438056642e+00 2.512293979434436775e-01 -9.370683626632698299e-03
2.965015286023217067e-01 -2.673393404805400886e-01 3.847858504147796399e+00 2.989679759565251893e-01 -4.115003117365860497e-02
2.859742047952203436e-01 -2.641326930596204492e-01 3.776302337284243471e+00 2.557465091603914886e-01 -3.345039891330248844e-02
3.141785167203622886e-01 -1.715157842157615242e-01 3.759113065892478733e+00 2.681952636087754360e-01 -9.411788708303787943e-03
2.766730385731103747e-01 -2.900449620931314643e-01 3.859719155398909862e+00 2.031407197089608596e-01 8.858900703920362385e-03
3.014489028125698078e-01 -2.908638991655626005e-01 3.826613289513388416e+00 2.549455765477845470e-01 -2.907634758674396830e-03
3.034316972561841297e-01 -4.743467135218674691e-01 3.956579136103511640e+00 2.848361122856252203e-01 1.962134737904486226e-02
2.912991289079183144e-01 -2.764870772718456271e-01 3.832217532630868728e+00 2.730507761295161151e-01 2.118660275125611170e-03
3.202012157159189742e-01 -8.377561843060456204e-02 3.748788225530508278e+00 3.737257917791241280e-01 -5.269631224766518907e-02
3.053968617992295354e-01 -1.351753441223147723e-01 3.646425973592352321e+00 2.622350271142263045e-01 -4.145379385865927135e-02
2.724662070955387039e-01 -3.109953797985453572e-01 3.867824774448105352e+00 2.334854835749281821e-01 1.739190270259463600e-02
2.980638214191357882e-01 -1.957020320458528195e-01 3.678673161266240221e+00 2.004010371784050726e-01 1.578354641436012507e-02
3.183333917140885316e-01 -1.381701644236491555e-01 3.678719132469955966e+00 3.278826665727370693e-01 -1.291959470656525721e-02
2.923549892359648683e-01 -2.746340431312292996e-01 3.751871841780924033e+00 2.447062961890727473e-01 3.277221159865816025e-02
2.916982418556299250e-01 -2.589102129564630483e-01 3.771239925276682836e+00 2.909334052226175138e-01 1.550139041783777163e-02
2.969041350081062514e-01 -3.166993368547970089e-01 3.858879582632054550e+00 2.456707343450176828e-01 -2.925721520504254158e-02
3.286826716925178027e-01 2.022410664766893795e-02 3.579394300477935165e+00 4.268962374615851152e-01 -3.152482212876624862e-02
2.958985716263772825e-01 -2.513687170469051102e-01 3.796225559337226940e+00 2.644161217259500818e-01 2.580810579336782762e-03
3.460186944494449968e-01 -5.435518958675554513e-02 3.661086794030281144e+00 3.729515662588450131e-01 -4.291037045111086023e-02
3.218146619052580371e-01 -2.371215477228562629e-01 3.801720686896591594e+00 2.527314677705927992e-01 -4.537329852324961665e-02
2.818387248936521372e-01 -4.080436317841655280e-01 3.887158792854471745e+00 2.037601539052776300e-01 3.229507947921365918e-02
3.122103801649031007e-01 -2.343155887285225947e-01 3.714383137731539275e+00 2.554077299415412616e-01 -8.471086817894839596e-03
3.203242519499158170e-01 -2.106292643860360747e-01 3.726654352709960261e+00 3.473912834302224639e-01 5.507794471892563104e-03
3.078477742205978362e-01 -2.977188647307950353e-02 3.642813028781425100e+00 2.976418961396364304e-01 -6.458224850893166946e-02
3.473165725855601460e-01 -5.268338301705417087e-02 3.645139419903316469e+00 3.847796477139960314e-01 -4.589869754568463162e-02
2.904854304552022537e-01 -2.201308386112882376e-01 3.792327793079420584e+00 3.012799665091773216e-01 -2.002815051669690899e-02
3.133322638723629039e-01 -1.444564254680721083e-01 3.688034775403024046e+00 2.943211206658199464e-01 -4.694977298530120940e-02
3.118734238361781652e-01 -1.277886892083273662e-01 3.731081214177806249e+00 3.589985271732064609e-01 -1.704523983818762023e-02
3.343573182328121729e-01 -2.045988887028114822e-01 3.812592214022280768e+00 2.843390580778923926e-01 -3.864947139502791784e-02
3.112828403471752936e-01 -3.029717118339677606e-01 3.886676136546168614e+00 2.700181946393316323e-01 1.546855517677364969e-02
2.915504283594717028e-01 -2.971304033411388268e-01 3.795348814403564308e+00 2.710660970572524864e-01 2.869078223954205781e-02
3.384818106953751959e-01 2.836774450678675175e-03 3.568331238898849733e+00 3.430356103175041804e-01 -1.080011299563532062e-01
3.031990103468715225e-01 -2.839369092688053264e-01 3.829705646402627117e+00 2.916123124494205965e-01 8.468326739808710799e-03
3.137425184174331694e-01 -2.289036015025028570e-01 3.744268989263313863e+00 3.102051118378123529e-01 -1.338418074326581594e-02
3.044496956641569718e-01 -2.500018473821596920e-01 3.812459845421094062e+00 3.011735115043525646e-01 -1.456651401004444707e-02
3.136587807365653902e-01 -1.732541832260021120e-01 3.771154789976572275e+00 2.950669281091201634e-01 -5.789106828828354673e-02
3.113551566047171870e-01 -1.107977620268466162e-01 3.662919519548649028e+00 2.826550701281335121e-01 -7.381594584249116797e-02
2.766279259625439302e-01 -3.891024875844387720e-01 3.911165252783417756e+00 2.305202314610469705e-01 -4.047219520565376039e-02
2.912844796321331087e-01 -2.485953491264178694e-01 3.803485254405905458e+00 2.425758513061212485e-01 -2.941779418771678020e-02
2.915562308530951774e-01 -1.253763246463734382e-01 3.670620800184076771e+00 2.686581271071109001e-01 -7.450518510129329475e-02
3.116727896830170930e-01 -1.708661120740500305e-01 3.717191046529289000e+00 3.199332405259329715e-01 -3.154767898142289001e-02
2.690901425304157990e-01 -4.609010363473604599e-01 3.892803036182477694e+00 1.976518304778744906e-01 6.666905847327503354e-02
2.906168745795937869e-01 -1.662829032433457144e-01 3.646495487304018734e+00 2.660330977714501777e-01 1.572109689715957964e-02
2.920490678523298689e-01 -2.351765282236924492e-01 3.769854677740509086e+00 3.257381042345078859e-01 -1.733330363228693244e-02
2.880796440903299893e-01 -3.050712190827099546e-01 3.835317189226499668e+00 2.428524726430054681e-01 9.287578493583359407e-04
2.817840356190364770e-01 -1.958143437473167381e-01 3.779464025142823314e+00 2.291281642080555403e-01 3.629456414256639063e-02
3.031688284627061525e-01 -2.693380958640158029e-01 3.815611429216261730e+00 2.879639718327926534e-01 6.194182892666995344e-02
3.163916462873990754e-01 -3.162653626127518991e-01 3.813596915745229854e+00 2.898508381299313985e-01 -6.353353643424704267e-02
3.139616468482940292e-01 -3.011868715589045564e-01 3.819793474240553266e+00 2.660654219049256586e-01 -1.343501174035751505e-02
3.322553813983470383e-01 2.424381949290557725e-02 3.567852044426565783e+00 4.121200100529181509e-01 -3.713142451007447192e-02
3.179575346593643270e-01 -2.815510116491499737e-01 3.810594340893624921e+00 2.515477106963127651e-01 -3.935208342233414980e-02
2.913398437184503420e-01 -4.795666912293951034e-01 3.940262148311223900e+00 1.723328088164994831e-01 3.236293281940725436e-02
3.357084197658317115e-01 -1.239302462584581516e-01 3.732386020904199686e+00 3.560337781293694825e-01 -3.304871431965692580e-02
3.702090495388689062e-01 1.178536944742735737e-01 3.529412338155714757e+00 4.616093846195347128e-01 -9.453038029513480267e-02
3.020879544817928752e-01 -2.374464638367621283e-01 3.763926445110778118e+00 2.849487237833217557e-01 -2.167784660174425920e-02
3.042167431230166086e-01 -2.608829431325781489e-01 3.809761081195036869e+00 2.426415382364252582e-01 8.197689183285047920e-03
3.203206056543438374e-01 -2.959214647693587108e-01 3.842507401552988089e+00 2.990950717499482048e-01 3.500681836956176518e-02
2.920054994762140144e-01 -2.949045857312367347e-01 3.828799266235816567e+00 2.321028539799681323e-01 1.509352222670869506e-02
3.110236548880192520e-01 -2.646930405257290619e-01 3.810040759612689509e+00 2.431071855834520679e-01 -5.992546306131067702e-02
2.526240595974337810e-01 -3.521806944417958940e-01 3.858279385771113734e+00 2.180858284785906764e-01 2.045390543932543506e-02
3.851693474221467017e-01 2.198609369517879886e-01 3.482711558470546809e+00 4.786177205419634428e-01 -8.067935726819509823e-02
2.795210859899849853e-01 -4.693007198662789148e-01 3.909204533567519402e+00 2.271825020577767640e-01 1.165876631868569685e-02
3.027884163307769105e-01 -1.805723812299116493e-01 3.725403435413611852e+00 3.461200209591525634e-01 7.663094400688234831e-03
3.458891964385734652e-01 -7.458484148344013409e-02 3.683672367364633438e+00 3.262031217398277949e-01 -8.938399713871042485e-02
2.846037554423754279e-01 -2.333850806110731591e-01 3.693959199680882044e+00 2.283584798144706052e-01 7.497541404327734416e-03
2.850335604575207626e-01 -2.534896712789632134e-01 3.791369208876755437e+00 2.727671952761741014e-01 3.632243735212668800e-02
3.074228818952249864e-01 -3.184913009698722153e-01 3.822098247306569441e+00 2.606703266084006154e-01 1.406844484557311092e-02
3.243117864842374187e-01 -7.738820972022483757e-02 3.624835985830119345e+00 3.429026489001571476e-01 -4.025170588098259117e-02
3.081782258468404589e-01 -3.580001741814052840e-01 3.926330270003588474e+00 2.470590993408133818e-01 1.165258248457413243e-02
3.087396042018827891e-01 -1.194006252430694914e-01 3.703890409338724155e+00 2.942701046369536888e-01 -6.708570031547312143e-03
3.315008083346411283e-01 -9.906773766560385275e-02 3.701029766001669774e+00 3.413071429659017553e-01 -3.494588151222439293e-02
2.905714800011903742e-01 -2.767702775911020652e-01 3.766758019825023673e+00 2.230844340680316062e-01 -1.823117443786867811e-02
2.977836354596860580e-01 -1.969235071121092917e-01 3.734427931141633294e+00 3.070784326851312973e-01 -1.811207341476591542e-02
3.094694951191976351e-01 -2.039095776636050683e-01 3.755989701528359870e+00 3.037966038653988066e-01 -4.355201305075883517e-02
2.988278332764942036e-01 -9.104275232012416785e-02 3.640021358866893486e+00 3.266210825042396571e-01 -3.241725316517686528e-02
3.286342125000371039e-01 -1.459224856425953565e-01 3.764688142043915775e+00 3.814872655430048276e-01 -6.437072357838168057e-02
3.119011057683374055e-01 -1.828634122531144768e-01 3.682075832288028927e+00 4.111452319262726696e-01 -7.329325968210502473e-03
2.964609924706270161e-01 -2.340315871161918748e-01 3.786776721147225633e+00 2.778591147169117703e-01 -1.618024765932207787e-02
3.239332925534704199e-01 1.472317087923069590e-02 3.557376742985280949e+00 3.111983194345806503e-01 -9.630339272708081377e-02
2.745480292899394326e-01 -3.466582474274130798e-01 3.871146550201156167e+00 2.235194941465318830e-01 -3.202568169453242491e-02
2.960921076758906700e-01 -2.020760985291075451e-01 3.717504642939194248e+00 3.645997995510196210e-01 -3.198040760250538822e-03
3.431966464377568249e-01 -1.543275555589425641e-01 3.725667729653548310e+00 3.757704141133834108e-01 -6.337343771603076714e-02
3.161917723169246908e-01 -2.868407930667940531e-01 3.772899877832137872e+00 2.942295464977741637e-01 3.278008214454727204e-03
3.057701708999173706e-01 -2.475291678351744240e-01 3.838753695617576067e+00 2.506877957574462079e-01 -3.800957274224983640e-02
2.887309447405203011e-01 -3.460415041093495292e-01 3.826873690312854404e+00 2.242439039941056811e-01 -2.411184983065498347e-02
2.782569488896924903e-01 -3.756094840353598752e-01 3.932342497449762941e+00 2.509471592017795682e-01 -3.335510493491317119e-02
3.040679213604417508e-01 -1.970160362890537309e-01 3.728266189046792078e+00 2.491959869906307523e-01 -3.187505053237806030e-02
3.527457752916582923e-01 5.945379143034423830e-02 3.563697320844438465e+00 4.350542468649755135e-01 -8.267586726536001185e-02
3.049547440324339442e-01 -2.966134112903265896e-01 3.828264958484317138e+00 2.668661298364308765e-01 -2.061501217956813320e-02
3.195417044307947707e-01 -1.409768750804888116e-01 3.672107956456045041e+00 3.634150129714099342e-01 -6.437837468129276042e-02
3.104715340202779394e-01 -1.063522066326478555e-01 3.652142164688967352e+00 2.935186257334307935e-01 -2.168220661397038743e-02
3.089326004683011218e-01 -5.363968928428417687e-02 3.676767118540009704e+00 3.214954417829690714e-01 -7.919796765536697702e-02
2.931142641236561541e-01 -2.784497611661076455e-01 3.820799461323771240e+00 1.919778405950608169e-01 -1.749708213903377815e-02
3.290893231287524423e-01 -4.063127450068987345e-02 3.606918204855801502e+00 3.539165300296349681e-01 -2.570963337340668314e-02
3.132100912849167806e-01 -2.047528132057290229e-01 3.760513392334932536e+00 2.336011124529882577e-01 3.088269587135150651e-03
3.007677684362587978e-01 -3.360128704294987889e-01 3.868307939616656199e+00 2.417605119815987302e-01 -1.036226782925742107e-02
2.714109349179527619e-01 -2.031839449752073923e-01 3.709452497543863636e+00 2.120881085197975080e-01 6.490097717406551059e-03
3.214117561040771287e-01 -1.091262613002986215e-01 3.659822832654309188e+00 3.097843194872520467e-01 -5.063015543309202365e-02
3.320981360808861194e-01 3.316517427421408759e-02 3.573651716488752683e+00 4.056710179123760862e-01 -4.808303472302308257e-02
2.950749657359393874e-01 -2.447763486232633345e-01 3.772451520632452038e+00 2.366827538821852095e-01 -5.052643179539047236e-02
2.797798349189200562e-01 -1.838713863943825799e-01 3.686176787639211749e+00 2.633683112764503287e-01 2.364795424805310811e-02
2.944563665920507667e-01 -3.618580796726877935e-01 3.899441606192706189e+00 2.554479298954150934e-01 7.299919546747287401e-04
2.987125043823289916e-01 -2.660036634167459724e-01 3.805890363872643789e+00 2.450757141041831066e-01 1.951658359963132430e-02
3.066057065195041953e-01 -1.958079065571692590e-01 3.757190549394888723e+00 2.860467707717505026e-01 -4.437604155060406730e-02
3.143841699804387213e-01 -1.655047968306420092e-01 3.767151487869162096e+00 3.141823187973283860e-01 -5.244040432198592699e-02
3.224480059061508586e-01 -2.252981576294345589e-01 3.778034200094628314e+00 2.687405200307521058e-01 -7.956380561712616400e-03
2.860812907357170864e-01 -4.026168645063430418e-01 3.884386472377170385e+00 2.516368609190230421e-01 3.816016891297772246e-02
3.173838752808311736e-01 -3.584384607355942665e-01 3.864322151970097874e+00 1.992479123600891244e-01 -6.442111658329489378e-03
2.970293472234757925e-01 -3.913133759647668963e-01 3.911088187031611874e+00 2.260492595062789656e-01 3.670226360555772782e-02
3.148727310563382287e-01 -1.482563764953983843e-01 3.701195291522767050e+00 3.257297796347404240e-01 -1.743405990503247432e-02
3.067877294409164235e-01 -1.486976835324658464e-01 3.724360629391894939e+00 2.830655156595148769e-01 -1.119120973413538500e-03
3.277413467292065175e-01 -3.727847288476140997e-02 3.629792785886492901e+00 3.286412399503041426e-01 -6.837023592438153108e-02
3.126953388102305387e-01 -8.777138711389856351e-02 3.656540019218021964e+00 3.108696834120182051e-01 -4.055296318283131002e-02
2.835614939417558933e-01 -4.339772238490096634e-01 3.909199261489263222e+00 2.416397307432745500e-01 1.015517852516874611e-02
3.069018255921354132e-01 -1.523909967982384761e-01 3.693044208600622991e+00 2.850325711956816499e-01 -2.667315500786440058e-02
3.168459836754828340e-01 -2.015231621530266248e-01 3.685520397273047255e+00 2.692178298901341527e-01 6.839475977894540759e-04
3.068360372731710473e-01 -1.847751921592720170e-01 3.740434381452610868e+00 2.819267799633430882e-01 -3.502752571940498383e-02
2.979570008441065343e-01 -1.383110393156773699e-01 3.661001634330242727e+00 3.043379953355358492e-01 4.086951850832895583e-04
2.764976658050606884e-01 -3.903345358286277600e-01 3.864756522404445782e+00 2.308679335327402105e-01 5.398307669809204040e-02
3.209360376224819067e-01 -1.884207315446521924e-01 3.753062655495148281e+00 2.892445222228336998e-01 -1.791358320613525151e-02
2.980465206187825067e-01 -2.153986472770726968e-01 3.762035794341228812e+00 2.822489826390918721e-01 1.010600093924945986e-02
2.904238330086948427e-01 -1.937055465523090103e-01 3.700155448462153718e+00 2.807928139672896117e-01 2.295135588980818514e-02
3.075926511443374811e-01 -1.024965528215072696e-01 3.665840389641374042e+00 3.527246515280338390e-01 -1.194945447929795720e-02
2.896304682671464459e-01 -3.893654812419080069e-01 3.886620675010626247e+00 1.925111060414657349e-01 -7.724549489829269852e-03
3.279406140659401059e-01 -1.933071587669957514e-01 3.778180846733667497e+00 3.697807640246279504e-01 -5.159896941806402931e-02
2.959553980825719854e-01 -2.341868518136551447e-01 3.813871419905455973e+00 2.531147746816792554e-01 6.554749499187042736e-03
2.852460750220791597e-01 -3.904187674330494850e-01 3.866131370170286630e+00 2.094516626851284924e-01 4.317449249143325007e-02
3.009856037229792225e-01 -3.626546690254975891e-01 3.874026901443158089e+00 2.283728210774515488e-01 1.211220390572778118e-02
3.176716247380088620e-01 -1.040250108936015272e-01 3.652687962901450369e+00 4.016272566255763010e-01 2.299338428248337562e-02
2.915107171902922567e-01 -2.450152754189137416e-01 3.730154741866108292e+00 2.787162075321193422e-01 -3.468352971625798808e-02
3.143483668866203784e-01 -1.201885448432950670e-01 3.685101901036601291e+00 3.708030311434473703e-01 -5.071375592083020301e-02
2.926878100301533725e-01 -2.242242816726153221e-01 3.737985179850447537e+00 2.343700793171409058e-01 -1.886251650497580007e-02
2.915831801916089483e-01 -3.502877476817101710e-01 3.900991052564739103e+00 1.999766715953712193e-01 1.491883568897197157e-02
2.885966006456692212e-01 -3.331634181531857863e-01 3.840043716537962393e+00 2.502436201738209021e-01 3.880870101114927001e-02
3.176963261136305228e-01 -1.884061808579079178e-01 3.761881394305222504e+00 2.969780231822094496e-01 -9.035824446171238089e-02
3.299964604148619141e-01 -3.870237258164650057e-02 3.575475728712874446e+00 3.990149714868223008e-01 2.264704849342415172e-03
3.474855988316448152e-01 -1.826535950539481812e-01 3.801679124797288534e+00 3.594728843926950912e-01 -1.652142808358230894e-02
3.279037003931681848e-01 -6.823453587792868702e-02 3.650017633749025769e+00 3.350046366439460854e-01 -3.055203116755154241e-02
3.007101982847999455e-01 -2.366246223656799375e-01 3.786306175956431819e+00 3.553349550954021385e-01 -5.110979289862883565e-03
2.973473628909305000e-01 -2.229320405082851897e-01 3.721236451411170432e+00 3.154340099829651134e-01 3.064397126371225938e-03
3.259307346003724182e-01 -1.794533850151551757e-01 3.720634283418306154e+00 3.617091094786550332e-01 -3.176594338589214250e-02
2.910286789585048717e-01 -3.504565334688469203e-01 3.942091278455382319e+00 2.284336428452493906e-01 -1.229117292859204826e-02
3.147976978197897235e-01 -1.967856221709567144e-01 3.806791674779872015e+00 3.358340993860901569e-01 -7.978829296633863088e-03
3.143208624027049036e-01 -1.971869141300112982e-01 3.716029958249018605e+00 2.844296877638152754e-01 -2.716030385721094481e-02
3.016006392220282328e-01 -1.990215754358305722e-01 3.754959270390374027e+00 3.162295975615126431e-01 -3.028451389130971949e-03
3.142317942970607736e-01 -3.804261460637781145e-02 3.595565490871666992e+00 3.935641785461849174e-01 -4.289971192935931182e-03
3.204337166173751861e-01 -8.186443503304388636e-02 3.674947934915330450e+00 3.409585203057597935e-01 -3.423162182703559653e-02
2.957343660330448154e-01 -2.895856365470782512e-01 3.813142063060290798e+00 2.858572685889081977e-01 -4.845725729629199452e-03
3.048022336377289587e-01 -1.622154654071126523e-01 3.712186645352352876e+00 3.180813494459155955e-01 -2.535619966833834241e-02
3.164388242734403889e-01 -2.443648650989279081e-01 3.753949244090422965e+00 2.443008581879836938e-01 -1.328367668690571927e-02
3.116860915422434708e-01 8.594604618122281270e-03 3.563268803334413093e+00 3.803397407463855462e-01 -4.492566802528599745e-02
2.888244400737692286e-01 -3.907288611009961388e-01 3.885026957808189962e+00 2.441177089638126574e-01 -8.113270463453853970e-03
3.016869986085420341e-01 -1.865627857429584258e-01 3.698476162313331983e+00 2.443680283055039426e-01 -1.884744326721678187e-02
3.129885234132608884e-01 -1.411105582045242002e-01 3.682124276760466497e+00 3.558317932150108498e-01 -2.698050482482589399e-02
3.070107722264520111e-01 -3.181187208869225014e-01 3.834958714680197556e+00 3.179228730666214808e-01 -9.400939861757721255e-03
3.014357222692634619e-01 -1.206069463315121437e-01 3.677243424307346409e+00 3.188521015598433372e-01 -1.959151504781850295e-02
2.756141042928121343e-01 -4.270128637630271062e-01 3.866243587854119923e+00 2.081301779477296165e-01 1.107160044345576952e-02
3.114102069942014106e-01 -4.276085825240950877e-02 3.642232267481798846e+00 3.222216932298145875e-01 -5.986753707544965886e-02
3.062673216029586643e-01 -3.192689300131612007e-01 3.871769081602293827e+00 2.649297589323971192e-01 -2.945437481286156817e-02
2.875157174509223590e-01 -1.252689778420301436e-01 3.601241399291244427e+00 2.921366709582000620e-01 1.695341111053350405e-02
3.439113318626894622e-01 -1.224113407904687534e-01 3.680703052879922055e+00 3.333430216452693551e-01 -4.480201747148622460e-02
3.230885555221842953e-01 -1.580738136971065744e-01 3.723805790319078657e+00 4.233150258188713710e-01 -1.576023295721280110e-02
2.792058226727476833e-01 -3.320366190619139513e-01 3.875748541143468007e+00 2.183489447573055964e-01 -1.549255120280935982e-02
3.234270153115897939e-01 -2.083336020706076375e-01 3.787343164377971583e+00 3.379460194751350843e-01 2.187048921289822673e-03
3.096153024759146222e-01 -2.102759417171130574e-01 3.756640357528248764e+00 3.289356716961413518e-01 -3.011476417983354609e-02
3.043630071884759758e-01 -2.160470876453410849e-01 3.773395994426994360e+00 3.175349171675949655e-01 -2.816208547936576573e-02
3.022082403402029382e-01 -8.396588172928930172e-02 3.620497336139544942e+00 3.183280859068424173e-01 -2.493832158112766276e-02
3.325194461573375282e-01 -6.413983095568309700e-02 3.648081100097126495e+00 4.075628919141438544e-01 -4.515090662482974110e-02
2.825263093887329102e-01 -3.441399342756528146e-01 3.872650756604884670e+00 2.685985219747577535e-01 2.309393385401803042e-02
3.435533182063171265e-01 -6.658963480348650821e-02 3.656282273115094128e+00 3.386334810290081432e-01 -1.016222098741576263e-01
3.012617696588741345e-01 -2.072418080205008784e-01 3.766129921681305781e+00 3.537544540410482163e-01 -3.562881209727568332e-02
3.010876446894600322e-01 -2.654772813987253954e-01 3.784373264113973789e+00 2.770534193375365217e-01 2.824789236741132720e-02
3.166445411523258757e-01 -1.599708542712715009e-01 3.775387878803058594e+00 3.269756947494536492e-01 -5.058069886269569992e-02
2.891958082923557494e-01 -1.744653674256611553e-01 3.732044984766341056e+00 2.552577825811048751e-01 -1.622927981997795976e-02
3.163321172332946851e-01 -4.435420411320351031e-02 3.616608924358639676e+00 3.769452513034685648e-01 -3.750814773076679987e-02
3.207533015671218957e-01 -1.937315255667996228e-01 3.678194675663910562e+00 3.468740650256721958e-01 2.027865266390238216e-02
2.950104175971550724e-01 -2.793703661144523176e-01 3.804112756225416447e+00 2.141727540274171171e-01 4.080339333132425306e-02
3.034314085612289658e-01 -3.790147937707003534e-01 3.920917376609555749e+00 2.163791770098058564e-01 1.832278070725528590e-02
3.279676214909827414e-01 -2.632240531701521280e-02 3.602437347913210353e+00 3.345716856586832821e-01 -1.724725291371379671e-02
2.675829886154679760e-01 -2.974524635994694743e-01 3.786303592995761580e+00 1.927901727639664831e-01 4.813747313202132450e-02
2.875111324092883835e-01 -3.111116293292620627e-01 3.797962638334746899e+00 2.714151418339720845e-01 5.056130525211074977e-02
3.140412580231338180e-01 -2.780575178572705641e-01 3.799952617462723392e+00 2.831172508284934275e-01 -3.901621115599215178e-02
3.259890053384423836e-01 -2.101135926287352185e-01 3.732321101299596489e+00 3.215606395390765981e-01 4.228781830638680267e-02
3.293568462859751689e-01 -1.720165910829488110e-01 3.691439163653125188e+00 2.752933918893795129e-01 1.184918483465770972e-04
2.964002599187497422e-01 -2.597400383792867196e-01 3.829583871741551349e+00 2.474859507879912379e-01 -1.210003258818096936e-02
2.864267763532138411e-01 -2.694150554058887814e-01 3.789358245165923567e+00 2.947173896643255353e-01 -1.685754228331473939e-02
3.060439916449874120e-01 -2.390037728670210693e-01 3.794911623504665599e+00 3.355828072906522075e-01 -4.624121911233704252e-02
2.802665767862169699e-01 -3.724533866509425195e-01 3.900130262018395300e+00 2.451952922398640544e-01 1.365843861284879099e-02
3.064461788331978020e-01 -2.239233837040060515e-01 3.797006828269072098e+00 2.747804098128158179e-01 -2.862655891836757630e-02
3.331977907021771990e-01 -1.363541092157673218e-01 3.702438811603887103e+00 3.195462936559345657e-01 -6.519375957100773111e-02
3.117272751247179285e-01 -7.705779609508564554e-02 3.632489898494947855e+00 2.619783693736936203e-01 -1.771404529316752963e-02
3.369198700428239768e-01 -1.945269879468551621e-02 3.565373972588131046e+00 3.221295599126349773e-01 -3.342375091409732768e-02
3.442798480394986815e-01 -3.659075857385987729e-02 3.617893660448385340e+00 4.398186945909037249e-01 -1.966596502970734128e-02
3.357671536488601172e-01 -1.135871373475586810e-01 3.655543132260641315e+00 3.637043327336505483e-01 -6.652474549608053400e-02
3.208379103338513394e-01 -1.503801790215775203e-01 3.698342171090652997e+00 3.154532156288886724e-01 2.462860334425050896e-03
3.030403587773565777e-01 -2.355779392192586807e-01 3.790603171239160130e+00 2.499102517072054885e-01 2.574802509326758887e-03
3.188676044690249012e-01 -1.446062829944239070e-01 3.674474820680923681e+00 2.736948887661241892e-01 -4.078260741001732415e-02
2.893772820519732725e-01 -3.321883680202761813e-01 3.804136960064928186e+00 1.583866068651326453e-01 -1.722411670160415437e-02
2.813980774403979646e-01 -1.512316751121248470e-01 3.683142694902167946e+00 2.903256862365777846e-01 -6.446851574405908225e-04
3.147092382594838811e-01 -9.868946342851778186e-02 3.709679966172782617e+00 3.659616332763088176e-01 -1.433126625128361246e-02
3.184388011731410506e-01 -3.757155652080526598e-02 3.623101776278779163e+00 3.746384616565697767e-01 -1.389539731927443011e-02
2.944110931748943338e-01 -2.179973618850003791e-01 3.709477486825990766e+00 2.185315311411047123e-01 3.354512736464923366e-03
2.880942570166000749e-01 -2.797435477962315065e-01 3.854619929017961688e+00 2.280331303317362224e-01 -3.810952093170413835e-02
3.140105639837993956e-01 -2.023746261810765446e-01 3.781071184895147042e+00 3.864691700972097133e-01 -1.604802783994527596e-02
3.066993411467897612e-01 -3.791702828801750691e-01 3.864932071022128657e+00 3.003437106271355517e-01 1.676364276570127543e-03
2.916581674719737616e-01 -3.488965714276661134e-01 3.829363935226018256e+00 2.462036421118813101e-01 4.383023310679834417e-02
3.194401280456476977e-01 -2.898172286970445155e-01 3.777102153092742665e+00 2.795330414051160339e-01 -1.567586935228808959e-02
3.059276393614066558e-01 -1.205332600560029416e-01 3.634194158714970868e+00 3.130466531049312939e-01 -8.787694153676497283e-03
3.228703896352332348e-01 -1.937616510602162001e-01 3.704819595992678405e+00 2.886208582788218346e-01 -3.643247605596991456e-02
2.936209286348548386e-01 1.347506422793907227e-02 3.537919031417988691e+00 3.511170206840804053e-01 -1.720806621209353821e-02
3.014690695969776679e-01 -2.535931822737293451e-01 3.767396280497758987e+00 3.067965196975188102e-01 1.258995437631572206e-03
3.205345135498384734e-01 -1.428353698408705019e-01 3.769280901734448186e+00 3.958617971650893463e-01 -6.256860165885355651e-02
3.029581536662395713e-01 -3.246610079407187266e-01 3.880143951255622170e+00 2.301139752012650863e-01 -2.561609407716732706e-02
2.768193187483479756e-01 -4.241407850664655199e-01 3.934610050560699790e+00 1.947203709934381688e-01 -3.898956116355940804e-02
3.003197957912482341e-01 -8.810814567039725043e-02 3.651814520531248665e+00 2.701010806429053335e-01 -3.604264438195669412e-02
2.935740784021225736e-01 -4.742520004687839075e-01 3.934449270180041758e+00 2.723542133647515184e-01 3.592126009848653490e-02
3.284368639926720790e-01 -9.529007611639433994e-02 3.655790601212661972e+00 3.692238755848398779e-01 -5.184719972265897786e-02
3.052084159458210433e-01 -2.359790250984906690e-01 3.792784803403066451e+00 2.643136942433268466e-01 -4.377410294653670542e-02
2.989821392008958911e-01 -3.183700557742688009e-01 3.840780292148612496e+00 2.481127528563913942e-01 7.327987390218747288e-03
3.129437313984944624e-01 -8.117754634129850655e-02 3.627346778036533603e+00 3.000275049190997412e-01 -1.482160623630815813e-02
3.078317082268950400e-01 -5.006545317077140678e-02 3.607417339347945173e+00 3.464199270855947144e-01 -7.085114491683935922e-02
3.023659680968998620e-01 -2.560527038185433368e-01 3.728842569914641913e+00 2.170499736675750857e-01 -1.677596181898225597e-02
3.290561843231210593e-01 -6.377949294059971630e-02 3.656963359442546579e+00 3.116162211896055245e-01 -2.047915156693904531e-02
3.188328514433152461e-01 -1.725080818419075790e-01 3.754514103361810573e+00 3.800343449411610619e-01 -3.545084638055202853e-02
3.239233374218317696e-01 -2.796884964208352642e-01 3.867336930535335338e+00 3.270163453470682491e-01 -6.497684339508390250e-03
3.165604877532023353e-01 -2.657352465823532017e-01 3.828909926762669169e+00 3.478335048482093517e-01 2.360543410025911157e-02
2.875310923901250315e-01 -4.246272460068500343e-01 3.932461684309094263e+00 2.602773208829786689e-01 2.864418044095738344e-02
2.815677730473698515e-01 -2.904324463057514905e-01 3.763705299784284808e+00 2.891884779867114896e-01 -1.294012288194222593e-02
3.054324445143736244e-01 -2.676558658483698672e-01 3.849636223243502187e+00 3.740424136681254064e-01 -2.949374421196142640e-02
3.029268742432386086e-01 -4.330792770717398765e-01 3.945771551217366557e+00 2.863148415362737342e-01 -4.250535695430900096e-03
3.166688579391314651e-01 -2.305833485985550046e-01 3.720485725102413266e+00 2.784604907308042554e-01 6.405279092294734189e-03
3.386140698218439438e-01 1.395049172615639987e-01 3.415711020623788396e+00 4.731658656409525876e-01 -7.333651159515464091e-02
3.049795231259224693e-01 -2.793136751150763208e-01 3.822849724412391570e+00 2.919160802188531245e-01 -3.089312331010696591e-02
2.971601396725428446e-01 -2.590803640958529441e-01 3.764375327368276736e+00 2.765003747747132867e-01 -4.737765648426438964e-02
3.483120242415491674e-01 1.052604223177512344e-01 3.500501921820311946e+00 3.552370365161167109e-01 -9.357045552358327078e-02
3.306961501466897935e-01 -1.049467344960999249e-01 3.709263862572239834e+00 3.421614686029542107e-01 -3.448413217720357193e-02
3.001992875843650377e-01 -2.389391042027225742e-01 3.799406232419598961e+00 3.129114456912814313e-01 1.610377495173723889e-02
2.934703747028897247e-01 -4.450888544020810134e-01 3.888318334073751714e+00 1.651355642991359229e-01 5.239447129035397499e-02
3.041417394491706117e-01 -9.705125498311803489e-02 3.575710624162218298e+00 2.940036111408397268e-01 1.040034318435819824e-02
3.162521879942697955e-01 -2.099121206369671255e-01 3.742062047686501636e+00 2.788414412757483918e-01 -2.532593324862840445e-02
3.117068394483533122e-01 -1.545700063224202392e-01 3.722568476541870286e+00 2.776931019840506720e-01 -3.920225144894766423e-02
2.894627520731047898e-01 -2.318398088918302569e-01 3.783466924647943319e+00 3.339939623979062966e-01 -2.762968419343281995e-02
3.004377574898793868e-01 -2.423421576015256373e-01 3.770337451535876738e+00 3.447888473276051746e-01 -1.237031259052658039e-02
3.115086328478070543e-01 -1.836639568997672500e-01 3.729275776169101331e+00 3.566660868724388367e-01 -4.544760047343225640e-02
3.302279081538882499e-01 -7.746422086924797945e-02 3.665059198958844799e+00 3.894386690653360295e-01 -2.765164300485847479e-02
2.872982137399161529e-01 -3.654638633246510837e-01 3.915714785913362306e+00 2.165522262802155318e-01 -1.784043774062856608e-02
2.976219073164297346e-01 -1.398519637863961107e-01 3.710360825618935987e+00 3.524287285103202549e-01 -1.484853523594347954e-02
2.565664992030710634e-01 -3.328317779756211903e-01 3.779198578665331265e+00 1.479603825999043498e-01 -1.726006012793761257e-02
2.857653189417614370e-01 -3.307761670038016910e-01 3.820166186543083597e+00 3.033854873434780886e-01 -3.717068926874199375e-02
2.890904528919917005e-01 -3.275951519482968033e-01 3.838401217562030787e+00 1.921696168410197136e-01 1.462875995591178188e-02
3.342484245658317032e-01 1.053650577303384267e-01 3.501263855077454856e+00 3.737326159772098588e-01 -8.150593506616125861e-02
3.017045247844865052e-01 -1.230990796121816944e-01 3.701247957976638414e+00 2.887323264999940853e-01 -1.721907813450793655e-03
3.240984921228102777e-01 -1.378313473051495652e-01 3.722028077650830546e+00 2.836105038930751832e-01 -4.889246111828653846e-02
3.005045112898445669e-01 -1.661876407073458461e-01 3.736911489371440354e+00 3.208759074774987230e-01 -7.410142884578314881e-02
3.178219434695697121e-01 -2.137706957750373227e-01 3.780655018755961994e+00 2.781814756064438510e-01 -3.228595548099603280e-02
2.991642815897359586e-01 -2.874754179697399659e-01 3.822996525358127506e+00 2.664394078216403838e-01 2.483071331597753659e-02
2.866894670471437090e-01 -3.299733465684583922e-01 3.804163945173552719e+00 3.018199971285976391e-01 -2.277422909249873784e-02
2.914303804694270417e-01 -1.980885106983179267e-01 3.706428716311943816e+00 3.101093336688832136e-01 -8.391379022915649438e-03
2.579817579556402674e-01 -4.752243101889121468e-01 3.986954874061221954e+00 2.287340226051541303e-01 1.726937903649046480e-02
3.188237206544499713e-01 -2.431083666190224646e-01 3.775037113161370694e+00 3.185847467565769420e-01 -3.659672533276508988e-03
3.108570516508671333e-01 -1.655650113884548080e-01 3.709672249809884637e+00 2.846912857398507524e-01 -1.915743002913461446e-02
3.045731255828834638e-01 -2.131738444943147293e-01 3.754172032530166625e+00 2.836767638746019449e-01 -7.462574414904242504e-04
3.202765114208832586e-01 -3.117560992085177674e-02 3.669226783883018150e+00 3.475892196290796266e-01 -8.781519071174391511e-02
3.316311963189134682e-01 3.407640116810529973e-02 3.626582461589285433e+00 4.067120858552553120e-01 -8.418717510795548087e-02
3.254439410987969850e-01 -8.612556655131359262e-02 3.628232977726487896e+00 3.181664335290703693e-01 -3.286006454598899493e-03
3.140265552380962499e-01 -1.218538266887865262e-01 3.666516621670055098e+00 3.103881585432226586e-01 -1.056162813966977226e-02
3.109676867005499168e-01 -1.705604556598490640e-01 3.694568804913016091e+00 2.252692471055870171e-01 -7.736596639475186443e-03
3.039472332957818823e-01 -1.081571013294998218e-01 3.609322512985774889e+00 3.385535928664356597e-01 4.155633032175283514e-02
2.920779288119680350e-01 -1.822864853692929554e-01 3.764705983365720154e+00 2.433081482131000395e-01 -3.662410667798771807e-02
2.969100390910006104e-01 -2.699265156705825675e-01 3.779087072419620608e+00 2.744086924649875026e-01 -1.812699576344905042e-02
2.908193051392746198e-01 -3.888020754293957104e-01 3.846534511786237953e+00 2.584765142484165001e-01 2.767043345916470054e-02
3.356004601706369384e-01 -3.679375487245609144e-02 3.666039534260013610e+00 3.400022452666574546e-01 -1.365613420424933999e-02
3.085033613085166326e-01 -2.382586274630234535e-01 3.746310008582538931e+00 3.188308176538304228e-01 -1.970944606193984414e-02
3.431061184999141811e-01 -1.503789278302156140e-02 3.647304010535887375e+00 3.725646031305457906e-01 -7.548339725056008032e-02
3.001680219673490413e-01 -1.623291714889588677e-01 3.752210825529934901e+00 3.259094328990687628e-01 -2.821760530966632707e-02
3.081258474376828982e-01 -3.043927728374837272e-02 3.572852749999059885e+00 3.534003302221901399e-01 -1.511133679391101631e-02
3.122139931750538278e-01 -2.632781573651377660e-01 3.813805848968566004e+00 3.184413239036895105e-01 -7.534021529712043447e-03
2.703242661542365477e-01 -4.232222025583055047e-01 3.838495135498939614e+00 2.782408077731714502e-01 -5.211929143079115090e-03
2.886448391737872488e-01 -3.984823095224145351e-01 3.888222716860721739e+00 1.413106684983921335e-01 2.497288199529396416e-02
2.961868616315265768e-01 -3.265912275507396045e-01 3.802317068797402833e+00 2.042122660890658692e-01 4.446549138229358156e-02
3.165010157135616509e-01 -2.816492770123157907e-01 3.795036500127052292e+00 2.716858763655540243e-01 -1.166592313236617523e-02
2.740673655192709113e-01 -3.171959308506573927e-01 3.774029071454834572e+00 2.243620847591248357e-01 1.158883732979013731e-02
3.054379646737796494e-01 -1.921321591552379027e-01 3.755264527092692539e+00 3.318477730028218664e-01 -2.988385685060691507e-02
2.856423284690023379e-01 -3.003104594123884308e-01 3.814597536488361751e+00 2.915481045311965613e-01 -4.199836648509185089e-02
3.212006964149572985e-01 8.837127670887620634e-02 3.512615479529809903e+00 3.983550905329070746e-01 -1.565842864470231091e-02
3.112268849794920800e-01 -9.702349156603826130e-02 3.626977606187373304e+00 3.230558841913427348e-01 -3.914047421924983505e-02
3.083427144834122169e-01 -1.995254152020299321e-01 3.761421329823097626e+00 2.801820666144738126e-01 -5.163496603769204829e-02
3.010830697248758625e-01 -3.113142351160729238e-01 3.835222290748547369e+00 2.939657828247791982e-01 9.912045312130727051e-03
3.345469850321982630e-01 -9.066439154230003516e-02 3.677941672922565797e+00 3.440426102296395006e-01 -5.911617337500973957e-02
3.215677277833839387e-01 -1.020378157286377652e-01 3.672762152765145061e+00 2.922461823083157273e-01 -4.441313575918589412e-02
2.806073080837443445e-01 -5.054002843396384614e-01 3.909078689862707900e+00 2.018829645049772803e-01 4.101552002642472328e-02
3.091932214204823337e-01 -2.450607540751384983e-01 3.736524569068990775e+00 2.053226394006241184e-01 1.312760976540391228e-02
3.338444640302362099e-01 -1.453090111797570583e-01 3.682997934623078784e+00 2.936605775493252857e-01 5.311779923234775935e-04
2.786853781992845724e-01 -3.583051913163345925e-01 3.909495506901374373e+00 2.087229158625547865e-01 1.459319213669798415e-02
3.009203542848852275e-01 -2.783896847337294367e-01 3.783225854148037914e+00 2.605614523811907723e-01 2.446177687034770988e-03
3.066192430241982403e-01 -1.518448510992323475e-01 3.683217134183694341e+00 3.791953345430416622e-01 -3.030293084260112998e-02
3.086298802960695253e-01 -2.447717199405206046e-01 3.815834331730246998e+00 2.916174071463269457e-01 -1.250392033616031483e-02
2.994731326380425385e-01 -2.564290090437116310e-01 3.824139023461671449e+00 2.791093594847821602e-01 -2.692066472245002728e-02
2.875412617332838705e-01 -4.328751526269295491e-01 3.917687484525477437e+00 1.508204909941613936e-01 5.504298105676065644e-02
3.149681254095339500e-01 -3.585920232138222197e-01 3.918426399128490445e+00 2.436350258406006219e-01 -9.722072527037686068e-03
3.002822984911746040e-01 -3.272941609194453538e-01 3.839972718006265939e+00 2.892772815892722948e-01 1.167553263467773633e-02
3.091520867383478199e-01 -2.835616368439807244e-01 3.821553499590745862e+00 2.927812374770200066e-01 8.583574874744613614e-03
2.948628588122890193e-01 -2.080857265954456359e-01 3.762783340831347800e+00 2.786468472307722100e-01 1.240120229208496044e-02
3.243609640105943326e-01 -1.147121086717705490e-01 3.703295503390313215e+00 3.033196995928258977e-01 -4.801091490067140727e-02
3.396389734783162861e-01 -1.012079222991166400e-01 3.700523273169636251e+00 3.128088801441309963e-01 -3.825707539984275762e-02
3.158406786568582203e-01 -1.344520846525701085e-01 3.760060376494342549e+00 3.265243492004188397e-01 -5.437704362269269592e-02
3.012528714502439309e-01 -1.728363517747036338e-01 3.711221286070649938e+00 3.135194222918050722e-01 2.524493518098390107e-02
3.206586246810047003e-01 -1.454109174444176422e-01 3.708380128903820072e+00 3.368234534627585486e-01 -3.624685425185987520e-02
3.038545408692011063e-01 -3.035862990391874350e-01 3.826839687037389748e+00 3.242820549258304541e-01 -1.437949746898126158e-02
2.862047135345175408e-01 -4.310581124072332959e-01 3.917616954745261726e+00 1.825862759654028333e-01 5.222329173368017025e-02
3.233077309579566183e-01 -2.055820082840960905e-01 3.764594092255326263e+00 2.550412707568633364e-01 -7.655689881473543706e-03
3.108381236171696704e-01 -2.095362633168264543e-01 3.746290987162499420e+00 3.673246518861752463e-01 -1.268277106286532299e-02
3.184716124048264652e-01 -1.022925345131079911e-01 3.611000974010282860e+00 3.705192313501929346e-01 -2.066248328213486293e-02
2.806552479688755874e-01 -4.435912774681562420e-01 3.900656802070039841e+00 2.261319507770400694e-01 2.735315669055218141e-02
3.048009576198066339e-01 -3.191376423692021125e-01 3.849296769686413988e+00 2.749523316442566423e-01 3.681144193826699218e-02
3.268263206975880464e-01 -2.452247814629097966e-02 3.683783147876038111e+00 3.640836916951464830e-01 -4.138316528451584791e-02
3.429172074085959365e-01 -1.500616083520563970e-01 3.738094787461376800e+00 2.713429402994019801e-01 -4.921803442224410852e-02
3.247091724531154799e-01 -2.174388791397909027e-01 3.767578062641247172e+00 3.124337601152982757e-01 -9.487657238917385910e-03
2.963408680834671016e-01 -1.982537835443515528e-01 3.743645809227777566e+00 2.854294802846225609e-01 6.335415150979595636e-03
3.028016959948013898e-01 -2.057586665531307424e-01 3.769289487981595688e+00 2.781549338006985006e-01 -5.816830118554851964e-02
3.014374943946148133e-01 -3.204949570080095622e-01 3.831862412668843199e+00 2.527982369830180098e-01 1.615250798517089276e-02
3.300623941256882188e-01 -1.422118463174649738e-01 3.718330516128272922e+00 2.730794983021914701e-01 -8.415259548371971376e-02
2.955868736346869974e-01 -3.200072634046535747e-01 3.874069345462312075e+00 1.768628390889933899e-01 -5.893991295841331801e-03
2.786328280005697100e-01 -4.410189742857684170e-01 3.926556910240819764e+00 1.673733455489214150e-01 2.464175954567816851e-02
3.419045926047303285e-01 -8.456575039731090149e-02 3.671052128719771712e+00 3.067568498940232979e-01 -3.852634732644237558e-02
3.289134783543726237e-01 -1.471134273345984789e-01 3.750815309855050739e+00 3.219890604952264646e-01 -2.372852699136501764e-02
3.154256966103965443e-01 -9.037392890298831527e-02 3.663314235654088424e+00 3.611695628388745805e-01 -2.257550107200104531e-02
2.752168429569747388e-01 -3.752962427887138741e-01 3.928138653142591696e+00 2.492037386778278574e-01 -2.038967262038917858e-02
2.878656366632793007e-01 -2.764526882475071834e-01 3.732325670141012797e+00 3.373398096424100601e-01 5.024138774266521598e-03
2.951073930319443317e-01 -1.780401779705365894e-01 3.761751081450894318e+00 2.713521035667995074e-01 -5.339047439252662952e-02
3.066134393958208637e-01 -1.798948312416652207e-01 3.763436559517596258e+00 2.480748555497049868e-01 -8.197312257014116588e-03
3.308620163209759490e-01 2.653547588953981962e-02 3.567946927593785844e+00 3.033580604856114804e-01 -5.159565463505630389e-02
3.050255459229868071e-01 -2.884333882482002509e-01 3.827396355269165884e+00 2.821347397731563955e-01 -3.078987090204193117e-03
3.018552828842172575e-01 -1.798730287097867475e-01 3.725273200232342763e+00 2.674551851700098237e-01 -4.195691272349229284e-02
3.464536017262807577e-01 -7.621850912223966656e-02 3.711185093421258685e+00 3.802413445122705959e-01 -7.076329295645411577e-02
3.206246348087345432e-01 -4.823625036084518841e-02 3.661295588361333397e+00 3.665336726822113755e-01 -6.209877921822948288e-02
2.920322043770126053e-01 -3.127686466571973911e-01 3.855840689564768553e+00 2.017987483189484232e-01 1.704796364076108586e-02
2.713876952096789807e-01 -4.356238900023128302e-01 3.947731797333948744e+00 2.338647483195300525e-01 -1.740816037803062655e-02
3.139100021101027260e-01 -2.013734609376079121e-01 3.789514521948838421e+00 3.278436561302571217e-01 -3.097957677443719318e-02
3.278408537744835205e-01 -1.775349776308396965e-01 3.706257540491299629e+00 2.557798940110524999e-01 -2.534410128544883900e-03
3.352238634783477611e-01 -4.077966846149542329e-02 3.618684700000553534e+00 3.512119744626598927e-01 -3.102744712121723383e-02
3.123546243908635889e-01 -2.395912877536521268e-01 3.745537231623582208e+00 2.373252416113571794e-01 -1.288696173167527825e-02
3.232356608863911074e-01 -1.672632642278432114e-01 3.745761849907581542e+00 3.069616596957608357e-01 -2.040378215591523783e-02
3.214332304558001896e-01 -2.036146895801732026e-01 3.709333409522781011e+00 3.111333994631431121e-01 -3.883602995046317452e-02
3.327976643711026417e-01 -1.614361164638009327e-01 3.772579591814681166e+00 3.131516600358686953e-01 -8.773936788118695540e-02
3.463728979719044032e-01 5.805367704988404626e-02 3.485854020878958348e+00 3.866920159151644998e-01 -7.262516309959474170e-02
2.756012615583888214e-01 -4.090330347388417276e-01 3.960632864975595080e+00 1.797208805217072602e-01 -6.805873758951863639e-03
3.373245515758657720e-01 -1.621094916789754259e-01 3.712703608684042589e+00 2.947473948824051448e-01 -3.265444526940481512e-02
3.110973905563386155e-01 -2.886932647544753205e-01 3.823745709098980594e+00 2.588487932382583789e-01 -3.528924277504668500e-02
3.346862880545545260e-01 -2.477906567402234361e-01 3.832479338689207538e+00 2.875614236329709916e-01 -4.581653934212153584e-02
3.182274883025256740e-01 -1.409739492157086604e-01 3.726733683645953477e+00 3.968834114975244853e-01 -4.917631433457657353e-02
3.152163834005375365e-01 -7.735127333684310713e-02 3.651213871132465982e+00 3.214622052579073075e-01 -8.123564573821591417e-02
3.272742659138011545e-01 -2.482719664474287435e-01 3.821139945288255291e+00 3.213689901613769329e-01 -3.157715911959202426e-02
2.844238628006786618e-01 -2.136634672089408049e-01 3.702723659936871137e+00 3.391197617672589981e-01 2.978830919180164641e-02
2.979456047870836510e-01 -2.392124114147078928e-01 3.748980928426312698e+00 2.075610105023379393e-01 2.096488096122144096e-02
2.999509626277124807e-01 -2.783745971099254035e-01 3.802431377841133386e+00 2.974567321587957003e-01 -2.799697745739092303e-02
3.494468030673169023e-01 4.205768979930890605e-02 3.591124491297560173e+00 3.787177368067271566e-01 -1.071001063322277597e-01
3.311436052190838697e-01 -1.168145545511242722e-01 3.628502183285552629e+00 2.724406631702123716e-01 -6.282574226252495009e-02
2.935521068595690064e-01 -4.316379051562012070e-01 3.923332385000406930e+00 1.798292100918891523e-01 -4.765616739676559882e-03
3.073520724768780132e-01 -1.623947714139077347e-01 3.728031950609181688e+00 2.753341150545127736e-01 -1.485163086747554734e-03
2.862395892903811245e-01 -3.429214322667019643e-01 3.808706146361867440e+00 2.530261695859148952e-01 3.102846688940393699e-02
3.114855781953984604e-01 -2.393004039111505665e-01 3.789790397373991926e+00 2.875032047253779366e-01 -4.903802262622473929e-02
2.969679710118140470e-01 -3.857277822749957119e-01 3.834088984220605401e+00 2.203036862877512103e-01 7.664900076955029687e-03
3.490269597667881585e-01 -2.097763528910463193e-01 3.791257013056697822e+00 3.847220427202004411e-01 -2.136038683393580093e-02
2.895147560522010610e-01 -2.124132743020522573e-01 3.783721968676289737e+00 2.026551727649225643e-01 3.556796366009502310e-03
3.176100948336837426e-01 -2.105802807593547266e-01 3.771860113618172861e+00 3.081975308880123832e-01 -4.822588956937213373e-02
2.736016693355343143e-01 -4.175977429500732363e-01 3.891785080420629761e+00 2.066441640760503518e-01 4.843185968750970266e-02
3.330993989741659056e-01 -1.562589562702139390e-01 3.704905121794436873e+00 3.493240001184882981e-01 -7.287331449574474540e-02
3.442407274636608561e-01 3.500168807808479166e-02 3.637780132767985730e+00 4.194141333248350145e-01 -8.552667037457287180e-02
2.977562898538821945e-01 -1.881224123929666481e-01 3.744797600671037952e+00 2.589639462707362116e-01 1.040426804718335221e-02
3.121796328550184851e-01 -7.754185119324391584e-02 3.640966781179711731e+00 3.066614991347177410e-01 -4.546446113787052518e-02
3.184550442341280707e-01 -2.156008763851153531e-01 3.754407792959508328e+00 2.806851332067378801e-01 -3.176504232950735224e-02
2.982313131252339322e-01 -2.340340105463129539e-01 3.785059871564139033e+00 2.585906659933281393e-01 -2.868996163543679340e-02
3.352608344975456789e-01 -1.546308456363904016e-02 3.607697776181382210e+00 3.630621334062912875e-01 -4.902126557235109150e-02
2.949607389587954875e-01 -2.714323714002244703e-01 3.742819287437824549e+00 2.675216022283830042e-01 3.357446458438241577e-02
3.485266279921653831e-01 4.220853357663648109e-02 3.546827404506416315e+00 4.118426714810392020e-01 -6.777704259409057796e-02
2.914080519382279411e-01 -2.904072492484603973e-01 3.852243580402824996e+00 2.679448322954671169e-01 -2.254478436607387434e-02
3.066447115159598447e-01 -2.995434713528467574e-01 3.815995099587233597e+00 2.768147386042013602e-01 -4.684770329010511103e-02
3.227625586841653127e-01 -3.141238915433596235e-01 3.815977818118164500e+00 2.991336916127166901e-01 -3.294306086844661641e-02
3.175740223809826457e-01 -3.294102892028850649e-01 3.870244685060993728e+00 2.739753283284699359e-01 -6.352425462605969242e-02
2.817473462323503708e-01 -2.780138894804390359e-01 3.794778384228086221e+00 1.617184713912377114e-01 3.644602875461110114e-03
3.115799976701387197e-01 -2.227773799738661242e-01 3.784295002876238101e+00 3.078889910552476405e-01 5.717122700823788761e-02
3.080331230573953305e-01 -7.825330745906698693e-02 3.637850743107688078e+00 3.669156216062103848e-01 -1.473370019919470475e-02
3.026611612295689868e-01 -1.997762609365028030e-01 3.712727997075609299e+00 3.577607646133674213e-01 1.488400286171461320e-02
3.136928817252894186e-01 -4.205480087892189689e-02 3.645812224482221531e+00 3.381750527169376519e-01 -1.167753899824262587e-01
3.130794616062966274e-01 -2.754345623545033650e-01 3.851889184810416200e+00 2.983341428745808765e-01 -4.255926635066423214e-02
3.214879774643712995e-01 -2.071568979255934140e-01 3.741384617995007655e+00 2.822050022620808396e-01 -6.356715278211798846e-03
3.502065737853111704e-01 2.116693404913941312e-01 3.417345654517362608e+00 4.099382190033398765e-01 -9.400721094594295668e-02
3.115573642420270128e-01 -2.780845311014363275e-01 3.756923811069116326e+00 3.167861311988983131e-01 -1.417340836174607425e-02
3.168867206675419768e-01 -1.872269950142070594e-01 3.733445283358380440e+00 3.231157925085347271e-01 1.819045281632800104e-02
3.237458364577049386e-01 -1.806153944320993410e-01 3.749198315999775044e+00 3.172676995069243500e-01 -2.560622695331326616e-03
2.758283714616558968e-01 -2.234599669678453415e-01 3.707629716898215744e+00 2.319796784684099999e-01 -3.650597710292649567e-03
2.962976837537732444e-01 -3.137606997785760132e-01 3.791426448558330442e+00 2.435004049245510505e-01 -9.231857359039981337e-03
3.165855500588601878e-01 -1.989794472568295058e-01 3.743594135062362938e+00 3.239619210139783045e-01 -3.236440053560589447e-02
2.990021444626356217e-01 -3.262033294541248907e-01 3.853996929505084879e+00 2.956286145457851511e-01 2.413620698120469421e-04
3.026435987908921987e-01 -2.419187720183358370e-01 3.778038953800248123e+00 2.899118957524988716e-01 1.505459265500795965e-02
2.999055726917060904e-01 -3.746441150385326213e-01 3.831968360055727274e+00 2.434028639537475225e-01 -9.060034406473085888e-03
2.968694568930616562e-01 -1.738877331374034385e-01 3.634572772703083210e+00 2.868795898396165889e-01 -1.039393610019944542e-02
3.249930458250896992e-01 -1.963899338284869622e-01 3.718282927682948102e+00 2.661380150048865412e-01 -4.501266587528510166e-02
2.961964443099314725e-01 -1.907336568799520016e-01 3.682108922673825724e+00 2.537377506387362147e-01 -3.293730579113136880e-02
3.179466725408969796e-01 -5.106641335712230195e-02 3.622778255234476941e+00 3.893878695648014809e-01 -3.730630588557877492e-02
2.862874042224065052e-01 -3.602047366908536774e-01 3.845813583599240193e+00 2.071251930302260846e-01 2.998210860872406805e-02
2.998562527354371454e-01 -2.436335438646548002e-01 3.732475355426666752e+00 2.966669222154497132e-01 9.067300826517039197e-03
3.194592507636931367e-01 -2.243146831672617192e-01 3.785513031379643678e+00 3.381614912746148671e-01 -4.356894345905326996e-03
3.237146240951766507e-01 -9.853342144144294767e-02 3.666889611346601185e+00 3.876263316645543466e-01 -6.449334676430024116e-02
3.160093351448982624e-01 -1.633417370360988607e-02 3.543040651566062404e+00 4.320097601564389378e-01 -3.418980456413470148e-02
3.027683553282064510e-01 -1.450966066468866444e-01 3.708184816594355837e+00 3.073706629275122504e-01 -3.821121183422905576e-02
2.940025071370705456e-01 -6.389851282133183347e-03 3.548338313532860333e+00 4.125153619821713136e-01 -9.581608344931036997e-03
3.007969297357591665e-01 -1.694477469642581835e-01 3.708672826589072713e+00 3.404930578015196163e-01 1.095910185924184321e-04
3.640355835254323047e-01 1.699006580163007207e-01 3.444362040355583243e+00 5.118570030786653291e-01 -4.723841699841575814e-02
3.030373489220772321e-01 -2.937669526599921976e-01 3.765340793472303105e+00 2.357296572588438166e-01 1.731993604332619785e-02
3.265798282574813305e-01 -1.290123693754627598e-01 3.686926340125327162e+00 2.675385843744063075e-01 -7.274247060990994551e-03
3.201679850673361249e-01 -2.135794904322539656e-02 3.568333789674132284e+00 3.214530464979097335e-01 -7.989947911742958930e-02
3.256666041681020030e-01 -4.609562407720439736e-02 3.715309908241323900e+00 3.361005068216370573e-01 -7.344179547659152041e-02
3.478335538266199012e-01 8.848681574253361437e-02 3.508453089520069845e+00 3.906763471532528342e-01 -3.395914491281874781e-02
2.919705520603592674e-01 -8.503476782072363904e-02 3.662547801007445702e+00 2.754386540778057113e-01 -5.080478392521143444e-02
2.984456089798460665e-01 -2.085733483114028675e-01 3.739963552664177016e+00 2.665499175641073415e-01 -4.153333715555478090e-03
2.970834919325029411e-01 -2.047722795073905477e-01 3.759667773398814639e+00 3.631723818089085953e-01 -1.673862624178814110e-02
2.880360762342065728e-01 -3.242667544940915914e-01 3.833368914059141819e+00 2.573956149922781433e-01 3.699194532212125852e-02
3.588024673586292512e-01 1.406050722012991416e-02 3.567432279329993072e+00 3.390322433004823721e-01 -3.024405615223818566e-02
3.126024195665042527e-01 -1.847286990167114618e-01 3.741749540430769461e+00 2.866007040491549418e-01 -2.101567462806008466e-02
3.059868058123655365e-01 -3.139955137797829088e-01 3.830196126671512769e+00 2.725765883998235717e-01 3.191062233324203773e-02
3.379335574381504559e-01 -5.318875831305649310e-02 3.695910788986845219e+00 3.424803483985486841e-01 -9.600486933977758763e-02
3.074531355188694359e-01 -2.399720371835284971e-01 3.788617363981155783e+00 3.432898629910743904e-01 -1.374770573971299120e-02
3.067802381841555626e-01 -4.142672672233759235e-01 3.904381753905002306e+00 1.687203501903634939e-01 2.305983027206118599e-02
3.150846966265845595e-01 -2.004102798148598152e-01 3.700439590328677752e+00 2.626485322379488174e-01 -1.094040966279262797e-02
3.368436195712278258e-01 -1.331374081498963580e-01 3.696259287459732867e+00 3.288555276769680735e-01 8.248721527280532262e-04
2.974921555451267019e-01 -1.670574942884734682e-01 3.741536645028450181e+00 2.772300701005591117e-01 -3.500957301850361747e-02
2.925946525736898285e-01 -3.440026431566852727e-01 3.858397232766077600e+00 2.913109894914717724e-01 1.440063277389741145e-02
2.916528939459726022e-01 -2.258805457971808373e-01 3.744787412318274278e+00 3.064480936846871173e-01 -5.925718632122890794e-02
3.131771319759565908e-01 -7.103139920149106890e-02 3.651098025651510426e+00 4.577815641762790211e-01 -3.367561525311704024e-02
3.088761036678698280e-01 -8.664121500429373957e-02 3.677446623921986735e+00 3.541861706783356878e-01 -7.233016489950018502e-02
2.980421047627119790e-01 -2.096452938382801223e-01 3.741289803804010550e+00 2.653162979262811971e-01 -4.174747426088920577e-07
3.018709727093460971e-01 -1.504416505555731809e-01 3.690942206139704140e+00 2.485831238927564413e-01 1.049636211535905431e-02
3.008773659071307116e-01 -3.596132780978807397e-01 3.903844022976124428e+00 3.077970703083339199e-01 -1.634168648160454901e-02
2.961626478799183060e-01 -1.821401583619898790e-01 3.764890854694917799e+00 3.161876583961567011e-01 -3.075252304520396940e-02
3.192754497857302476e-01 -1.405982014695814075e-01 3.795643421768804870e+00 3.083485141655337158e-01 1.290029163127627727e-02
3.287516657571655232e-01 -1.475772867747526806e-03 3.612668848497503582e+00 3.972990999515832455e-01 -5.333653454333293908e-02
3.155412162708312596e-01 -2.007758204656450440e-01 3.766602413017547057e+00 3.357409116129316806e-01 -4.013489047852047270e-02
3.243897547485838362e-01 -5.773200346830464902e-02 3.626649412853083287e+00 4.350487181288753002e-01 -4.307943602169787140e-02
3.105497758224468607e-01 -2.225543538203450800e-01 3.774562623436785280e+00 2.746043166709961625e-01 -8.479021023308976057e-03
2.864256601805463265e-01 -1.673924411944813784e-01 3.723551090718816958e+00 3.017750090956806686e-01 -5.954808080059507958e-02
3.117325119017923529e-01 -1.585943978824999601e-01 3.748493096816024828e+00 3.308063436685402259e-01 -1.609186662887937547e-02
3.041534851280115470e-01 -2.250335027570171398e-01 3.792555832920172065e+00 2.921536056478366561e-01 -3.334140075349126264e-02
3.114367932229971658e-01 -2.804595712461694923e-01 3.839783875827683435e+00 2.528951768183961835e-01 -5.585875223247943264e-03
2.932081144531439865e-01 -2.470674234884948639e-01 3.750659776833497716e+00 2.761769613241579213e-01 -3.118418301768302592e-04
3.258764240586695116e-01 -8.396265210861418582e-02 3.651944867025625374e+00 3.200933123610216757e-01 -1.373247385434975959e-02
2.995669855688771754e-01 -2.188478497628348896e-01 3.742546187781143452e+00 2.866989066913339101e-01 9.093502396577919644e-03
3.550888374661942404e-01 -4.700270193035382266e-02 3.733947268460884761e+00 3.860662310059367330e-01 -9.079962670457054907e-02
3.277803524103929944e-01 -4.608568814223285015e-02 3.605596817179369307e+00 3.716499379820347726e-01 -2.651284636614759105e-02
3.031095383180617553e-01 -3.249572191322893655e-01 3.758783242517349521e+00 2.587199285240255886e-01 5.256218512855180547e-02
2.844871466778776670e-01 -2.086305736432180202e-01 3.686155176365591757e+00 2.620185802202597003e-01 8.774522473066030670e-03
3.399669208930005682e-01 -5.301728853114470730e-02 3.642265224581807459e+00 3.527658212674953941e-01 -4.454125628799161102e-02
3.154061258718817706e-01 -2.136139164317790717e-01 3.747205464982069856e+00 2.756636276388870765e-01 -4.211277185635128179e-02
2.853365429179419155e-01 -3.811607049668920277e-01 3.907052895102995915e+00 2.345055870494342221e-01 2.330368531445295432e-02
2.916302577108292327e-01 -4.460957511402471320e-01 3.977906506910461992e+00 1.942891497767875730e-01 9.729393803951255637e-03
2.833710424558155139e-01 -1.988488586329434094e-01 3.682332888518747183e+00 2.616672123336176714e-01 2.845967116940376421e-02
3.556307000627078052e-01 1.225475289208051433e-01 3.527190215550715546e+00 4.117081957796175917e-01 -6.847476607183745900e-02
2.935704752878828261e-01 -1.840895547081722317e-01 3.774488332643480160e+00 2.167935050602143587e-01 -2.778068810791676710e-03
3.265983613007674147e-01 -3.049100339370498514e-01 3.819145544570000883e+00 2.441426884685311549e-01 -1.815873468717905947e-02
3.024615897504749906e-01 -2.244473773999643984e-01 3.779569798640054046e+00 2.914904697000103018e-01 -4.373010350801445276e-03
3.411568288547496830e-01 -2.589867877778287419e-02 3.618619417864161747e+00 4.109132331025499019e-01 -6.826206571631721065e-02
3.133437299304090984e-01 -2.735224391196767191e-01 3.825885434351007586e+00 2.439409734457846646e-01 -3.533154413839598162e-02
3.077878498456897982e-01 -3.775967292933686270e-01 3.926278577582849927e+00 3.449687639014415996e-01 1.754274394292343331e-02
3.065864472787287465e-01 -2.504366083715579006e-01 3.762146850181921742e+00 2.834621426298994384e-01 -1.915773947775285813e-02
3.208995884740610260e-01 -1.902420690736646713e-01 3.736331244911126337e+00 2.956586812038131673e-01 -2.851031092092048969e-02
3.386954498271487757e-01 -2.218775136367828471e-01 3.783387800744925755e+00 2.983169900717599354e-01 -2.962514785784222532e-02
2.686069057362636125e-01 -4.337989198634498722e-01 3.944923688227008896e+00 1.829646573889552319e-01 2.451096720831432915e-02
3.494805268148235555e-01 -2.745886704830029224e-02 3.630749018442543719e+00 4.099675282642544216e-01 -8.755854519746501807e-02
2.961903069883384254e-01 -3.729375029926279561e-01 3.888126106728398756e+00 2.444128875919215349e-01 3.996844264430830101e-02
3.124572699233064688e-01 -3.386269858035247937e-01 3.863424728860700874e+00 2.630802225022660368e-01 1.595128288627320132e-02
3.316313940195820265e-01 7.518424732941253463e-02 3.521935626389842700e+00 3.985953952782150811e-01 -6.077006923238588432e-02
2.961138201779550672e-01 -2.884144936176550322e-01 3.831718734053266573e+00 2.911658166000553605e-01 -7.027038282642011566e-03
3.006496319771607695e-01 -3.046763750948350280e-01 3.837538118187582725e+00 2.647323227173350446e-01 -6.663779072012708526e-02
2.931259975658567773e-01 -4.467482635060283647e-01 3.949673425784967051e+00 1.511184322915296585e-01 8.465162893783188813e-02
3.213142625184784440e-01 -1.085711428093694975e-01 3.713086885423407590e+00 3.165363932300750416e-01 -3.423926425474027591e-02
3.113584070029639661e-01 -1.499971058288141479e-01 3.678106923508635440e+00 3.498701217457071411e-01 1.830946908258675176e-02
2.808976390744955531e-01 -3.573334479259893670e-01 3.830969351588407790e+00 2.043915557975772845e-01 3.485649842294553935e-02
3.339885447218733927e-01 2.302157525579098807e-02 3.602358507300717161e+00 3.066687126540530439e-01 -6.827800218041693570e-02
3.031346177800727237e-01 -2.803778594012820147e-01 3.807807425005304669e+00 2.994507834814150726e-01 -1.313490829299146512e-02
3.240532498141595052e-01 -5.838158615727661455e-02 3.631253694703183932e+00 3.406668323469035364e-01 -4.581581658425555592e-02
3.316431353022891715e-01 1.807134503991832813e-02 3.539177459657409930e+00 3.733321661054942453e-01 -3.703920472811175757e-02
2.936644970604617710e-01 -1.105515444242020362e-01 3.650021731877950870e+00 2.994315810028652103e-01 -4.606953678707269295e-02
2.925231854266941989e-01 -2.183579442773936896e-01 3.775762460206243620e+00 2.671187326625698022e-01 -4.152773231772101392e-02
3.403068181927746960e-01 -1.794183820634508431e-01 3.751803554922282125e+00 2.898738410054170767e-01 -4.997500264488974331e-02
2.998230314860982348e-01 -3.641129018851883004e-01 3.864761984604147216e+00 2.544197327389154384e-01 -1.037884431829137234e-02
3.241549487803528362e-01 -1.620764219638401171e-01 3.708771205060159115e+00 3.408230713167696990e-01 -3.714688206619902455e-03
3.279859195394487226e-01 -6.152744090596629079e-02 3.596562516747693117e+00 4.080867623696098900e-01 -4.095494701054076814e-02
3.225178586953669213e-01 -2.036124535147420533e-01 3.710168604450029051e+00 2.646281491456012325e-01 -4.987663004635842223e-02
2.955276999522612469e-01 -2.867345990762203423e-01 3.835475669650786568e+00 2.850973002725275540e-01 -2.657604344280806163e-03
3.163709027131635931e-01 -8.989219577065586664e-02 3.636449785063722739e+00 3.640506195339067164e-01 -4.457295344764583556e-02
3.120088613110099107e-01 -1.668587372937967994e-01 3.763970989484159091e+00 3.243635064537710444e-01 -3.836339794584919805e-02
3.110696015316878893e-01 -9.743998668753309222e-02 3.650949663051506811e+00 3.636373701112618484e-01 -2.705369131627768930e-02
3.527189757983502094e-01 7.859093844406112028e-02 3.517911206554973358e+00 4.571392498619847866e-01 -3.576424361629079035e-02
3.175503344768062508e-01 -8.673506763572869094e-03 3.624361128761313111e+00 3.426846333104983655e-01 -5.303986964587748681e-02
2.976288297664154148e-01 -3.143018998929504315e-01 3.861128177622196844e+00 3.122536139476325689e-01 -4.615389904020061190e-03
2.834667961610666809e-01 -1.374088169889944311e-01 3.698466045467399876e+00 3.577780988840855159e-01 -6.203483767471897059e-02
3.265476489806112270e-01 -6.912939387514682732e-02 3.670377940719186771e+00 3.199939090735506864e-01 -5.644915544989350525e-02
3.520485011491034100e-01 -1.085645213540583770e-01 3.719033760672749711e+00 4.040700705486576227e-01 -5.460890673863565137e-02
3.117980779295921878e-01 -1.346937233769069375e-01 3.689629479627272612e+00 3.858624713347923452e-01 -6.731302696193246227e-02
3.237762482054101221e-01 -1.102389011788623419e-01 3.678864303765402965e+00 3.563850822217472514e-01 -2.358549690501382176e-02
3.040778224265313079e-01 -2.407723714314943808e-01 3.806082956970058717e+00 2.912654762269314412e-01 -1.578450106891419666e-02
2.939206123402767767e-01 -1.978541637979225609e-01 3.756557634840645754e+00 3.284492517504193909e-01 -4.497673621357049095e-02
3.391463077785144553e-01 -9.052455781175319793e-02 3.686597652469289610e+00 4.199921644510389851e-01 -5.507362639280648231e-02
3.283780435791353591e-01 -1.180140872564023613e-01 3.704863626075297844e+00 3.564776154906951766e-01 -4.388189083066382223e-02
2.981411128523595577e-01 -1.217934323539978103e-01 3.686733270052904299e+00 4.066756999695514962e-01 -1.621695544906722256e-02
3.180535677826605845e-01 -4.880040963163789769e-02 3.613269964205768847e+00 3.742740459704269051e-01 -2.383607980031242704e-02
3.116912956506722177e-01 -1.062449980008955963e-01 3.688649089717523033e+00 2.543528632589009408e-01 -5.834935443269032018e-02
3.335557402954732464e-01 5.122158990810226492e-02 3.555650507496051382e+00 4.043096384757960404e-01 -5.434059760084169327e-02
3.255744108017817329e-01 -1.515911521539879403e-01 3.741084159722032343e+00 3.443536814960486137e-01 -3.528954657118079513e-02
2.904286664339424395e-01 -3.020907942006174074e-01 3.830213684711595956e+00 1.626778698822709535e-01 5.864282900980644433e-03
2.983322533122489961e-01 -3.027234924517159809e-01 3.849961823078567935e+00 2.070828612277502145e-01 -2.063740507609688329e-02
3.286908357296225436e-01 -2.473873374428207927e-01 3.813111511734786685e+00 2.963685282038861502e-01 -1.375783600637336609e-02
3.014996978242295844e-01 -2.943866242503508368e-01 3.852806561730493407e+00 2.837963294530424507e-01 -1.859793324858872998e-02
3.306030799518759888e-01 -2.198215408144364724e-01 3.813850884660523022e+00 3.680529079217905730e-01 -4.535527147611358167e-02
3.168045071394629542e-01 -2.826592028776807597e-01 3.858134615907886644e+00 4.063391764709836651e-01 -2.594503825867069610e-02
2.719556943945955485e-01 -3.490416534971907958e-01 3.810695347641148700e+00 2.539249857990839021e-01 2.751261703732875083e-02
2.768632134031029368e-01 -4.705177445034362527e-01 3.949304520715815947e+00 1.944434781620730246e-01 4.702514894099417420e-02
3.100543617199671420e-01 -3.704775372411586165e-01 3.923129029752229879e+00 2.279097218572884165e-01 1.376530503943058231e-02
3.342679691979750789e-01 -8.299077483397518384e-02 3.620311586214119082e+00 3.223503342106807668e-01 -9.044124613468108517e-03
3.034166006571341612e-01 -3.051333270398408071e-01 3.840627670773478108e+00 2.858773857026638554e-01 -2.718744504246648278e-02
3.041873459012293668e-01 -2.352649566300003547e-01 3.755823954750165505e+00 2.758985860158581493e-01 -1.967272360879306417e-02
3.043800085237262643e-01 -1.634582422231617982e-01 3.773475605666594124e+00 3.101993774330591425e-01 -3.494985189914739943e-02
3.061356785457260421e-01 -1.870640600646959750e-01 3.714263542223819492e+00 3.692274586171080952e-01 -4.277278665420645998e-02
3.220789408038166601e-01 -7.066343532780330894e-02 3.628727466641225252e+00 3.741120618150287069e-01 -1.947933403661379972e-02
3.203086686097205704e-01 -1.127693060520559287e-01 3.712265036333216361e+00 3.169903282005062106e-01 -4.404720666729124157e-02
2.918972791778634002e-01 -2.227128237237061548e-01 3.773094641702474661e+00 3.185443611169546663e-01 -8.044681131342051525e-03
3.089333463999222595e-01 -9.298450339246260021e-02 3.608561701524644061e+00 3.182493027612490755e-01 -3.480857405631201940e-02
2.772806325776276393e-01 -3.215472013514718563e-01 3.861370611992483770e+00 2.310797566911569345e-01 -1.567788297420741328e-02
2.962786972074172853e-01 -2.623541083846865907e-01 3.842459684978127399e+00 2.448293875391052143e-01 7.439317819618949078e-03
2.962505559491969698e-01 -3.065941380299866958e-01 3.822145044747443876e+00 2.219802488790310890e-01 -3.707240508353967096e-02
2.899936049680465477e-01 -3.428652752983098462e-01 3.836919191349125846e+00 1.846161631805643966e-01 5.722117687076225256e-02
3.332549084963759567e-01 -6.331746865758208775e-02 3.617156579858475496e+00 3.850206304145969427e-01 -4.647195971516863977e-02
2.908749309627278734e-01 -4.393679398785532153e-01 4.020146296122427465e+00 2.405329938399208556e-01 3.062392362335186746e-07
3.111957015132398308e-01 -1.116905796156932029e-01 3.666037189954676645e+00 3.836160308804552610e-01 -3.843232469521659644e-02
3.296862020759882550e-01 -1.336830909127960099e-01 3.676260344305164462e+00 2.295993679901176532e-01 -5.617339886906267538e-02
3.164592017238361255e-01 -3.482724164869648309e-01 3.845819898186486174e+00 2.863228164601762105e-01 -1.447118108879742911e-02
3.107331380357059025e-01 -2.210125911915348518e-01 3.754344116940606657e+00 2.893322477034783180e-01 -1.325153360852811268e-02
3.376607708782971562e-01 -6.716734910826860361e-04 3.542426248631675101e+00 3.372885788986456634e-01 -9.039278544153132866e-02
3.009854626674636213e-01 -2.135110740995974643e-01 3.724004358458362418e+00 2.249385979238639199e-01 -8.100795949963183681e-03
2.967077170129928110e-01 -3.644514238018263241e-01 3.911777946209964885e+00 2.253739215716234479e-01 -1.005799775963052770e-02
3.065476397834457911e-01 -7.310260917274588599e-02 3.647596757831472303e+00 3.405267713858002310e-01 -7.358756246762691161e-03
3.264826952771062718e-01 -1.935859058831452262e-01 3.744427518436889812e+00 3.145506516711969458e-01 -2.746428772079157615e-02
2.916786475918320964e-01 -3.659028083708792956e-01 3.881774446014143898e+00 2.190396522797355416e-01 6.439419809090321696e-03
2.973055529290998811e-01 -2.179910898321109070e-01 3.713186005443741333e+00 2.387645603623403112e-01 -1.898890679132571313e-02
3.226352779863415066e-01 -1.365708400748011364e-01 3.690859143544679810e+00 2.332114339716765961e-01 -6.726661260607404158e-02
2.878062054662895997e-01 -1.761296817759638034e-01 3.671820953768772267e+00 2.338521082840204768e-01 -1.996987085601205358e-03
2.903762844828355338e-01 -1.236860401534654041e-01 3.723860785057740319e+00 2.566549915856684572e-01 -5.042491612274759699e-02
3.725297387149309469e-01 3.378873102219128732e-01 3.314354432174951626e+00 4.715353776739226177e-01 -1.122192533954831928e-01
3.207176634545805816e-01 -1.180818847530430843e-01 3.670721644279052231e+00 2.966735807306359329e-01 -5.535602747896617437e-02
3.124188169648483560e-01 -1.524415011835215106e-01 3.715485087834447864e+00 4.037313904550238197e-01 4.045280132704619919e-03
3.556304424678046749e-01 2.231450282725939288e-02 3.600557128291221431e+00 3.955690790025347958e-01 -7.201559123604441004e-02
3.020585711978355237e-01 -2.076727541935586840e-01 3.738699181507253666e+00 2.619899010157539232e-01 7.719576340332635900e-03
3.039151970606768227e-01 -2.537599847356820093e-01 3.760928923083832753e+00 2.479714282899659339e-01 -1.481843619853280558e-02
3.279210793988744377e-01 -1.672684799351754625e-01 3.669313102349429645e+00 2.980297677034994264e-01 1.664822383691129393e-02
2.937412945289860078e-01 -3.920779906232050860e-01 3.881558977920410047e+00 2.399223566624189008e-01 3.046102408016974558e-03
2.951559324124360395e-01 -4.013816496506324993e-01 3.884559342651097147e+00 2.433309048201334757e-01 2.036661038473695090e-02
2.952282572078252509e-01 -2.065187547983090288e-01 3.777955352509472675e+00 2.125672655020275914e-01 4.032906154911414243e-02
2.963988801926419336e-01 -2.266771372487929037e-01 3.728040029453031146e+00 3.539863674349314482e-01 -1.489772014015220726e-02
3.482197229116202886e-01 1.119401063232229321e-01 3.565819545401351931e+00 4.669246710676600021e-01 -5.963967315993312646e-02
2.988313786276391437e-01 -1.553284583085770831e-01 3.695461004326263232e+00 3.164819021315761760e-01 -2.715344072846138240e-02
3.159539240518602909e-01 -1.476941794146737763e-01 3.743547092796050357e+00 3.953033903539497351e-01 2.202019624526690283e-03
3.561710787536176426e-01 2.415705720899156139e-01 3.435151648834325222e+00 4.541842159857925054e-01 -9.315892923281553217e-02
2.898957727223112069e-01 -3.731728083324496459e-01 3.857573270306999813e+00 2.377655834051027040e-01 -2.207304127312146452e-02
3.282388284493115149e-01 -1.518405385443400424e-01 3.798779401311742632e+00 3.358959769817925212e-01 -1.372235864936843797e-02
2.780602426356426071e-01 -3.080883390385581455e-01 3.785223092085924446e+00 2.775599796087923066e-01 -1.780347622906292351e-03
3.139618459742817835e-01 -1.724830440962576705e-01 3.729060552373922199e+00 3.851416569923181710e-01 -3.172588423208119648e-03
3.380854114199917659e-01 5.985276405697392138e-02 3.562036642554123222e+00 4.074460917783408465e-01 -7.914859560137711691e-02
3.012445557590636147e-01 -3.325333384277078252e-01 3.846751056588439521e+00 2.130965172094339832e-01 -1.083408801257708561e-02
2.987756132713930701e-01 -3.415145466585206013e-01 3.874347304306501094e+00 2.603043528812443164e-01 -1.995992269952203899e-02
3.170702581301648171e-01 -7.781240633738920054e-02 3.652108482779416576e+00 3.831909254351231198e-01 -7.598953623180831896e-02
3.267987620788600500e-01 -2.035969184503571561e-01 3.785593312184501347e+00 2.530926441337179589e-01 -4.237322470731577639e-02
3.071425166355296610e-01 -2.637556878600058607e-01 3.849906073799596928e+00 2.727645010506967727e-01 -4.549684462135408086e-03
2.993108371895014663e-01 -3.035813496228641495e-01 3.812638086821706906e+00 2.879191628927964541e-01 -1.954810949511331941e-02
2.992974517501633680e-01 -2.605682825610128317e-01 3.807047757628476692e+00 2.527585032502694395e-01 -8.018073286583202175e-03
3.015225516883526802e-01 -2.703595992860687858e-01 3.807305365023832433e+00 2.779225783310496078e-01 -4.011347290718700331e-02
2.887441773769370834e-01 -1.593347576829245438e-01 3.707069300400589462e+00 2.962772817652889468e-01 -2.865334458987116306e-02
2.864814940976013191e-01 -3.050215214526203478e-01 3.810194107391158269e+00 2.987378424446108793e-01 3.315973564196667001e-02
2.994843949422615892e-01 -2.258556215853772253e-01 3.749051911873498177e+00 2.476611451010131415e-01 -8.018825563123752748e-03
2.991332299755897761e-01 -2.031426660683596785e-01 3.749312984045744646e+00 2.544998804708857310e-01 -2.259265239420531896e-02
3.021110392216197482e-01 -2.534958057226601169e-01 3.751694192647443415e+00 1.842208966728351993e-01 -5.153191511758854586e-03
2.831152766825921763e-01 -2.411158818006988169e-01 3.781961944434107714e+00 1.990861911512271099e-01 -3.089702919645841497e-02
2.965778165316380055e-01 -3.676911442576835110e-01 3.863850014399909494e+00 2.724302917608706354e-01 1.771289562081136693e-02
3.097679341115139873e-01 -2.056105124174229248e-01 3.757395077908582959e+00 2.907512866190730128e-01 -7.134492417986165735e-03
3.347975621945321056e-01 -7.181595917309520349e-02 3.670986836147169363e+00 3.240304968125140572e-01 -7.050734038924562352e-02
3.005698798779170566e-01 -3.493986279347262580e-01 3.838955779819955172e+00 1.912602633430601773e-01 1.087502307263810315e-02
3.266600627190043293e-01 -2.213504843986539850e-01 3.742887860453234961e+00 3.049034987128688146e-01 1.249869466548844330e-02
2.963406268191974280e-01 -3.071878767512536967e-01 3.823504970753295318e+00 2.210395983381186202e-01 -2.643399225657129537e-02
3.460065321853730835e-01 1.522003779474791485e-01 3.522362055858038854e+00 4.169207502157276091e-01 -1.166876117645908734e-01
3.130329290025666844e-01 -2.664602447042643263e-01 3.799142414717515237e+00 2.652386057125600827e-01 -3.127164236406374670e-02
2.948786505492715371e-01 -2.416205121498515573e-01 3.755461743828485410e+00 2.725761615289183371e-01 -1.070852525954816767e-02
3.078826295100662858e-01 -2.761842105892936550e-01 3.794268005412141598e+00 2.705578438190626711e-01 -2.710632191395661444e-02
3.191648545550212490e-01 -1.287959492101097836e-01 3.666540799970719355e+00 3.110926164081506129e-01 -3.763090656089248393e-02
3.164224152505286658e-01 -2.565747241240026733e-01 3.837806053543685092e+00 3.316547009641372390e-01 -3.726895158027687671e-02
3.275226230072210143e-01 -1.869906494111838735e-01 3.803870408050962215e+00 3.251335119603073198e-01 7.216977976504015957e-03
3.304206128512698348e-01 -2.320775636709059009e-02 3.635634206542936564e+00 4.080519350658391442e-01 -3.332615125397149491e-02
2.925283262720456690e-01 -3.918716372033604900e-01 3.880332784624282549e+00 1.743855481168787303e-01 4.392068447965758946e-03
2.916066070830044543e-01 -2.588889957972365652e-01 3.763440392389031608e+00 3.474116792851564273e-01 5.530992055866233714e-03
3.068131032533402691e-01 -1.492075047942262866e-01 3.696774800736611244e+00 3.071980667667407183e-01 -3.012585884227356181e-03
2.919682001204820798e-01 -3.271433339682642272e-01 3.843229226709602209e+00 2.877022941244405940e-01 -5.252435955602052092e-03
2.967475410640825761e-01 -3.270843930089044616e-01 3.807076658912146527e+00 2.878100666284896803e-01 -2.709699793782235563e-03
3.167228835336234893e-01 -2.455297930796146999e-01 3.807824849352423602e+00 2.371796909752673654e-01 9.939326081993153650e-03
2.916897293650568268e-01 -3.035633939166244022e-01 3.853635136077767864e+00 2.359785433965934653e-01 -1.426522123875489240e-02
3.336552817546024063e-01 -4.321603100446819168e-02 3.651318301207245653e+00 3.853988123735835325e-01 -2.071752661241141324e-02
3.417564159489883679e-01 -1.278831990328596069e-01 3.708680206767731136e+00 3.034218968215792733e-01 -3.266527464422437632e-02
3.047491796148255605e-01 -2.055407633560137615e-01 3.759987417102229834e+00 1.732912047927913091e-01 -3.488876718570307900e-02
2.881770055311373979e-01 -2.008750302516866260e-01 3.681791040675272964e+00 2.169745846448865589e-01 -9.563743015841241063e-03
3.361716989151665169e-01 6.594849351983250729e-02 3.540315260640254813e+00 3.806275374966927583e-01 -1.155126828737370465e-01
3.111246565440709544e-01 -8.004911061754912960e-02 3.702607835658766611e+00 3.418973452455953965e-01 -1.316839187689060331e-02
2.994767423241636584e-01 -3.758233484463610052e-01 3.847996826892269073e+00 2.104140903978663768e-01 -5.731617922217459998e-03
3.170417103204858367e-01 -2.096038319391086702e-01 3.789177965988703711e+00 3.293403091173559560e-01 -8.446967984436549309e-03
3.060113393595547682e-01 -2.491608924329287433e-01 3.819807743449670223e+00 3.572922354906096221e-01 2.158088691986879970e-03
3.293804526404867095e-01 -1.759662694346579848e-01 3.718969777804021160e+00 2.670800913570484103e-01 3.625598938319127967e-03
3.118747863667422071e-01 -2.340668273909883856e-01 3.738531191204643722e+00 2.863383042093831654e-01 8.526935127710535967e-03
3.175127816228834332e-01 -2.149500156789249383e-01 3.765094558845767825e+00 2.529331885967825988e-01 -3.493491231370740580e-02
3.046958621291238622e-01 -2.360495034519247970e-01 3.747903604699459823e+00 2.444598348228112505e-01 1.727499908011922644e-02
3.366027622910485739e-01 -3.334107872806885142e-03 3.659627460098449969e+00 4.031934336942394337e-01 -4.453503175183057272e-02
3.254255258692912989e-01 -1.637291944333309490e-01 3.735672158152960609e+00 2.539181507284565820e-01 -4.009495557930979615e-02
3.185269006192744112e-01 2.741001831517815568e-02 3.591172488771497306e+00 3.743344423113349473e-01 -6.860770268740580546e-02
3.400337281136392997e-01 -5.052282680296366069e-04 3.601101295980408068e+00 3.737655047253019003e-01 -7.947640019231998199e-02
3.222424451510572108e-01 -3.930244268341128583e-02 3.632249358037550557e+00 3.280773672621722925e-01 -6.111555000813197885e-02
3.011497706956642317e-01 -2.165274086729353231e-01 3.735220176024199201e+00 3.451832492527747709e-01 -3.562662235932876481e-02
2.919392430561426055e-01 -1.694314199996544978e-01 3.722501879620312870e+00 3.055424170635900327e-01 3.768214146304403253e-03
2.804726542703532832e-01 -3.314396034467774754e-01 3.903614391232221870e+00 2.110748454156851639e-01 8.144553734908244191e-03
2.904597165748476484e-01 -2.456887477215546067e-01 3.774741782015303748e+00 3.632308208066362676e-01 3.301423047693588519e-02
2.967583121962332204e-01 -1.184894947126493708e-01 3.673935973199021099e+00 2.964046816789251415e-01 -5.465280627899476995e-02
3.085104828602935334e-01 -3.312977632039662557e-01 3.820128098647288084e+00 1.896641806208796965e-01 -8.689241276483034709e-04
3.131993943197412533e-01 2.973923797667041638e-02 3.594639284469020257e+00 3.674180945202014659e-01 -8.604554707195281871e-02
3.076115258179410450e-01 -2.374408223446571597e-01 3.717817032311517167e+00 3.008590513097789132e-01 -2.675317295589296068e-02
3.220071552844382956e-01 -9.170441449089840324e-02 3.641939166535095307e+00 3.323534036833392102e-01 -6.999247817476358935e-02
3.263727025950492466e-01 -8.588264484459723347e-02 3.614632388655070194e+00 3.915542760772859343e-01 -2.554052039323367537e-02
2.882039730731122407e-01 -3.941768737180693094e-01 3.897331630648034118e+00 2.312322316496130126e-01 2.106623834251073260e-02
2.998005433572460965e-01 -7.688930464951716781e-02 3.655370706480161491e+00 4.177089963669659567e-01 -4.817678628255791379e-02
2.824429174189195257e-01 -3.769170398341689099e-01 3.911138998525568233e+00 1.982728659234453128e-01 -7.593218712044966928e-03
3.339148679717436896e-01 -5.919179252809721181e-02 3.639747123559868403e+00 4.391574013528192211e-01 -7.022292402737824457e-02
3.037107581663700540e-01 -2.907041517101069394e-01 3.816373170362640899e+00 2.431345363953518190e-01 9.689422755530065212e-03
3.257024779924440616e-01 -9.945175944353035202e-02 3.695922877779140414e+00 3.650157309420928864e-01 -3.452538628612267235e-02
3.394095189214846320e-01 -1.100853958549676409e-01 3.683791857397233915e+00 3.617995332344652870e-01 -3.262117049633980748e-02
2.724582325442891362e-01 -3.503892404393711968e-01 3.879481822528794144e+00 1.711663668735837196e-01 2.669449037689318807e-02
2.628046528941109794e-01 -3.654632160819293873e-01 3.822814616680919375e+00 2.014968632610974475e-01 4.470140700889912999e-02
2.956217422589400567e-01 -1.698004542863521538e-01 3.699719467999861067e+00 2.411537688209818009e-01 1.863792541996433377e-02
3.251462707046187672e-01 -1.184622091749607947e-01 3.719657125980489809e+00 3.622723473937174976e-01 -6.083902995145070575e-02
3.515153230850764365e-01 1.364315232655622934e-01 3.453617577790752957e+00 4.055948155161651636e-01 -9.672054959461323653e-02
3.095080166997238869e-01 -1.642084711269914121e-01 3.716393883536929899e+00 3.407394445802793270e-01 -6.381426534666816835e-03
3.098599952656594381e-01 -2.612314557511461466e-01 3.780144222548212696e+00 2.588246717917619955e-01 -4.622070456777899183e-02
2.898054600197109143e-01 -3.523209494847929779e-01 3.892085154997078966e+00 2.746228312422374640e-01 2.877233173631658231e-02
3.463935280210292955e-01 1.579002376808890107e-01 3.432718991087025717e+00 4.636343015497770281e-01 -4.689124497610212827e-02
2.746158184743568986e-01 -4.161910549373555313e-01 3.903374415528708230e+00 1.837418180613775154e-01 -1.819135906304478884e-05
3.120445308014792585e-01 -2.138173273970985777e-01 3.730140261417433489e+00 2.861052468792669723e-01 1.854330590712261612e-03
3.229784980524093574e-01 -3.410164497923517252e-02 3.642037333108952613e+00 3.442321028342354983e-01 -8.456572420313607230e-02
2.672960177735514975e-01 -3.254450463085039047e-01 3.771845745944960804e+00 2.172361664394156233e-01 5.526932275831615560e-02
3.012097708912518934e-01 -1.886725705854605528e-01 3.774497450424667555e+00 2.975286037524339511e-01 -1.468253873439641886e-02
2.966913125921544769e-01 -2.459712174887681568e-01 3.848287443511415606e+00 3.170561873210037129e-01 -1.437676418315573384e-02
2.868658051615317062e-01 -3.007448503655871241e-01 3.859149090823440265e+00 2.778515181552086988e-01 -4.058440563980664217e-02
3.113475535704192665e-01 -1.689798520910021085e-01 3.760846645737871974e+00 2.779567137381606656e-01 -7.521122608334668974e-04
3.057434849284740852e-01 -1.678670108381644654e-01 3.682368053011505715e+00 3.288460575151095355e-01 -1.014440617016401994e-02
3.013205814713873498e-01 -1.545637159755276491e-01 3.718111468616134285e+00 3.223235509837264479e-01 -5.838576408506673809e-02
3.240531115796747019e-01 -9.492960334230018948e-02 3.667805387384311278e+00 3.608135549315264479e-01 -1.023124894378733968e-01
3.302682344970040429e-01 3.084447836130550791e-02 3.574516794662908392e+00 3.247840242912514719e-01 -5.068646238802050619e-02
3.048232900612146135e-01 -1.427136062266461392e-01 3.697086885627459019e+00 2.784149125575275385e-01 -2.969222674781034008e-02
3.078537873834827909e-01 -1.770613225272032465e-01 3.689706376567531976e+00 2.590772402712528955e-01 -5.148463297310467736e-03
3.376962502033172830e-01 -8.432925914126918054e-02 3.683526450019829035e+00 4.251132842209652263e-01 -2.249171834155195421e-02
3.134055559089203302e-01 -2.589967174271139427e-01 3.736876542573543070e+00 2.707646943944972406e-01 3.001140461249912628e-02
2.996801967610228656e-01 -1.354980015071953758e-01 3.695800352225298013e+00 3.027951972655519852e-01 -2.252775785565942074e-02
3.082688731523999803e-01 -2.973195666935090076e-01 3.860363653376710946e+00 3.106372878890022449e-01 -5.747882927294158117e-02
3.020092829750928298e-01 -2.494966995780690810e-01 3.832252817001866596e+00 2.867167819224183956e-01 -9.340659642166557197e-04
3.316832231702606104e-01 -5.418379540679439665e-02 3.698266628594068184e+00 3.247366909103770460e-01 -9.920057713865243487e-02
2.995298260857840456e-01 -3.645214599182451942e-01 3.914319635617336868e+00 2.817750954318409828e-01 -8.175056352460640524e-03
2.946237914405214764e-01 -2.386232706578866047e-01 3.768699004161303545e+00 1.890526964613165606e-01 -1.799141702391162875e-02
3.413803398791904753e-01 3.824983084728268007e-02 3.549038300354046882e+00 3.613836309669384850e-01 -3.735700024826924676e-02
2.863808838617517005e-01 -4.809525366351435904e-01 3.936561472875951928e+00 1.953523118188231489e-01 4.156831629553359164e-02
3.176317053623081144e-01 -1.726630667427040688e-01 3.726696725899469875e+00 2.899517770654299054e-01 -3.539689877287065939e-02
3.005065898682100500e-01 -3.382873146216688887e-01 3.876038469728171787e+00 2.696226299161149087e-01 4.824571976861384906e-03
3.059423998663154953e-01 -1.676712343450510456e-01 3.695437505518799792e+00 2.777856580888440896e-01 2.450023251368753374e-02
3.166144741061197032e-01 -2.540114984602899195e-01 3.761116084637827761e+00 2.630635205809593868e-01 -2.594320840759675728e-02
2.990143254562019348e-01 -2.123596297958325607e-01 3.780778952976864282e+00 2.700084651482497211e-01 -3.014425482630098130e-02
3.116152804280887811e-01 -4.237439150848917868e-02 3.610604926069689746e+00 3.544253867212681652e-01 -6.672012054144176030e-02
2.842947289288372814e-01 -3.247275694705848426e-01 3.813299204087023941e+00 2.778951912022716852e-01 1.296505960427865242e-02
3.529727282051185466e-01 -3.030149281145361195e-02 3.635887323659590997e+00 4.426153126939425531e-01 -1.080196092048292256e-01
3.029193392202753077e-01 -3.019655681850588747e-01 3.852894233701762428e+00 2.916221478508572718e-01 -1.675800862478167563e-02
3.116505354115614024e-01 -2.512634808700009437e-01 3.795084427419059825e+00 2.636445274670425332e-01 -2.788222030962397846e-02
2.809033109465943201e-01 -2.558848437649624552e-01 3.806494928179281256e+00 1.947434789912107500e-01 3.576201438810489713e-02
3.124107314215518461e-01 -8.341029038596800560e-02 3.626360347479233415e+00 3.476342005331323204e-01 -4.126338570733961708e-02
3.121809300504405638e-01 -3.098312551391699254e-01 3.852398791513372611e+00 2.514502775176875038e-01 -6.401080355431656294e-03
3.159100124402896004e-01 -1.215686907108010084e-01 3.698313489149904321e+00 3.278621277628696595e-01 -4.261212467932276593e-03
2.875105646097263490e-01 -3.964972864359463389e-01 3.885002744301890854e+00 1.659808953575818147e-01 2.351928027746581426e-02
3.310453702598759596e-01 2.122658760815043788e-02 3.518692833486215754e+00 4.079717243775617952e-01 -3.238631187598668693e-02
2.996714101260546936e-01 -2.360843231233933359e-01 3.831576590545170635e+00 2.696382787643768486e-01 -1.873916984769493851e-02
2.946265844518493049e-01 -2.425667130092969415e-01 3.737965944397922957e+00 2.704409055336911560e-01 -1.284972656522238854e-02
3.105327865655639896e-01 -7.712893622014253825e-02 3.642805392954608923e+00 3.312911612687524654e-01 1.291628941856226391e-02
3.121931673203678370e-01 -2.006484204662339343e-01 3.712052325008652343e+00 3.157603022211737942e-01 -2.238403105063861351e-02
2.920168360125841578e-01 -1.251824228982003351e-01 3.692000069373327253e+00 3.267260543211814583e-01 -1.903935162613556130e-03
2.676361663237174504e-01 -3.766446598974415583e-01 3.857064814135161779e+00 2.005399947762404600e-01 4.943159799384008735e-02
3.069090621540081498e-01 -1.608423273363576711e-01 3.711728067280943844e+00 3.220564679347744930e-01 -1.899047678940113393e-02
2.988853715770073416e-01 -3.911160245937063129e-01 3.850402069489679668e+00 1.910720139461420386e-01 3.388302973189649681e-03
3.087274668308532255e-01 -3.014300756430981498e-01 3.889530299417094827e+00 3.366551363811554065e-01 -8.815592663465286749e-03
3.282933754890400291e-01 -1.408246594588023481e-01 3.744285362419793373e+00 3.704710299565721066e-01 -4.591643125696257682e-02
2.961015366023693196e-01 -2.234971687082737413e-01 3.736328024256536207e+00 2.680460100137236901e-01 -1.649574346108109713e-02
2.927291813503971607e-01 -2.916253938011540425e-01 3.785673792304468765e+00 2.717972799950987839e-01 2.018440078336507931e-02
3.393966202727560222e-01 4.587196303886052762e-02 3.536000168671450172e+00 3.952921026049169839e-01 -6.017799822468374027e-02
2.786567977155521847e-01 -2.379840324252737171e-01 3.758592069333358765e+00 2.200269135531071896e-01 9.691764492772071693e-03
2.952972132874595590e-01 -3.112575490073016260e-01 3.800994862828207754e+00 2.279815171778130090e-01 1.135939703463328260e-03
3.219190536343269904e-01 -7.303003787096634669e-02 3.673559930016020658e+00 3.405109818854234471e-01 -9.676013184521313482e-02
2.954379395763634952e-01 -3.958832221570846022e-01 3.832087710252813473e+00 2.043439516304765280e-01 1.508258341145819054e-02
2.961498695258875102e-01 -2.578559935270756109e-01 3.734945656629043320e+00 2.337196007685302113e-01 1.472871365354951750e-02
3.113634287238730702e-01 -1.703636497846026665e-01 3.755916566719613936e+00 3.343588900598253311e-01 -1.998908669183578971e-02
2.841774757374814775e-01 -3.661124340486957562e-01 3.886998181617392856e+00 1.826977376520761698e-01 1.408705766928107159e-02
2.920575893661348510e-01 -1.892419287648055004e-01 3.745088662703457860e+00 3.144435903132420940e-01 -3.468948219460270266e-02
3.090548402050366517e-01 -2.496235135785371539e-01 3.804370815959760677e+00 2.908293900615909755e-01 -2.564092584692807819e-02
3.209162971974341971e-01 -4.293368485883965191e-02 3.601045115006800579e+00 3.156897051077168226e-01 1.838077215875047465e-03
3.054874758985989813e-01 -2.660827169937414194e-01 3.792013295294478947e+00 2.611894592602450049e-01 -4.715761955872183053e-02
2.904459390072544611e-01 -1.762289408420379955e-01 3.727664962993194386e+00 2.279325438889344413e-01 -1.921965831242107570e-03
2.971830914540349311e-01 -2.244569645333374941e-01 3.797018253177075309e+00 3.241644902018131491e-01 -2.500786794374792316e-02
3.309465284428205756e-01 5.927461789257501557e-02 3.578444237017184282e+00 3.537854509482056820e-01 -4.770771632869694884e-02
2.928219405268481235e-01 -2.062542637304305981e-01 3.708614562503570689e+00 3.155266247869858431e-01 -7.039434039263778309e-02
2.969223220707175592e-01 -1.943096533448715746e-01 3.755682784058544055e+00 2.619592909051301488e-01 -6.335298190742602586e-02
3.159251961255862828e-01 -9.028885605021230720e-02 3.703073852936169530e+00 2.764256230160059280e-01 -8.175596542226977459e-02
2.920709195107950018e-01 -4.443252053205428154e-01 3.953919299601532877e+00 1.734937680873429866e-01 4.168187348430554828e-02
3.065201131464637130e-01 -2.000623507378311294e-01 3.772864454530527656e+00 3.187939435703227020e-01 -2.575471780838249972e-02
2.918356576702011429e-01 -2.864374532290283604e-01 3.868556902704911593e+00 2.562506266661249144e-01 -1.146789090030450597e-03
3.087598149601001873e-01 -2.087858398082021172e-01 3.747896753585080898e+00 3.044506243161127501e-01 7.531173947616021623e-03
3.111882409936358451e-01 -1.105559857333274776e-01 3.651864800121223276e+00 3.258932482105172945e-01 -1.117703769412970762e-02
3.304487579352011761e-01 -1.154702834943155260e-01 3.668481650513248038e+00 2.867528987933863904e-01 -3.294981973806609954e-02
3.258732175490290928e-01 -2.405455774746947384e-01 3.771764116391300714e+00 2.925810491290782300e-01 -1.077001013296406684e-03
2.850901568555246901e-01 -3.348892642363255345e-01 3.818383269225295695e+00 2.226424604796256035e-01 5.662522805568871720e-03
3.119295027269091136e-01 -2.152344985054728266e-01 3.796495356461530246e+00 2.878167529197642183e-01 -1.841021911610833325e-02
3.224836721106698612e-01 -2.976627036255208303e-01 3.857043319575468310e+00 2.390852862369564902e-01 -1.242024811134821022e-02
3.214403975843365679e-01 -1.559443785100056989e-01 3.764005597499924249e+00 3.476128104943110309e-01 -3.622421110778571707e-02
3.033722265183931288e-01 -3.570959089092780037e-01 3.877642548654957277e+00 3.004818157427381897e-01 8.108818818445630988e-03
3.124570343165592456e-01 -1.240198662944596575e-01 3.728524817620654908e+00 3.307514072771329250e-01 -1.363195004296598005e-02
3.351900447520987925e-01 -5.669688185524737745e-02 3.611076439562911577e+00 2.892001672127999523e-01 -5.144275377983374004e-02
3.303310120498723634e-01 -2.229626317120643186e-01 3.802327476791784733e+00 3.372283235233210497e-01 -1.998191165750043408e-02
2.971884943696568859e-01 -1.534582738555021197e-01 3.694881481540869039e+00 3.302464967783745320e-01 -1.990279292582942602e-02
3.145804408969877786e-01 -1.572112064911935780e-01 3.689063924832037156e+00 3.326467978398999770e-01 -2.653534924243127271e-03
2.824492823422742327e-01 -3.006273162179157743e-01 3.743077730287208027e+00 2.060062577751983204e-01 4.707692026677684494e-02
3.068605858577845291e-01 -1.720783086464164335e-01 3.679021420528079567e+00 2.999404366742344230e-01 -2.376701841092677958e-02
2.924443366866841254e-01 -4.100725701599151063e-01 3.956992728496245171e+00 2.503042561161452628e-01 -2.975897174367596668e-03
3.095677574319388170e-01 -2.211664906826702748e-01 3.748752662127606605e+00 2.566606749788031827e-01 -3.038916658983351060e-02
3.454836287275862006e-01 2.201314466420687121e-01 3.407117961183106392e+00 4.366939484240662805e-01 -5.968995616377419794e-02
3.063646358532498559e-01 -1.765498981585075233e-01 3.728827257399164097e+00 3.255092436068299788e-01 -3.693665398737254468e-02
3.062899605918255608e-01 -1.778561957052222087e-01 3.732953826129165709e+00 3.143268104179304800e-01 -1.976149486819431950e-02
2.812327227254752260e-01 -3.733560500585889619e-01 3.919266019955613523e+00 2.108756686257670099e-01 2.789974253168839638e-02
3.057163267670106599e-01 -1.482508078162511622e-01 3.650891161643027516e+00 2.602447676986004432e-01 -3.345021803827429030e-02
3.217310892499726238e-01 -2.613413821448635765e-01 3.797149170083223169e+00 3.033182513509228295e-01 8.816406681160000522e-03
3.113874817342237034e-01 -5.742086460752873767e-02 3.618489792070271438e+00 2.793326105710708940e-01 -2.656159632267012655e-02
3.185767925091624320e-01 -1.572052536196702488e-01 3.740832038873838528e+00 2.976593032205555600e-01 -6.289801200118268210e-02
3.095696090093841280e-01 -1.848629443960530250e-01 3.747527431311649337e+00 3.148490291618055714e-01 -2.101578070196718009e-02
3.151036018192197030e-01 -1.657078527868124374e-01 3.727049030517090245e+00 2.803281522035966367e-01 -4.486236960402519014e-02
3.048051191296392570e-01 -1.665217286027945165e-01 3.724752246767205843e+00 3.083391556584201831e-01 -3.162668887612377078e-02
2.991752859321254454e-01 -2.586875905479724680e-01 3.833287023295996132e+00 2.911153094197771463e-01 -5.717200923923328008e-03
3.387984464587020517e-01 -8.364232447163741369e-02 3.631849818421645448e+00 3.874544661677647994e-01 -5.037430600411089629e-03
2.967806636571119761e-01 -2.002191352861472096e-01 3.739655133309998991e+00 2.564211928701614074e-01 2.284372597677900019e-03
3.192139760905071122e-01 -1.140304147186932543e-01 3.670767600876178705e+00 3.869186873656940140e-01 -4.713884765182556336e-02
3.048911364255481593e-01 -2.096934739272753312e-01 3.742766133709682030e+00 3.307251658214541701e-01 -1.086329059022534196e-02
3.057465766148639297e-01 -3.787330005320054260e-01 3.910656515112393095e+00 2.593399839488665926e-01 -1.049486090589247037e-02
3.355815391784856550e-01 -5.656965620989401478e-02 3.628826921594845878e+00 3.721812569287940575e-01 -4.035214634807159778e-02
3.126339726630038007e-01 -6.521960349629786491e-02 3.639861553956877493e+00 3.476135834352757081e-01 4.617466973613630447e-03
3.217755338495846829e-01 -1.359502518271173965e-01 3.672464165839894878e+00 3.620616697953386032e-01 -2.724059661961412970e-02
3.075983255070456335e-01 -3.661204979879471022e-01 3.880394653218330436e+00 2.347768746105990956e-01 3.508961275798908042e-02
3.204402522548757681e-01 -3.343889077143759325e-02 3.657146689934138717e+00 4.176355101387391744e-01 -9.382249341362340622e-02
3.136028770944454536e-01 -1.512219736236414258e-03 3.561337959174290635e+00 3.140007767791537785e-01 -6.870217649276406935e-02
3.292131355522268654e-01 -1.957872417038390989e-01 3.710456160205173326e+00 2.991634633853832437e-01 -4.019929294992885538e-02
3.126117796315209252e-01 -1.440373408721449255e-01 3.775072948632798742e+00 3.565132622650067917e-01 -4.530703281237599689e-02
3.347843424212137431e-01 -2.049235670657167940e-02 3.596583536837882011e+00 4.108698258137978288e-01 -3.580266322113724586e-02
2.940354109427079643e-01 -2.768972030476500867e-01 3.777340270163050739e+00 3.128027105287530807e-01 3.273734414375069346e-03
2.876238174784461199e-01 -3.095058840080006091e-01 3.807053305576074909e+00 2.929134000192489262e-01 2.971208312637595855e-02
3.155134865837121994e-01 -1.234122805230559727e-01 3.667045286169570151e+00 2.647519638598326841e-01 -4.177057496180044960e-02
2.878744966408139927e-01 -3.480904160970001993e-01 3.803329589624861118e+00 2.433351027020606294e-01 -6.325127889351828125e-03
2.968115235956532705e-01 -3.870106149568955933e-01 3.839136090025157433e+00 2.434542049218618998e-01 1.128721525822429239e-02
2.921785502220594077e-01 -1.936803750183487272e-01 3.752122508003771895e+00 2.682260051953781477e-01 -1.289609361969969170e-02
2.843389150916320052e-01 -1.271133833420269865e-01 3.616543264787172696e+00 2.633099510234709340e-01 8.170865717081018942e-03
3.061620071460382508e-01 -2.597986149633049191e-01 3.755745579897593611e+00 3.001233605368862634e-01 6.815847503841929861e-03
3.025082601847751684e-01 -1.571495966161889635e-01 3.737599192602938381e+00 3.578058618745914021e-01 -3.781421187269289746e-02
3.016620121479332561e-01 -2.633586229742102547e-01 3.781393402391259873e+00 3.045636842469007788e-01 -1.162745028458071067e-02
3.121455418277162552e-01 -1.190348492018799414e-01 3.683248498077071442e+00 3.141107422679387806e-01 -2.517827556538957887e-02
3.224512115837310233e-01 -1.406194477748502480e-01 3.631473092305486539e+00 4.144546347459742708e-01 -1.003244429226232519e-02
2.996981507692820790e-01 -1.739749362404052757e-01 3.758086954829237492e+00 2.929806990196943128e-01 -2.747115353643839186e-02
2.918687382744376557e-01 -2.770175528071010529e-01 3.811011552418227311e+00 3.371294260349018690e-01 -1.756150107543322930e-02
3.120923974404571921e-01 -1.531737163995370576e-01 3.725916590048889088e+00 3.336696927600835139e-01 -2.767490289139589582e-02
2.728441195551618570e-01 -3.437467494093653375e-01 3.828610451247813184e+00 2.260798109468914741e-01 -2.225425628158160529e-03
3.204093495427012828e-01 -1.221644360346698932e-01 3.716852717555906960e+00 4.001507257966531728e-01 -1.587047973537221782e-02
3.131827855769060975e-01 -2.700232244410770144e-01 3.824621460451024912e+00 3.055524535034151445e-01 -6.735008784273374335e-03
2.959972092756816275e-01 -2.017727990808106386e-01 3.704012898276546117e+00 2.900829798971225615e-01 -3.332310043391854826e-02
3.190574549790319847e-01 -2.183938274488866904e-01 3.775825019558981310e+00 3.208514811448058279e-01 -2.315043249517612783e-02
2.951114291597317085e-01 -1.406046782177195753e-01 3.688295153693045059e+00 3.459290831321308879e-01 -4.841889851158114044e-02
3.049221546880345746e-01 -1.803328140689317571e-01 3.730061639034630172e+00 2.815042544462782459e-01 -3.012791228995769996e-02
3.272053939046569715e-01 -1.225795083240201339e-01 3.735261495216595673e+00 3.753250096516023149e-01 -2.368117524111205963e-02
3.466805185429621128e-01 -5.212585654986003070e-02 3.666258299534602472e+00 4.083139917452566769e-01 -6.580759355366806729e-02
2.911218500441264401e-01 -3.456674489481249557e-01 3.853445131860194106e+00 3.114005065116797755e-01 2.504261031732165493e-02
3.123346162230958289e-01 -3.535283776508308939e-01 3.926121008873798779e+00 3.183767126646777634e-01 -5.069194680503583128e-03
3.019866626306610402e-01 -3.454512080022933418e-01 3.864229296731631180e+00 3.347482923994120618e-01 -3.756388755301076632e-02
3.681672342987731827e-01 2.130585456514903775e-02 3.678785609429414460e+00 4.349039511696818905e-01 -1.054856397525879286e-01
3.329851949638609199e-01 4.208614199763310859e-02 3.575888684575390997e+00 3.596479024991183215e-01 -3.973702327627508940e-02
2.960182885140360542e-01 -4.029645824038737278e-01 3.937263531203010647e+00 2.047620243664617368e-01 9.634197941559993761e-03
3.253905918705058409e-01 -9.267694003987557438e-02 3.692146986981959866e+00 3.247309947926041995e-01 -3.929608130241485364e-02
3.272087443633793780e-01 -9.259575503407030395e-02 3.697219531744343257e+00 3.298449788605746780e-01 -5.800414010724917052e-02
3.037736117711265504e-01 -4.319319664156742733e-02 3.539041725296140584e+00 3.630418051443266569e-01 -5.002255055256712296e-02
2.972739370309955276e-01 -2.418461179328984245e-01 3.747426961140462254e+00 2.512618518361425801e-01 7.647363055051401709e-03
2.940456004866164319e-01 -2.701667914838736806e-01 3.867309827840795577e+00 2.501102069501421887e-01 1.091179593357706132e-03
3.214064925490226488e-01 -2.288242614772051375e-01 3.798695309624875005e+00 2.872423839943034629e-01 -2.658666158337705254e-02
3.102312416138719442e-01 -1.982804966520677337e-01 3.765691178128816929e+00 3.035991936193121465e-01 2.744367030918952455e-03
3.185323972082321764e-01 -1.112121981676600646e-01 3.713342839616367907e+00 3.430465166875681926e-01 -8.472563739558755525e-02
2.816456274601075727e-01 -3.769620500292358845e-01 3.914949425588946319e+00 1.996909657401431948e-01 -2.389255365654374685e-03
3.066321143668733762e-01 -1.563299233519297171e-01 3.712965688524941577e+00 3.246888083612925469e-01 -2.036732066759665630e-02
2.667968772833503310e-01 -5.224107123997339119e-01 4.006234456383388931e+00 1.604948353506348291e-01 5.489312273747579823e-02
3.488495726870177727e-01 1.375610663898374775e-01 3.453105454172181510e+00 4.132638450006452802e-01 -6.587491016295482504e-02
3.247928598791605115e-01 7.518853006304587749e-03 3.558235571470672820e+00 3.110872363259189477e-01 -2.921814447274924398e-02
3.292883450437369963e-01 -1.382705521436352059e-01 3.723361191490927258e+00 2.792212537339361367e-01 -1.355016058994512954e-02
2.995242800068877442e-01 -2.004254651891013428e-01 3.770661489938412547e+00 2.868374942564602126e-01 -2.110708257157886333e-02
3.405848311309481180e-01 -5.132182636271409581e-03 3.656521129139068904e+00 3.849982300030690974e-01 -1.000480798610580008e-01
3.121678371039648403e-01 -2.997545164894335201e-01 3.871489525452002312e+00 2.390215731521008746e-01 -2.871706198113777725e-02
3.143343571286696947e-01 -4.056946684730183827e-02 3.631624720642669057e+00 3.622402601219815721e-01 -1.840342514011035491e-02
3.087839553027142969e-01 -1.348718628617055493e-01 3.667325205018213019e+00 2.415287771166503561e-01 -1.653513438538125116e-02
3.220568771696653565e-01 -8.498570773839259074e-02 3.712078374739038011e+00 3.146359405780205787e-01 -2.158520137745709513e-02
3.240214865735411287e-01 -1.627342961523350617e-01 3.746029883673012151e+00 3.476787642273557188e-01 -5.999736651977700258e-02
3.454430823042945464e-01 -3.308384773832832859e-02 3.610478056183529905e+00 3.620941458192660778e-01 -7.730519443705098637e-02
3.111171089870530815e-01 -1.357203119192092744e-01 3.722413658278216353e+00 3.390719069178912415e-01 -6.611247859839398944e-02
2.758855701075729749e-01 -4.317481328834495979e-01 3.934714210720811511e+00 1.821298530639956226e-01 1.469622657514085134e-02
3.704102613548634348e-01 3.384475648530384240e-02 3.586170402513472855e+00 3.886125992902931259e-01 -3.691422307338144970e-02
3.127106930302687715e-01 -1.332634797431820339e-01 3.657765063710166409e+00 3.158486232328352461e-01 -2.057815816254226007e-02
3.185737091195299242e-01 -6.468230582426322262e-02 3.616223209488701684e+00 2.968530316304312522e-01 -1.990060103812528458e-02
2.927213035687321052e-01 -1.371490924599409744e-01 3.689919978771640796e+00 3.282802566394565358e-01 -3.363340127874654695e-03
3.439003855581773683e-01 -4.264747398347243368e-04 3.647161244602314056e+00 3.776741570607712872e-01 -3.340825472646784255e-02
3.098641107492237090e-01 -1.405875093775450224e-01 3.685447195957428423e+00 3.078833906620668803e-01 -2.908698017928856849e-02
3.008797083936657346e-01 -2.349559347732520509e-01 3.816601214101232653e+00 2.007675583134169717e-01 -5.943187340563891446e-02
2.936206954535832692e-01 -1.968621785116684286e-01 3.720611418946512483e+00 2.774658927324908930e-01 -4.484245325117414138e-02
3.314680418090819591e-01 5.037892126571291707e-02 3.581194011790913123e+00 4.336254545440196839e-01 -8.322406210377800151e-02
3.133952060913519078e-01 -1.669775612840549706e-01 3.722118578101108799e+00 2.528420976916292418e-01 1.548727219095508145e-02
2.866551008106207332e-01 -1.725355191681955946e-01 3.741807873740238488e+00 2.659809334304108486e-01 -7.108820585015620218e-03
3.300710177513604959e-01 1.459405922028253477e-02 3.594126633835146745e+00 4.286688123867770095e-01 -4.619005947305424020e-02
3.204532586024515517e-01 -1.711526762598273854e-01 3.718846445503394715e+00 3.467326344924829273e-01 3.943741816592537253e-03
3.112985791586729278e-01 -2.204956561506675183e-01 3.816233117974690447e+00 3.835589713040800652e-01 -2.164698695144481877e-02
3.163174905138312343e-01 -1.402662661009149159e-01 3.635439078573852623e+00 2.713910884722567918e-01 9.994463331923849822e-03
3.137444830568452692e-01 -1.376401957248963581e-01 3.699814126427700245e+00 3.317648854241512235e-01 -6.260036422230798314e-02
2.985545689630484945e-01 -2.663586884557282985e-01 3.759857912651726863e+00 3.035959013468629841e-01 2.736287072481216609e-02
2.729733520294340132e-01 -3.269788214216315936e-01 3.809525747451550703e+00 2.430210399954745859e-01 1.724623936044728661e-02
2.857469410683611821e-01 -3.357148847268018321e-01 3.852947178393131722e+00 2.038039260524897034e-01 2.662313504866448133e-02
3.175993009415697954e-01 -1.815477079314693487e-01 3.744570672881987417e+00 3.019972272557790438e-01 -2.047163025786658680e-02
3.239003073700353896e-01 -1.150460865695673157e-01 3.731534165442511597e+00 3.218014894068602638e-01 -1.697140650572638576e-02
2.841490368186652682e-01 -4.221835170525954917e-01 3.934773304558393026e+00 2.393679846198204508e-01 -5.570200988293971811e-03
3.151872018335667991e-01 -1.946670805680394134e-01 3.693588396038864019e+00 2.790627497070409246e-01 -2.884171808944199777e-02
3.049450666767847817e-01 -2.918690754249650965e-01 3.820269028579503789e+00 3.259836697655974502e-01 1.056662824065976621e-02
3.334204523144204679e-01 1.055509852058140324e-01 3.574315875711859825e+00 3.984973348797847814e-01 -7.761702184458423026e-02
3.092876319348140668e-01 -8.893835526812726711e-02 3.680240091853820505e+00 3.164708398449474491e-01 -4.117845814620012257e-02
3.014984963513047678e-01 -2.112855474000995271e-01 3.729636802027617826e+00 2.920271937038789734e-01 -1.171901020267495687e-02
3.263338427584340229e-01 -1.724251063153361407e-01 3.727699404616164003e+00 2.817103782357314179e-01 -2.523811010759662021e-02
3.080523615329864295e-01 -1.762067108341416333e-01 3.728900623573805806e+00 2.491366763450564570e-01 -6.004650562314213513e-02
3.231595211659060163e-01 -1.180841003683826829e-01 3.704619013055808097e+00 3.832809147414543149e-01 -1.381317638234608527e-02
2.715206260080970657e-01 -3.791246370641949692e-01 3.935870681919537706e+00 2.767906476965931173e-01 -1.738282130190841462e-04
3.063947816872639729e-01 -2.830261217081202485e-01 3.789631026402934033e+00 2.553733074769233280e-01 -4.408991607240934224e-02
3.018393538593070469e-01 -2.859173963129184592e-01 3.809491294380356052e+00 2.645758401808899762e-01 -5.562893517922426478e-03
3.091904908037100830e-01 -2.343824087693087421e-01 3.826566997900191058e+00 3.437205958145927442e-01 -5.698807705353385600e-02
2.907741357259974180e-01 -2.944787105744203215e-01 3.864951641586395592e+00 2.876099960588262006e-01 -3.149939967586389000e-02
2.855732362899048860e-01 -3.545999359864113187e-01 3.830289484911094444e+00 1.566986468460737636e-01 4.617568074585997467e-02
3.021049669260852943e-01 -2.767642059118780584e-01 3.736361137286875689e+00 2.499901417137169179e-01 1.563734849054775056e-03
3.377634918104390760e-01 -9.806441574741708855e-02 3.651620620206591727e+00 3.142665752748814434e-01 1.174980595905238817e-02
3.372984436076288950e-01 8.697354945817559191e-02 3.519801663259110036e+00 4.041731377587555185e-01 -8.853243943540056726e-02
3.061014378923268553e-01 -3.074977033486536726e-01 3.799614000898928534e+00 2.008491600627552165e-01 -7.106103290251193638e-03
2.933119101234866744e-01 -1.408708943113685108e-01 3.717203050433710576e+00 3.227551616091243192e-01 -7.440393896299430515e-03
2.929582621348839622e-01 -2.017100350241352869e-01 3.764906848113133364e+00 2.828836479160655726e-01 -3.812300015652381191e-02
2.979195068389052237e-01 -1.570435305759272926e-01 3.716758905709592664e+00 2.446869303842233445e-01 -1.140573639430781348e-02
3.214309376768889615e-01 -2.941542990982871641e-01 3.832321722415526821e+00 2.687984268350107064e-01 -1.064824461910143794e-02
2.976626165231543997e-01 -1.772099113447727081e-01 3.748887930621617404e+00 2.837771996021050680e-01 -3.831611783647177055e-02
3.335225440423664200e-01 -1.210027524808715560e-01 3.677027862482486142e+00 3.332142726523449339e-01 -6.127588513412296489e-02
3.197845003429623523e-01 -2.612121296709399854e-01 3.819749489335002135e+00 2.925354755959015396e-01 -1.924047192580971219e-02
3.243906993679053774e-01 -2.830816253779285807e-01 3.870146381026538851e+00 3.549192531574573151e-01 -3.130291221379540717e-02
3.382609371499882833e-01 5.409945373214057607e-02 3.552537080192121888e+00 4.094047084608433140e-01 -6.230574885232391391e-02
3.175008839197381305e-01 -1.677921846331806577e-01 3.758609962114146441e+00 2.812730289823235363e-01 -3.444544195896683675e-02
2.907199752523900727e-01 -2.831792794466808649e-01 3.816703902679945859e+00 2.573383069542357071e-01 2.869496359824458276e-02
3.292426338269350272e-01 2.631238955694431558e-02 3.634125613799178200e+00 4.175959913441841254e-01 -5.598786406392991521e-02
2.995640101468215466e-01 -3.352489065310719774e-01 3.821071423037071035e+00 2.027697850186447603e-01 -3.793724652600060504e-02
3.048334073902757568e-01 -2.532974748208278726e-01 3.734539737097796408e+00 2.613871086435984314e-01 9.726497695691612572e-03
2.905460927192761722e-01 -1.782689324601751668e-01 3.704891125919017369e+00 3.027910012401022755e-01 1.642431151333140216e-04
2.880249090368918186e-01 -9.604795204755456339e-02 3.603187333817742033e+00 2.362164426976063880e-01 -2.219935331869959255e-02
3.036700717932908078e-01 -3.007842256381281221e-01 3.849797382908098253e+00 2.769377885071290235e-01 -1.156456678984015170e-02
3.182520894251094634e-01 -1.033016336159118809e-01 3.659857056801181674e+00 2.642795852385791955e-01 -5.322275983590771253e-02
2.948557872940526514e-01 -3.750754238203498625e-01 3.881929037358522461e+00 2.670240115663663483e-01 -1.744604778273845316e-02
3.127447020341524442e-01 -6.140306174660997707e-02 3.644414478700328530e+00 3.295764099431300331e-01 -5.648096688696335743e-02
3.069718001594212708e-01 -2.207844623863675082e-01 3.839398098672708759e+00 3.244049187644613697e-01 -5.103812130305987460e-02
3.103230386444617572e-01 -6.196576472733353325e-02 3.679177189869924813e+00 4.031508665465517449e-01 -2.242749326898418535e-02
3.156883444030399444e-01 -1.543317040140937957e-01 3.721621207834186151e+00 3.586387953796203454e-01 -6.597983594851522526e-02
3.533069704317562398e-01 2.505312789569026921e-01 3.378003535119087797e+00 5.016646902122317009e-01 -8.727543097067669287e-02
3.038915048125069851e-01 -2.175701127466183049e-01 3.767514116471796903e+00 2.553212245830015492e-01 -2.651463627617997240e-02
2.791581692417974270e-01 -4.532220397196732309e-01 3.944958427197103212e+00 1.409355611834613997e-01 4.175624167717281038e-02
3.072703587290085969e-01 -3.298296154525562907e-01 3.890843000929474993e+00 2.396527147315437589e-01 -1.070428439029394094e-02
2.994231624279438120e-01 -2.295542558672734601e-01 3.777420748809573237e+00 2.883445273964247435e-01 -2.148013903717625045e-02
3.100472563600289444e-01 -5.909144832080842624e-02 3.635121991658878837e+00 3.553865681572283552e-01 -4.655461880921044071e-02
3.166688295593241831e-01 -2.249858204994672761e-01 3.817101004959761124e+00 3.387034738298948522e-01 -2.727765681393535396e-02
2.709149530932930539e-01 -4.878462616162858034e-01 3.961600254378152997e+00 1.409254160005548595e-01 8.012650346121961975e-02
2.908443837539930743e-01 -4.012763067895865898e-01 3.845995076467560558e+00 2.140811797730308164e-01 5.197841572377171621e-02
2.758733433116599132e-01 -4.291135993173243457e-01 3.914242993172416529e+00 2.070194461668449781e-01 1.969902643152330116e-02
2.922611442793534020e-01 -2.515330945121118100e-01 3.813293763254917756e+00 3.014100895790629009e-01 -4.650816013142176908e-02
2.974219560091863612e-01 -2.443880101130230242e-01 3.746214598165210408e+00 3.022463356408016666e-01 -4.216501758226950947e-03
3.246967819323371418e-01 -1.222757304422250335e-01 3.704070671626658040e+00 3.894805583838914509e-01 -4.979865931529831730e-02
3.067247413390519761e-01 -9.663146228250343861e-02 3.704529304944158330e+00 3.403134251116790021e-01 -4.214291009731960247e-02
3.025265078649213013e-01 -2.382798937617125468e-01 3.760192471803549985e+00 3.179163015939246439e-01 -3.784707535204279855e-02
3.176838796685945709e-01 -6.302607230892191825e-02 3.674174242827877190e+00 3.669790655495844267e-01 -6.045109853200441447e-02
3.358747644647552821e-01 -9.152691105462654186e-02 3.628763019013556246e+00 3.833442259351625969e-01 -7.087492563252387190e-02
3.163347119775177241e-01 -1.748985622705580278e-01 3.694557377840895995e+00 2.706889530910613351e-01 -1.711406593024301925e-02
3.004041617948053355e-01 -3.402083222815682761e-01 3.909392833765519715e+00 3.627795443258576280e-01 2.667292646115343446e-04
2.818748809009195555e-01 -4.305309843756843780e-01 3.882420594558375626e+00 2.459249725954030796e-01 -9.728547067736473264e-03
3.263035973535274858e-01 -1.034039408476149918e-02 3.613560362131034154e+00 3.719621342717633894e-01 -9.636706535750035052e-02
3.220844391589730016e-01 -9.451051568280088855e-02 3.640998278196923899e+00 2.555652641599100439e-01 -1.155811179290933827e-02
3.276334371761562281e-01 -1.112118977539502951e-02 3.585589476675644871e+00 3.966733757939469585e-01 -3.263330003126316270e-02
2.941907353768374866e-01 -4.343515952187170792e-01 3.962904276361042921e+00 2.473230385795596176e-01 2.488010544169796251e-02
3.207165226702346494e-01 -1.181763921302193959e-01 3.664605122681397376e+00 2.684428314847448482e-01 -8.230655866831150524e-02
2.885894912088630138e-01 -2.825503121843996324e-01 3.797167559245012480e+00 2.396133188629581690e-01 -2.943383607160854343e-02
3.080190128477633960e-01 -1.054363397129876867e-01 3.687938048690897030e+00 3.214986025160524452e-01 -1.990153210132395920e-02
3.281652404108181820e-01 -1.572241529242995595e-01 3.717025428053304381e+00 4.085398513352992422e-01 -4.470582022978523973e-02
3.073006205263922874e-01 -2.586158461039411716e-01 3.834221223568728298e+00 2.853035021782542313e-01 6.019464872337391970e-03
2.902478218168916824e-01 -2.619438294911881071e-01 3.799507803320229637e+00 2.692103799576340273e-01 3.624569187374206136e-02
2.979913279890409883e-01 -3.132294600987839406e-01 3.823023701016249554e+00 3.019579498765003756e-01 -2.742328846779707591e-02
3.022050127295779487e-01 -1.133111760624077036e-01 3.593114415074759815e+00 2.907607721189264249e-01 -4.709578794240427621e-03
3.018264374859972454e-01 -2.258567122067781374e-01 3.763880817607065055e+00 3.410010439187211029e-01 1.692262286350807582e-02
2.932703345126357886e-01 -3.334257620171764414e-01 3.843649103050531313e+00 2.890471231111602091e-01 -1.362924719002375079e-02
2.909645029531907068e-01 -1.329466889320728429e-01 3.617393125995877146e+00 2.798277866523101731e-01 -4.718736125773292239e-03
3.009716330356732028e-01 -2.480159371836212490e-01 3.738649499270664034e+00 2.512182186763341485e-01 3.292761000745351996e-02
2.859354417218781252e-01 -3.292230743854293595e-01 3.863166371017562106e+00 2.813653469068793656e-01 -4.022209470367849385e-03
3.472228539905659050e-01 4.590980291061602658e-02 3.531221512276289332e+00 3.653514136200251006e-01 -2.567487831481420416e-02
